run_id,artifact_name,path_in_zip,page,theme,device,font_scale,language,width,height,sha256
36816998537,shots-phone-landscape-a,phone-landscape-a/home__celestial_meridian__phone-landscape__100.png,home,celestial_meridian,phone-landscape,100,English,2272,954,e1ba2e6e6dc9c272474b0ca8c22bdca9d1d4d3869e28445ee16415d59fa9e86d
36816998537,shots-phone-landscape-a,phone-landscape-a/home__celestial_meridian__phone-landscape__100__ur.png,home,celestial_meridian,phone-landscape,100,Urdu,2272,954,2a98ec859dc08d8455f457dc1a16265131b07856fa88d594e6c493c80ea5d7f9
36816998537,shots-phone-landscape-a,phone-landscape-a/home__celestial_meridian__phone-landscape__130.png,home,celestial_meridian,phone-landscape,130,English,2272,954,e4de95c7c528ffa7f667a9018f375b61055c99a091d486b3855704a6a0c8d1c6
36816998537,shots-phone-landscape-a,phone-landscape-a/home__celestial_meridian__phone-landscape__130__ur.png,home,celestial_meridian,phone-landscape,130,Urdu,2272,954,4dcf84997b7625a4e7988a494846c1412474e881b13f9b7b19f2a9b5a4d4941b
36816998537,shots-phone-landscape-a,phone-landscape-a/home__celestial_meridian__phone-landscape__200.png,home,celestial_meridian,phone-landscape,200,English,2272,954,a3bb7f08b14ce239ba7c188626accb2372438f7fc700faade88269ed0aa8e8e4
36816998537,shots-phone-landscape-a,phone-landscape-a/home__kiswah__phone-landscape__100.png,home,kiswah,phone-landscape,100,English,2272,954,97ff8812267cc67742180ac34679dceb3ce7aca4998db3c2860060165d495e7c
36816998537,shots-phone-landscape-a,phone-landscape-a/home__kiswah__phone-landscape__100__ur.png,home,kiswah,phone-landscape,100,Urdu,2272,954,499b1993bb41574c75368bb696605aa651f03795b4caaeb7928cfe0a8d8a045b
36816998537,shots-phone-landscape-a,phone-landscape-a/home__kiswah__phone-landscape__130.png,home,kiswah,phone-landscape,130,English,2272,954,084d09f4d008a17dd2a4f19312e3160a3d06b112e9e1d4513bcb502f459d7aee
36816998537,shots-phone-landscape-a,phone-landscape-a/home__kiswah__phone-landscape__130__ur.png,home,kiswah,phone-landscape,130,Urdu,2272,954,ca2a2198b2a0d25fac7fd3c23780e2aee66a994cf2eca238d06ae89e6c023613
36816998537,shots-phone-landscape-a,phone-landscape-a/home__kiswah__phone-landscape__200.png,home,kiswah,phone-landscape,200,English,2272,954,13edc3d6a7e23257c79effd0f08dec5b6c5e78ac286622472c5fa01e72cc07f5
36816998537,shots-phone-landscape-a,phone-landscape-a/home__miqaat__phone-landscape__100.png,home,miqaat,phone-landscape,100,English,2272,954,77b08f8ee790bec4d282980c4f7641e47baa0637d9b24fb06d8fef5fd27fb7c2
36816998537,shots-phone-landscape-a,phone-landscape-a/home__miqaat__phone-landscape__100__ur.png,home,miqaat,phone-landscape,100,Urdu,2272,954,7112ffcec3f62f4ff983b1a5409b47f01b8fdb0f9765915a754b21bc97246542
36816998537,shots-phone-landscape-a,phone-landscape-a/home__miqaat__phone-landscape__130.png,home,miqaat,phone-landscape,130,English,2272,954,5b29296b860da7aba8f8d4cfada6d0ccec44fde8944346477baac1a041ec06d9
36816998537,shots-phone-landscape-a,phone-landscape-a/home__miqaat__phone-landscape__130__ur.png,home,miqaat,phone-landscape,130,Urdu,2272,954,6dd87ebd189164b93ee07ec9818236f47ed21eeb2455c45ec711a0a4fd1320ae
36816998537,shots-phone-landscape-a,phone-landscape-a/home__miqaat__phone-landscape__200.png,home,miqaat,phone-landscape,200,English,2272,954,7ab2ebaf5429675be1ec73ca8c4f056a6548dd2fbfc8687ba0800ec282866be6
36816998537,shots-phone-landscape-a,phone-landscape-a/home__prayer_gallery__phone-landscape__100.png,home,prayer_gallery,phone-landscape,100,English,2272,954,951eb115b55677e2b53a832165a31cc5a1ba8c887a1966362ccb8309829a48c3
36816998537,shots-phone-landscape-a,phone-landscape-a/home__prayer_gallery__phone-landscape__100__ur.png,home,prayer_gallery,phone-landscape,100,Urdu,2272,954,6af1f91d0d69e6aeeff06d7156ac4b632c80b1bd552884e37b1be739e338d81a
36816998537,shots-phone-landscape-a,phone-landscape-a/home__prayer_gallery__phone-landscape__130.png,home,prayer_gallery,phone-landscape,130,English,2272,954,f2fdf03f6c3f875cc3f24dd3fcb634041902b5b4fc8079e3f3ff0638165f8d3e
36816998537,shots-phone-landscape-a,phone-landscape-a/home__prayer_gallery__phone-landscape__130__ur.png,home,prayer_gallery,phone-landscape,130,Urdu,2272,954,b513132b414ef2cd8bb1995aed31cb76d76c4820c6de9258a2a8ffc8ea11b5f8
36816998537,shots-phone-landscape-a,phone-landscape-a/home__prayer_gallery__phone-landscape__200.png,home,prayer_gallery,phone-landscape,200,English,2272,954,405820d931427c0e5423162f9cb7f1c82d39a6a9ae331c2befb1422696c19899
36816998537,shots-phone-landscape-a,phone-landscape-a/state-ready__celestial_meridian__phone-landscape__100.png,state-ready,celestial_meridian,phone-landscape,100,English,2272,344,3daea57d60cb0d734e696a852b66484a2c811357eb69d8e2af7e7eaea931095d
36816998537,shots-phone-landscape-a,phone-landscape-a/state-ready__celestial_meridian__phone-landscape__200.png,state-ready,celestial_meridian,phone-landscape,200,English,2272,954,82fc4fcfbc38696098daffcba7303d7dacb01afecece73b82feaba0aa0d627de
36816998537,shots-phone-landscape-a,phone-landscape-a/state-ready__kiswah__phone-landscape__100.png,state-ready,kiswah,phone-landscape,100,English,2272,344,135463473dd87bcd6c288f536906697585103f8a05e56186c4b5fa8c6b3fb32e
36816998537,shots-phone-landscape-a,phone-landscape-a/state-ready__kiswah__phone-landscape__200.png,state-ready,kiswah,phone-landscape,200,English,2272,954,44c458fee0cb672d48db6e8d97619ceb7c1f270f96dd978acbcceaf8cfa2c8f1
36816998537,shots-phone-landscape-a,phone-landscape-a/state-ready__miqaat__phone-landscape__100.png,state-ready,miqaat,phone-landscape,100,English,2272,344,164729aebdb3adf31a7e3ddf13bdad868cd904185b8f4385a2c7fa2ea61b0afc
36816998537,shots-phone-landscape-a,phone-landscape-a/state-ready__miqaat__phone-landscape__200.png,state-ready,miqaat,phone-landscape,200,English,2272,954,081c6505180986b131894fbbfe71078e6db25ca4536b8a1ae227f0e8afb8dd81
36816998537,shots-phone-landscape-a,phone-landscape-a/state-ready__prayer_gallery__phone-landscape__100.png,state-ready,prayer_gallery,phone-landscape,100,English,2272,344,8624dbf8ee650da65c027d4340673044521d926996f0fe3ed32eaa1f005b6723
36816998537,shots-phone-landscape-a,phone-landscape-a/state-ready__prayer_gallery__phone-landscape__200.png,state-ready,prayer_gallery,phone-landscape,200,English,2272,954,6da65e5a4c13ed36ebb3c811cf1f17c17367e5e26751e302c06407ac7e5f359f
36816998537,shots-phone-landscape-a,phone-landscape-a/state-warning__celestial_meridian__phone-landscape__100.png,state-warning,celestial_meridian,phone-landscape,100,English,2272,394,d33756b54aa12c22e926d9b98a4add41b3a86762eb14c3b7732ea58cebc7204c
36816998537,shots-phone-landscape-a,phone-landscape-a/state-warning__celestial_meridian__phone-landscape__200.png,state-warning,celestial_meridian,phone-landscape,200,English,2272,954,a9ac79f4163049ccd4775d989d9b7d864ff03e9a38820b3ccf38d340000c06ed
36816998537,shots-phone-landscape-a,phone-landscape-a/state-warning__kiswah__phone-landscape__100.png,state-warning,kiswah,phone-landscape,100,English,2272,394,f7011c0c50ffb8b80cb73921f3fe5376cc7bca1e7f48a9322251e8fa0e9d0432
36816998537,shots-phone-landscape-a,phone-landscape-a/state-warning__kiswah__phone-landscape__200.png,state-warning,kiswah,phone-landscape,200,English,2272,954,926db0c1297fc42b1aaaa22e5ad35ec86e6609b5bdd0569a8c744cca253d10c8
36816998537,shots-phone-landscape-a,phone-landscape-a/state-warning__miqaat__phone-landscape__100.png,state-warning,miqaat,phone-landscape,100,English,2272,394,67254f90cf5350fa1f810a128557ab261a32f3f688b37fb14283e9b2d3437384
36816998537,shots-phone-landscape-a,phone-landscape-a/state-warning__miqaat__phone-landscape__200.png,state-warning,miqaat,phone-landscape,200,English,2272,954,96ea60f913104c0b78989f61f90ccaa505aa190f8a4c739cc797034612057a86
36816998537,shots-phone-landscape-a,phone-landscape-a/state-warning__prayer_gallery__phone-landscape__100.png,state-warning,prayer_gallery,phone-landscape,100,English,2272,394,c7bc8e321177e328900527d75817c559e78278fd51ba185bbf0d9549ba23529f
36816998537,shots-phone-landscape-a,phone-landscape-a/state-warning__prayer_gallery__phone-landscape__200.png,state-warning,prayer_gallery,phone-landscape,200,English,2272,954,fb9d6e585635202175816b9677010dc9f805fe1ff3aaa32a39e35eaaa3181619
36816998537,shots-phone-landscape-b,phone-landscape-b/settings-about__celestial_meridian__phone-landscape__100.png,settings-about,celestial_meridian,phone-landscape,100,English,2272,954,582ca8907c06de3deab02b2fd91fb243f4dc1c349f47e20b25ed22398d4c6ed0
36816998537,shots-phone-landscape-b,phone-landscape-b/settings-about__kiswah__phone-landscape__100.png,settings-about,kiswah,phone-landscape,100,English,2272,954,ba5c351a253934324f13a3776ba2ecd0cdb945fac63aba0fc239be1c062613cc
36816998537,shots-phone-landscape-b,phone-landscape-b/settings-about__miqaat__phone-landscape__100.png,settings-about,miqaat,phone-landscape,100,English,2272,954,3f57c4491f351124a1000c4905620ced8294bcac5cc0e0c07713b5ae04ce8ccc
36816998537,shots-phone-landscape-b,phone-landscape-b/settings-about__prayer_gallery__phone-landscape__100.png,settings-about,prayer_gallery,phone-landscape,100,English,2272,954,4c4bba8653433a38546a49c126ecd90fe98d49bc6d2d309fb29e2752e4de5275
36816998537,shots-phone-landscape-b,phone-landscape-b/settings-azaan__celestial_meridian__phone-landscape__100.png,settings-azaan,celestial_meridian,phone-landscape,100,English,2272,954,7d3d63fe9f7decf78603e83160d1d520df87829f7ffa3528e15f9d42c6fde186
36816998537,shots-phone-landscape-b,phone-landscape-b/settings-azaan__kiswah__phone-landscape__100.png,settings-azaan,kiswah,phone-landscape,100,English,2272,954,80ef277d26b0bc9a35cd5814a7b6944a945952bdc3314bec311b7a60da30c6e5
36816998537,shots-phone-landscape-b,phone-landscape-b/settings-azaan__miqaat__phone-landscape__100.png,settings-azaan,miqaat,phone-landscape,100,English,2272,954,ae12a2e103d112c2805e8cb5ee5f271e99edef72a4f9f9c337ad6aa86bebd661
36816998537,shots-phone-landscape-b,phone-landscape-b/settings-azaan__prayer_gallery__phone-landscape__100.png,settings-azaan,prayer_gallery,phone-landscape,100,English,2272,954,c2d2b52c16aac396556c588aa5812af4975700e662942bbb7149b84e137e9680
36816998537,shots-phone-landscape-b,phone-landscape-b/settings-display__celestial_meridian__phone-landscape__100.png,settings-display,celestial_meridian,phone-landscape,100,English,2272,954,594d962257f790f938dc4d210b261df7e6b45951a7f224538eeceffea3790841
36816998537,shots-phone-landscape-b,phone-landscape-b/settings-display__celestial_meridian__phone-landscape__100__ur.png,settings-display,celestial_meridian,phone-landscape,100,Urdu,2272,954,f24e6c4169e8f0f39700d467f1cb1953051da882548cb3c29a4b1c8c668bca93
36816998537,shots-phone-landscape-b,phone-landscape-b/settings-display__celestial_meridian__phone-landscape__200.png,settings-display,celestial_meridian,phone-landscape,200,English,2272,954,24263f65ac3a4b18a2d12325a1a63dd0dd26a1b385ee404a4cf7d608d1e38733
36816998537,shots-phone-landscape-b,phone-landscape-b/settings-display__kiswah__phone-landscape__100.png,settings-display,kiswah,phone-landscape,100,English,2272,954,15638872bce9027214267c3a233c8a7003b2fedae9b56348f938715c7c640ab1
36816998537,shots-phone-landscape-b,phone-landscape-b/settings-display__kiswah__phone-landscape__100__ur.png,settings-display,kiswah,phone-landscape,100,Urdu,2272,954,bdd63b6f0d4e92271b5dada8374502e649bc1eb3d02cf55126325986a6fad2f1
36816998537,shots-phone-landscape-b,phone-landscape-b/settings-display__kiswah__phone-landscape__200.png,settings-display,kiswah,phone-landscape,200,English,2272,954,cca0628d01cf58ed549ebea3aab30589a3d73e72e866a41cdbfc65cb40c4ea10
36816998537,shots-phone-landscape-b,phone-landscape-b/settings-display__miqaat__phone-landscape__100.png,settings-display,miqaat,phone-landscape,100,English,2272,954,bb129476d6557efac72c7284f4997ea3ab7836326a90b979a747e6553c236b9b
36816998537,shots-phone-landscape-b,phone-landscape-b/settings-display__miqaat__phone-landscape__100__ur.png,settings-display,miqaat,phone-landscape,100,Urdu,2272,954,54213e039084c3c99f463cf0f682a9ba95078c4b3142c177b4c30c994ad72564
36816998537,shots-phone-landscape-b,phone-landscape-b/settings-display__miqaat__phone-landscape__200.png,settings-display,miqaat,phone-landscape,200,English,2272,954,120a0212bd801c9887291cd4939317512ea8428887739386f45ee7809e63f6b9
36816998537,shots-phone-landscape-b,phone-landscape-b/settings-display__prayer_gallery__phone-landscape__100.png,settings-display,prayer_gallery,phone-landscape,100,English,2272,954,ef8e673309cd53dc242c410e48e51ade4359273c86d49403a8fb91a5f96ea3b2
36816998537,shots-phone-landscape-b,phone-landscape-b/settings-display__prayer_gallery__phone-landscape__100__ur.png,settings-display,prayer_gallery,phone-landscape,100,Urdu,2272,954,15d240be8ac84141d674b0a6ab3a39e54878fe237f0699ded892b899b1523597
36816998537,shots-phone-landscape-b,phone-landscape-b/settings-display__prayer_gallery__phone-landscape__200.png,settings-display,prayer_gallery,phone-landscape,200,English,2272,954,d8efc1814b5ecbcbc8e9e38032b9c92a772ed24215e1f7726afda01924e7a65b
36816998537,shots-phone-landscape-b,phone-landscape-b/settings-health__celestial_meridian__phone-landscape__100.png,settings-health,celestial_meridian,phone-landscape,100,English,2272,954,60384f844a1b263a5075f38480bd76c2f9fbaecfba57453847eb6cf780ccf220
36816998537,shots-phone-landscape-b,phone-landscape-b/settings-health__kiswah__phone-landscape__100.png,settings-health,kiswah,phone-landscape,100,English,2272,954,4629efc0e68ff6c7d6d9a7ac23c74125a89a78c04d796ca3803d676e02a4eb5d
36816998537,shots-phone-landscape-b,phone-landscape-b/settings-health__miqaat__phone-landscape__100.png,settings-health,miqaat,phone-landscape,100,English,2272,954,69b76a3dab8893c1ff3564a84a43ea4c4704c9d1fb423923eca3f6d4ba31f96f
36816998537,shots-phone-landscape-b,phone-landscape-b/settings-health__prayer_gallery__phone-landscape__100.png,settings-health,prayer_gallery,phone-landscape,100,English,2272,954,094256539e1922bd27c263311fa7a0c32636455ba73386a66abfc3db9912d7f5
36816998537,shots-phone-landscape-b,phone-landscape-b/settings-hijri__celestial_meridian__phone-landscape__100.png,settings-hijri,celestial_meridian,phone-landscape,100,English,2272,954,97811cd3e625887e4129a8ed04f4fc5f797823199f0a763474259b4fd9ad0fbf
36816998537,shots-phone-landscape-b,phone-landscape-b/settings-hijri__kiswah__phone-landscape__100.png,settings-hijri,kiswah,phone-landscape,100,English,2272,954,6dcf5e8a407463446e11f42e658a424e5e3f3ec94b18934970456aacaecb9b54
36816998537,shots-phone-landscape-b,phone-landscape-b/settings-hijri__miqaat__phone-landscape__100.png,settings-hijri,miqaat,phone-landscape,100,English,2272,954,4efee286391eaef03988e8c93a46c39137df92c7119b50fd9a0f9547cc7bfc9b
36816998537,shots-phone-landscape-b,phone-landscape-b/settings-hijri__prayer_gallery__phone-landscape__100.png,settings-hijri,prayer_gallery,phone-landscape,100,English,2272,954,09f86d1650c027ccb900284e42f8b276674fd190421dd5edf471727c0976e742
36816998537,shots-phone-landscape-b,phone-landscape-b/settings-iqamah__celestial_meridian__phone-landscape__100.png,settings-iqamah,celestial_meridian,phone-landscape,100,English,2272,954,3c8026e298dfffbeb9b6528611c5695f137879455c99b983c8348a850d5753aa
36816998537,shots-phone-landscape-b,phone-landscape-b/settings-iqamah__kiswah__phone-landscape__100.png,settings-iqamah,kiswah,phone-landscape,100,English,2272,954,2d5ca22a5e18996d1d6fed4966f1e2935bf8c696aa8a047791aa92b5bf127c33
36816998537,shots-phone-landscape-b,phone-landscape-b/settings-iqamah__miqaat__phone-landscape__100.png,settings-iqamah,miqaat,phone-landscape,100,English,2272,954,bd15a20561b6ee4af03b04d4596a001a11139eed89339d58dd9da1e46865fb15
36816998537,shots-phone-landscape-b,phone-landscape-b/settings-iqamah__prayer_gallery__phone-landscape__100.png,settings-iqamah,prayer_gallery,phone-landscape,100,English,2272,954,39ed43419db0e5edad8545adfbe722c96219674f6a92791e71621f79fd1ff743
36816998537,shots-phone-landscape-b,phone-landscape-b/settings-location__celestial_meridian__phone-landscape__100.png,settings-location,celestial_meridian,phone-landscape,100,English,2272,954,bf1ef69cd2f2cb127f5617d66423c79e27b8944fe86981e4bba731b5add3f879
36816998537,shots-phone-landscape-b,phone-landscape-b/settings-location__celestial_meridian__phone-landscape__100__ur.png,settings-location,celestial_meridian,phone-landscape,100,Urdu,2272,954,98d3ac63910b47a3b87a1a633ed291945a96fbfe98be7ebb73c64939caeb483a
36816998537,shots-phone-landscape-b,phone-landscape-b/settings-location__kiswah__phone-landscape__100.png,settings-location,kiswah,phone-landscape,100,English,2272,954,9a9b2609cd49f05dccc65c85fd31063271a00c50ff9e6c62e8bb89e02030fa6b
36816998537,shots-phone-landscape-b,phone-landscape-b/settings-location__kiswah__phone-landscape__100__ur.png,settings-location,kiswah,phone-landscape,100,Urdu,2272,954,0d0a170e898426fac998bbd784c08ef2bd8728d3f9a4ad62a8f7c4b7cf787c9a
36816998537,shots-phone-landscape-b,phone-landscape-b/settings-location__miqaat__phone-landscape__100.png,settings-location,miqaat,phone-landscape,100,English,2272,954,1096ce7a18e3f18aa9cf6acee7b4506bebd53e8cd3933f52dec09d7b7dd916cc
36816998537,shots-phone-landscape-b,phone-landscape-b/settings-location__miqaat__phone-landscape__100__ur.png,settings-location,miqaat,phone-landscape,100,Urdu,2272,954,075abf5911dac5967110ae7b9d64bf6a6730c633f426555df92f4923357e5b12
36816998537,shots-phone-landscape-b,phone-landscape-b/settings-location__prayer_gallery__phone-landscape__100.png,settings-location,prayer_gallery,phone-landscape,100,English,2272,954,333cbb7609c40d241b1adb6f716f542ca32a4f41ea232ef6df3d31423c180b5b
36816998537,shots-phone-landscape-b,phone-landscape-b/settings-location__prayer_gallery__phone-landscape__100__ur.png,settings-location,prayer_gallery,phone-landscape,100,Urdu,2272,954,c4db195bef29a1592f57993439dc5ecd2f922fb75c720bfe2c45143e680cf56e
36816998537,shots-phone-landscape-b,phone-landscape-b/settings-privacy__celestial_meridian__phone-landscape__100.png,settings-privacy,celestial_meridian,phone-landscape,100,English,2272,954,2fdbc4dedfeb8287176d05e904439ced379e4d8ac24b0165708675e3c562d2e3
36816998537,shots-phone-landscape-b,phone-landscape-b/settings-privacy__kiswah__phone-landscape__100.png,settings-privacy,kiswah,phone-landscape,100,English,2272,954,350ccfbbfbc0d973fc6b6d7bd241402532f8014bc6bc10cb9734090b4189f81c
36816998537,shots-phone-landscape-b,phone-landscape-b/settings-privacy__miqaat__phone-landscape__100.png,settings-privacy,miqaat,phone-landscape,100,English,2272,954,94a433a39032fdb46547aca8dacfca5996d175f3579ca3a9c7b32b55e193f835
36816998537,shots-phone-landscape-b,phone-landscape-b/settings-privacy__prayer_gallery__phone-landscape__100.png,settings-privacy,prayer_gallery,phone-landscape,100,English,2272,954,f0e66c7e3f3f401b150e52387b2fe836c7509717fa3c9bb9b4f5fb6c2d1ef687
36816998537,shots-phone-landscape-b,phone-landscape-b/settings-test__celestial_meridian__phone-landscape__100.png,settings-test,celestial_meridian,phone-landscape,100,English,2272,954,820027c7446710a6853e862a6da92e8e4dbe698a67e6c4824bd639d2d6e81700
36816998537,shots-phone-landscape-b,phone-landscape-b/settings-test__celestial_meridian__phone-landscape__200.png,settings-test,celestial_meridian,phone-landscape,200,English,2272,954,24263f65ac3a4b18a2d12325a1a63dd0dd26a1b385ee404a4cf7d608d1e38733
36816998537,shots-phone-landscape-b,phone-landscape-b/settings-test__kiswah__phone-landscape__100.png,settings-test,kiswah,phone-landscape,100,English,2272,954,c5aa99ea8e4c96ad336a926bd4b1eb711099100fca23c79d041efc18fc3b856f
36816998537,shots-phone-landscape-b,phone-landscape-b/settings-test__kiswah__phone-landscape__200.png,settings-test,kiswah,phone-landscape,200,English,2272,954,cca0628d01cf58ed549ebea3aab30589a3d73e72e866a41cdbfc65cb40c4ea10
36816998537,shots-phone-landscape-b,phone-landscape-b/settings-test__miqaat__phone-landscape__100.png,settings-test,miqaat,phone-landscape,100,English,2272,954,3f09e651985e57c742f3c099f61ddaf1fd4bc6bead408b0ef149cb6af1e3857d
36816998537,shots-phone-landscape-b,phone-landscape-b/settings-test__miqaat__phone-landscape__200.png,settings-test,miqaat,phone-landscape,200,English,2272,954,120a0212bd801c9887291cd4939317512ea8428887739386f45ee7809e63f6b9
36816998537,shots-phone-landscape-b,phone-landscape-b/settings-test__prayer_gallery__phone-landscape__100.png,settings-test,prayer_gallery,phone-landscape,100,English,2272,954,28c19fc8b7a4fceca67a50e2a8bd4cdd1a2002d410f5ee6d0173c45d4eea511d
36816998537,shots-phone-landscape-b,phone-landscape-b/settings-test__prayer_gallery__phone-landscape__200.png,settings-test,prayer_gallery,phone-landscape,200,English,2272,954,d8efc1814b5ecbcbc8e9e38032b9c92a772ed24215e1f7726afda01924e7a65b
36816998537,shots-phone-landscape-b,phone-landscape-b/settings-times__celestial_meridian__phone-landscape__100.png,settings-times,celestial_meridian,phone-landscape,100,English,2272,954,054553d86156247e2c4de685dc3d65ff3994f986dca1f2a80ac584874820d599
36816998537,shots-phone-landscape-b,phone-landscape-b/settings-times__kiswah__phone-landscape__100.png,settings-times,kiswah,phone-landscape,100,English,2272,954,ab3297dd5bf64e386e68f3e312675e3f9024fec5401d932c66da36a5ac81827f
36816998537,shots-phone-landscape-b,phone-landscape-b/settings-times__miqaat__phone-landscape__100.png,settings-times,miqaat,phone-landscape,100,English,2272,954,48140aec098841a310c4bee63254391c15e1eb4d074a747b84e3ef8580b064fd
36816998537,shots-phone-landscape-b,phone-landscape-b/settings-times__prayer_gallery__phone-landscape__100.png,settings-times,prayer_gallery,phone-landscape,100,English,2272,954,a64bc9b3e9815015134180f051bb876f7fe452a6f1e18d095a9b0428d4ccb072
36816998537,shots-phone-landscape-b,phone-landscape-b/settings__celestial_meridian__phone-landscape__100.png,settings,celestial_meridian,phone-landscape,100,English,2272,954,bf1ef69cd2f2cb127f5617d66423c79e27b8944fe86981e4bba731b5add3f879
36816998537,shots-phone-landscape-b,phone-landscape-b/settings__celestial_meridian__phone-landscape__100__ur.png,settings,celestial_meridian,phone-landscape,100,Urdu,2272,954,98d3ac63910b47a3b87a1a633ed291945a96fbfe98be7ebb73c64939caeb483a
36816998537,shots-phone-landscape-b,phone-landscape-b/settings__celestial_meridian__phone-landscape__130.png,settings,celestial_meridian,phone-landscape,130,English,2272,954,7653fcd9ea7b15417924ba41f890fbc011ae8dc98f2e016829f28ff93291ee21
36816998537,shots-phone-landscape-b,phone-landscape-b/settings__celestial_meridian__phone-landscape__200.png,settings,celestial_meridian,phone-landscape,200,English,2272,954,872aaaa72bd07b85f6087f4b6a8a12a544366c58456aabb7eca6585662ac24f1
36816998537,shots-phone-landscape-b,phone-landscape-b/settings__kiswah__phone-landscape__100.png,settings,kiswah,phone-landscape,100,English,2272,954,9a9b2609cd49f05dccc65c85fd31063271a00c50ff9e6c62e8bb89e02030fa6b
36816998537,shots-phone-landscape-b,phone-landscape-b/settings__kiswah__phone-landscape__100__ur.png,settings,kiswah,phone-landscape,100,Urdu,2272,954,0d0a170e898426fac998bbd784c08ef2bd8728d3f9a4ad62a8f7c4b7cf787c9a
36816998537,shots-phone-landscape-b,phone-landscape-b/settings__kiswah__phone-landscape__130.png,settings,kiswah,phone-landscape,130,English,2272,954,c2dff4e425ede9851801d7fb259d6d1de6fee644de814481ab160adde2d75877
36816998537,shots-phone-landscape-b,phone-landscape-b/settings__kiswah__phone-landscape__200.png,settings,kiswah,phone-landscape,200,English,2272,954,cbd641a562498362a8bf3db92ac102f1e7ad88ca89d7f009c83ea1c9eaac55ca
36816998537,shots-phone-landscape-b,phone-landscape-b/settings__miqaat__phone-landscape__100.png,settings,miqaat,phone-landscape,100,English,2272,954,1096ce7a18e3f18aa9cf6acee7b4506bebd53e8cd3933f52dec09d7b7dd916cc
36816998537,shots-phone-landscape-b,phone-landscape-b/settings__miqaat__phone-landscape__100__ur.png,settings,miqaat,phone-landscape,100,Urdu,2272,954,075abf5911dac5967110ae7b9d64bf6a6730c633f426555df92f4923357e5b12
36816998537,shots-phone-landscape-b,phone-landscape-b/settings__miqaat__phone-landscape__130.png,settings,miqaat,phone-landscape,130,English,2272,954,0941cbba6e36682fcaffdeac7c43a7f961cd8ef5bb9c51946600262d28ea51a1
36816998537,shots-phone-landscape-b,phone-landscape-b/settings__miqaat__phone-landscape__200.png,settings,miqaat,phone-landscape,200,English,2272,954,33c315e1fc1841af98fadc8c1f7f96dacad6688c525064e5cb7fe2edad294891
36816998537,shots-phone-landscape-b,phone-landscape-b/settings__prayer_gallery__phone-landscape__100.png,settings,prayer_gallery,phone-landscape,100,English,2272,954,333cbb7609c40d241b1adb6f716f542ca32a4f41ea232ef6df3d31423c180b5b
36816998537,shots-phone-landscape-b,phone-landscape-b/settings__prayer_gallery__phone-landscape__100__ur.png,settings,prayer_gallery,phone-landscape,100,Urdu,2272,954,c4db195bef29a1592f57993439dc5ecd2f922fb75c720bfe2c45143e680cf56e
36816998537,shots-phone-landscape-b,phone-landscape-b/settings__prayer_gallery__phone-landscape__130.png,settings,prayer_gallery,phone-landscape,130,English,2272,954,7021899c962143b91f7331f121f56851a1fa428a19c692fedd35a6822f6c48c2
36816998537,shots-phone-landscape-b,phone-landscape-b/settings__prayer_gallery__phone-landscape__200.png,settings,prayer_gallery,phone-landscape,200,English,2272,954,9626f8520ad12b898548a223fe94f6984f40c50a28f8764dd79ec79214f89e8b
36816998537,shots-phone-landscape-c,phone-landscape-c/adhkar-evening__celestial_meridian__phone-landscape__100.png,adhkar-evening,celestial_meridian,phone-landscape,100,English,2272,954,9f47a58a3704f274069e3d374133d4de6b0e78228927fd79c095b6e6c97db9e3
36816998537,shots-phone-landscape-c,phone-landscape-c/adhkar-evening__celestial_meridian__phone-landscape__200.png,adhkar-evening,celestial_meridian,phone-landscape,200,English,2272,954,ee393df2aedefab42c68c1a5af5fe4743f31fb9a624c70b36941b6471569dd8e
36816998537,shots-phone-landscape-c,phone-landscape-c/adhkar-evening__kiswah__phone-landscape__100.png,adhkar-evening,kiswah,phone-landscape,100,English,2272,954,b24eaad3675eda9932a7b711ea39c438d4526c68e29c8aaddaea4f5995b26a6a
36816998537,shots-phone-landscape-c,phone-landscape-c/adhkar-evening__kiswah__phone-landscape__200.png,adhkar-evening,kiswah,phone-landscape,200,English,2272,954,4949ee20e43880177ed5bbf235cd010e7947f0345b7cf50201a2846c98085a33
36816998537,shots-phone-landscape-c,phone-landscape-c/adhkar-evening__miqaat__phone-landscape__100.png,adhkar-evening,miqaat,phone-landscape,100,English,2272,954,63e72f990f396dd908c99a00506ee21e200afb4347f63d6d2c8e479d0146e9c3
36816998537,shots-phone-landscape-c,phone-landscape-c/adhkar-evening__miqaat__phone-landscape__200.png,adhkar-evening,miqaat,phone-landscape,200,English,2272,954,8058c069e8b4579fa0ecfff955af92d16d2492227915842639ed677e0ea768e1
36816998537,shots-phone-landscape-c,phone-landscape-c/adhkar-evening__prayer_gallery__phone-landscape__100.png,adhkar-evening,prayer_gallery,phone-landscape,100,English,2272,954,0ade80ea5617c4a766b5d44b50f5185a9b9145d31a4cb3874a3273e72b89956f
36816998537,shots-phone-landscape-c,phone-landscape-c/adhkar-evening__prayer_gallery__phone-landscape__200.png,adhkar-evening,prayer_gallery,phone-landscape,200,English,2272,954,660eda42b7549ddc59c9631c4cfd3b4b5f92007fdd3d1751d07353d1de0f2d5b
36816998537,shots-phone-landscape-c,phone-landscape-c/adhkar-morning__celestial_meridian__phone-landscape__100.png,adhkar-morning,celestial_meridian,phone-landscape,100,English,2272,954,1a06d4d0ba41c751cd211dfd1de0ce7169f30bbfe20cdfd38b4c9e314e7f5cfc
36816998537,shots-phone-landscape-c,phone-landscape-c/adhkar-morning__celestial_meridian__phone-landscape__100__ur.png,adhkar-morning,celestial_meridian,phone-landscape,100,Urdu,2272,954,d296c4cb9cf32cad3051f998a4e4e6aa9582fb57955bcec57f192e197e8b2ff3
36816998537,shots-phone-landscape-c,phone-landscape-c/adhkar-morning__celestial_meridian__phone-landscape__200.png,adhkar-morning,celestial_meridian,phone-landscape,200,English,2272,954,8a76c1304b5caab5665ec9983e70871e0595e73c832fa8fa1d7cda7ef9432fa0
36816998537,shots-phone-landscape-c,phone-landscape-c/adhkar-morning__kiswah__phone-landscape__100.png,adhkar-morning,kiswah,phone-landscape,100,English,2272,954,c1246cb2c2b6c2b6c2fd5f385d81f43c1e6568724b041f93e48a4f9b04ad5f4e
36816998537,shots-phone-landscape-c,phone-landscape-c/adhkar-morning__kiswah__phone-landscape__100__ur.png,adhkar-morning,kiswah,phone-landscape,100,Urdu,2272,954,af1c609daecb5d6b8d4fcf257ab4c03510175850855b7b56d330d7b259f827fc
36816998537,shots-phone-landscape-c,phone-landscape-c/adhkar-morning__kiswah__phone-landscape__200.png,adhkar-morning,kiswah,phone-landscape,200,English,2272,954,dbc647461c28e3b0c3eada827861dace4924708275a7c52dcf61959290db5e2d
36816998537,shots-phone-landscape-c,phone-landscape-c/adhkar-morning__miqaat__phone-landscape__100.png,adhkar-morning,miqaat,phone-landscape,100,English,2272,954,6d2025256cbac3acb71bab798c46291533d5b1e9d4e1a0761aaf29b2119073e0
36816998537,shots-phone-landscape-c,phone-landscape-c/adhkar-morning__miqaat__phone-landscape__100__ur.png,adhkar-morning,miqaat,phone-landscape,100,Urdu,2272,954,e796b21b73b9e0f60b0fbd097313a1a7da2c4aafe3e815b6352a4a77ce565c6a
36816998537,shots-phone-landscape-c,phone-landscape-c/adhkar-morning__miqaat__phone-landscape__200.png,adhkar-morning,miqaat,phone-landscape,200,English,2272,954,6fc45df0b16c32b6725eeb9fa75a3c3ed41e632d69003f4015a70ea057576a45
36816998537,shots-phone-landscape-c,phone-landscape-c/adhkar-morning__prayer_gallery__phone-landscape__100.png,adhkar-morning,prayer_gallery,phone-landscape,100,English,2272,954,407c77af9a32bd23182ed067655662dd48a6725dce952f50a5622bb4840fdced
36816998537,shots-phone-landscape-c,phone-landscape-c/adhkar-morning__prayer_gallery__phone-landscape__100__ur.png,adhkar-morning,prayer_gallery,phone-landscape,100,Urdu,2272,954,d84fb919bd057e95f43a5007e5b6f37b7a8afe31b8fbc4ff56f7f05c2058908c
36816998537,shots-phone-landscape-c,phone-landscape-c/adhkar-morning__prayer_gallery__phone-landscape__200.png,adhkar-morning,prayer_gallery,phone-landscape,200,English,2272,954,813d48447055140d8a784ed8b1682d1fbee960e0de1c628636b7ce90a3e14f92
36816998537,shots-phone-landscape-c,phone-landscape-c/friday__celestial_meridian__phone-landscape__100.png,friday,celestial_meridian,phone-landscape,100,English,2272,954,2d101ae8260f299a917657b6bc155545619e401781d496b1daf77c73fc81b4aa
36816998537,shots-phone-landscape-c,phone-landscape-c/friday__celestial_meridian__phone-landscape__100__ur.png,friday,celestial_meridian,phone-landscape,100,Urdu,2272,954,2a15a02f7e6c57029c6ee2fee4314170a86029558d880ccebd7bd013bcfa232c
36816998537,shots-phone-landscape-c,phone-landscape-c/friday__celestial_meridian__phone-landscape__200.png,friday,celestial_meridian,phone-landscape,200,English,2272,954,b4495aeb5b5c97f0025b4bb3380bf58c2a039e45f91c6c295d02a4ed7bd86770
36816998537,shots-phone-landscape-c,phone-landscape-c/friday__kiswah__phone-landscape__100.png,friday,kiswah,phone-landscape,100,English,2272,954,e7b17277b2bdae08533a2c536dc850d0e6827003a404cb37e2ed572bb57046cd
36816998537,shots-phone-landscape-c,phone-landscape-c/friday__kiswah__phone-landscape__100__ur.png,friday,kiswah,phone-landscape,100,Urdu,2272,954,57af0f344c14e59499e6edc8d45bed198ecc2a30fa1920d1851c3e43185ed905
36816998537,shots-phone-landscape-c,phone-landscape-c/friday__kiswah__phone-landscape__200.png,friday,kiswah,phone-landscape,200,English,2272,954,58f321693880fe626d93b1eaa310c471167fd7ae14863597be2020880318cda4
36816998537,shots-phone-landscape-c,phone-landscape-c/friday__miqaat__phone-landscape__100.png,friday,miqaat,phone-landscape,100,English,2272,954,c8909d2b66a75db1583381fc7f47b886fe6c138f663c23c09630935b43e82bf8
36816998537,shots-phone-landscape-c,phone-landscape-c/friday__miqaat__phone-landscape__100__ur.png,friday,miqaat,phone-landscape,100,Urdu,2272,954,d9cbdb28991d7b38352c13c634eac8790fbb78ff9536d33f130ad891bad2e221
36816998537,shots-phone-landscape-c,phone-landscape-c/friday__miqaat__phone-landscape__200.png,friday,miqaat,phone-landscape,200,English,2272,954,2be54146b046f406dc1f4cd4f9d5c0a631d496c0cef0cf61315d82c8ea3f0abb
36816998537,shots-phone-landscape-c,phone-landscape-c/friday__prayer_gallery__phone-landscape__100.png,friday,prayer_gallery,phone-landscape,100,English,2272,954,8b17932feacf93e880b39ff7913c4ee0667d89da221a1f5297ec73cf7bd2762c
36816998537,shots-phone-landscape-c,phone-landscape-c/friday__prayer_gallery__phone-landscape__100__ur.png,friday,prayer_gallery,phone-landscape,100,Urdu,2272,954,daf2c5b277b685e25eacddcdb83da8dfcc2ba3e95176ee4a9e26744be474dfb2
36816998537,shots-phone-landscape-c,phone-landscape-c/friday__prayer_gallery__phone-landscape__200.png,friday,prayer_gallery,phone-landscape,200,English,2272,954,86fe4379d48dcc09463bc8d9f973044b090b21dcc30fe22cc176ac9fcf66f0c1
36816998537,shots-phone-landscape-c,phone-landscape-c/learn__celestial_meridian__phone-landscape__100.png,learn,celestial_meridian,phone-landscape,100,English,2272,954,d3b075413867e6afcffa88d3e1c037090d0d34fdf5daf3e34fdab0cadaaf6ce6
36816998537,shots-phone-landscape-c,phone-landscape-c/learn__celestial_meridian__phone-landscape__100__ur.png,learn,celestial_meridian,phone-landscape,100,Urdu,2272,954,c25cbeb384dbdb71a57672eb11df1b29f7d29590b4eb596095a98138313d3e43
36816998537,shots-phone-landscape-c,phone-landscape-c/learn__celestial_meridian__phone-landscape__200.png,learn,celestial_meridian,phone-landscape,200,English,2272,954,35a265ea3a1aa546bca7a53c557d9dbb3bf8e0ad2785f7788268d85e7933f5c6
36816998537,shots-phone-landscape-c,phone-landscape-c/learn__kiswah__phone-landscape__100.png,learn,kiswah,phone-landscape,100,English,2272,954,ebdb0d3b97a90acc771d8e5933c9533177295e050d639a2d10680dada9e8f9fd
36816998537,shots-phone-landscape-c,phone-landscape-c/learn__kiswah__phone-landscape__100__ur.png,learn,kiswah,phone-landscape,100,Urdu,2272,954,fed09d462aa6b9372fbc08835684f498812d39b8846b7c9590804d9835c2ea86
36816998537,shots-phone-landscape-c,phone-landscape-c/learn__kiswah__phone-landscape__200.png,learn,kiswah,phone-landscape,200,English,2272,954,448b2cc672921e7392bcc74fe5ed54141b4f9072eb06c69ee50476a98fea9fde
36816998537,shots-phone-landscape-c,phone-landscape-c/learn__miqaat__phone-landscape__100.png,learn,miqaat,phone-landscape,100,English,2272,954,34ecbdccf2e27c10613149e1a2b93e38d4bd934284310b0951d02a8a5e12e799
36816998537,shots-phone-landscape-c,phone-landscape-c/learn__miqaat__phone-landscape__100__ur.png,learn,miqaat,phone-landscape,100,Urdu,2272,954,4c830c5ef0c2b3c36eab9d9bf7b8796632bc27719f97219b51411023de28bf50
36816998537,shots-phone-landscape-c,phone-landscape-c/learn__miqaat__phone-landscape__200.png,learn,miqaat,phone-landscape,200,English,2272,954,ec524735c0e567d5b8e21432d97bf83d8c1f47c3aa3ed1bb4bb697db0fd7d3a0
36816998537,shots-phone-landscape-c,phone-landscape-c/learn__prayer_gallery__phone-landscape__100.png,learn,prayer_gallery,phone-landscape,100,English,2272,954,bc7f59bef2342c9a900ec7b128b98ed23dd565908d8090aa29954f5493da057b
36816998537,shots-phone-landscape-c,phone-landscape-c/learn__prayer_gallery__phone-landscape__100__ur.png,learn,prayer_gallery,phone-landscape,100,Urdu,2272,954,be304694d9573613c52a5ab357d65c33e16cd6bcdbafbb37ecb9c71c8093b6c7
36816998537,shots-phone-landscape-c,phone-landscape-c/learn__prayer_gallery__phone-landscape__200.png,learn,prayer_gallery,phone-landscape,200,English,2272,954,5f8da4c32148409a1414e61298b6ce7bb28c7a02d168e4222b9010e198ac8c71
36816998537,shots-phone-landscape-c,phone-landscape-c/qibla__celestial_meridian__phone-landscape__100.png,qibla,celestial_meridian,phone-landscape,100,English,2272,954,048bd521593006a9f647e045d2b58f09f07685bd27f8a7f9c2f4df0666e84f4b
36816998537,shots-phone-landscape-c,phone-landscape-c/qibla__celestial_meridian__phone-landscape__100__ur.png,qibla,celestial_meridian,phone-landscape,100,Urdu,2272,954,9b5e4ff6475a24794d3898d3530e3da92df9e673812be44a856b046eba60c611
36816998537,shots-phone-landscape-c,phone-landscape-c/qibla__celestial_meridian__phone-landscape__200.png,qibla,celestial_meridian,phone-landscape,200,English,2272,954,9b826712c5d7a3a678e81bab05811b5c0c185dd3ac80f97ccd773f40065347a8
36816998537,shots-phone-landscape-c,phone-landscape-c/qibla__kiswah__phone-landscape__100.png,qibla,kiswah,phone-landscape,100,English,2272,954,5f933ad89fe120c08920c5d8213e8938d6b9b07181cfc6fabca5d42ebc9b8485
36816998537,shots-phone-landscape-c,phone-landscape-c/qibla__kiswah__phone-landscape__100__ur.png,qibla,kiswah,phone-landscape,100,Urdu,2272,954,faadccee28006dad3d29b9c95f5e16f3b1a17b378948fe2aaa92a8a39f8781f5
36816998537,shots-phone-landscape-c,phone-landscape-c/qibla__kiswah__phone-landscape__200.png,qibla,kiswah,phone-landscape,200,English,2272,954,b04f958cc7a335a010bff45a4218a639f8adb6a88f9796d5fca219668d43ba71
36816998537,shots-phone-landscape-c,phone-landscape-c/qibla__miqaat__phone-landscape__100.png,qibla,miqaat,phone-landscape,100,English,2272,954,5de39b2494c5019f1fd023926066a231f453e9bb795823bfa1ecaa42947e496a
36816998537,shots-phone-landscape-c,phone-landscape-c/qibla__miqaat__phone-landscape__100__ur.png,qibla,miqaat,phone-landscape,100,Urdu,2272,954,266ce0a29679e03af2963a07851ba14abfb6a82b9861814253e4ea5216b2e5f8
36816998537,shots-phone-landscape-c,phone-landscape-c/qibla__miqaat__phone-landscape__200.png,qibla,miqaat,phone-landscape,200,English,2272,954,b3b3bee89f061c104a1f3315fcd527a134642a34c1d37df9c4213dac64ecee33
36816998537,shots-phone-landscape-c,phone-landscape-c/qibla__prayer_gallery__phone-landscape__100.png,qibla,prayer_gallery,phone-landscape,100,English,2272,954,5a96bca98fa41d2a6fd51253395a1b24ac99015a21a2e916b6c349a0fa7d4d9a
36816998537,shots-phone-landscape-c,phone-landscape-c/qibla__prayer_gallery__phone-landscape__100__ur.png,qibla,prayer_gallery,phone-landscape,100,Urdu,2272,954,a9874a84a7782cb4f85a1d8270c5f701cc1da698cd0c291bf897d2964c0dfac2
36816998537,shots-phone-landscape-c,phone-landscape-c/qibla__prayer_gallery__phone-landscape__200.png,qibla,prayer_gallery,phone-landscape,200,English,2272,954,524f461be5593784c2c93f909a05c150aa30cd8043f0a30d76d7657b33c164d1
36816998537,shots-phone-landscape-c,phone-landscape-c/timetable__celestial_meridian__phone-landscape__100.png,timetable,celestial_meridian,phone-landscape,100,English,2272,954,6e79d3b43c163bfe838dbb489031fa6d383c57914eb9c0e8ef856e8682a953e4
36816998537,shots-phone-landscape-c,phone-landscape-c/timetable__celestial_meridian__phone-landscape__100__ur.png,timetable,celestial_meridian,phone-landscape,100,Urdu,2272,954,6f40eb0f2f18aaeab7517a6fc56aa508deef4667caee1079715540541bf81125
36816998537,shots-phone-landscape-c,phone-landscape-c/timetable__celestial_meridian__phone-landscape__200.png,timetable,celestial_meridian,phone-landscape,200,English,2272,954,39007503aacd282dcf7c1d47f478dd1dc382519ec36fff142c008ea21f9bcbbb
36816998537,shots-phone-landscape-c,phone-landscape-c/timetable__kiswah__phone-landscape__100.png,timetable,kiswah,phone-landscape,100,English,2272,954,0ac557e564950616222648eab5c7178d6860b46613a2318aac6fbcda59306bf6
36816998537,shots-phone-landscape-c,phone-landscape-c/timetable__kiswah__phone-landscape__100__ur.png,timetable,kiswah,phone-landscape,100,Urdu,2272,954,1637b1e3d00ebd01ea004c31d917b751d650970f3e54c92a38d7b884a34817fe
36816998537,shots-phone-landscape-c,phone-landscape-c/timetable__kiswah__phone-landscape__200.png,timetable,kiswah,phone-landscape,200,English,2272,954,a856e4c95a5eca3c9393ea22058a98e2fe08db5d02a149047a4ea4838440067b
36816998537,shots-phone-landscape-c,phone-landscape-c/timetable__miqaat__phone-landscape__100.png,timetable,miqaat,phone-landscape,100,English,2272,954,9b34fd27a84b44cfa083d73497e346fb6580bdc7c16efde954b2fefcc4c8f508
36816998537,shots-phone-landscape-c,phone-landscape-c/timetable__miqaat__phone-landscape__100__ur.png,timetable,miqaat,phone-landscape,100,Urdu,2272,954,de155e6386bde3185e6c93afd799ef00cbbc770cf117fd3f45009dec75c0d1bb
36816998537,shots-phone-landscape-c,phone-landscape-c/timetable__miqaat__phone-landscape__200.png,timetable,miqaat,phone-landscape,200,English,2272,954,ffb9f0847a69961eaccde08de2e8d87ed6f9ec5cba26113c4f667fe66c4b4fa2
36816998537,shots-phone-landscape-c,phone-landscape-c/timetable__prayer_gallery__phone-landscape__100.png,timetable,prayer_gallery,phone-landscape,100,English,2272,954,9c2be0681cc52b30c0ccd07da35634f20e90191bf7774954345fa2e1b2a4306e
36816998537,shots-phone-landscape-c,phone-landscape-c/timetable__prayer_gallery__phone-landscape__100__ur.png,timetable,prayer_gallery,phone-landscape,100,Urdu,2272,954,0c4c37cf879e1441e37d0946644f04a3b8f6126e60bd842db21bc17982812ffc
36816998537,shots-phone-landscape-c,phone-landscape-c/timetable__prayer_gallery__phone-landscape__200.png,timetable,prayer_gallery,phone-landscape,200,English,2272,954,fdd10dace47743d3719756bb7ae5b630adbc740430510d9eedd66d6a26ca5b9b
36816998537,shots-phone-landscape-d,phone-landscape-d/azaan__celestial_meridian__phone-landscape__100.png,azaan,celestial_meridian,phone-landscape,100,English,2272,954,bb31eff5be4109fe88adb9c584688332b8068019a8625adca43b7c6da7fea6cf
36816998537,shots-phone-landscape-d,phone-landscape-d/azaan__celestial_meridian__phone-landscape__200.png,azaan,celestial_meridian,phone-landscape,200,English,2272,954,28f933389752adb70a05d4c60a372ac0c297a887a2b610bdeacc7dbe636ae30e
36816998537,shots-phone-landscape-d,phone-landscape-d/azaan__kiswah__phone-landscape__100.png,azaan,kiswah,phone-landscape,100,English,2272,954,d051cd6402d31f32071f7bad85f719f321ca248e17f44386b024f8fde3124a31
36816998537,shots-phone-landscape-d,phone-landscape-d/azaan__kiswah__phone-landscape__200.png,azaan,kiswah,phone-landscape,200,English,2272,954,b0419267b0c5eea3eaac5d943be8a45f128e45247b75a45c717fd8759509557b
36816998537,shots-phone-landscape-d,phone-landscape-d/azaan__miqaat__phone-landscape__100.png,azaan,miqaat,phone-landscape,100,English,2272,954,c48c39cbc5f841e48ec1ed228b8b70c2bc32825ef0a2214a8ed3d1c563cefe64
36816998537,shots-phone-landscape-d,phone-landscape-d/azaan__miqaat__phone-landscape__200.png,azaan,miqaat,phone-landscape,200,English,2272,954,8b4a782fc21a3f8aa3de13d5523445016a31fd6822d3e18c04100cf05dce40b9
36816998537,shots-phone-landscape-d,phone-landscape-d/azaan__prayer_gallery__phone-landscape__100.png,azaan,prayer_gallery,phone-landscape,100,English,2272,954,58c684d27b0e92d7cca2f9da5c06ac2761d7c1b0fd4238802237aa98e62bfa74
36816998537,shots-phone-landscape-d,phone-landscape-d/azaan__prayer_gallery__phone-landscape__200.png,azaan,prayer_gallery,phone-landscape,200,English,2272,954,611fa265d7fb80d7cefac1fea330487272c792a789db5b011041a0d7d3472031
36816998537,shots-phone-landscape-d,phone-landscape-d/dua__celestial_meridian__phone-landscape__100.png,dua,celestial_meridian,phone-landscape,100,English,2272,954,6626058d11be593ac7c8f14565837a1365e0cd0cc5c9a087d0a32545816533b4
36816998537,shots-phone-landscape-d,phone-landscape-d/dua__celestial_meridian__phone-landscape__100__ur.png,dua,celestial_meridian,phone-landscape,100,Urdu,2272,954,063f560497f08fd71ab955754c651ff7c1bb66fe769c94f6453249b3bf30dee0
36816998537,shots-phone-landscape-d,phone-landscape-d/dua__celestial_meridian__phone-landscape__200.png,dua,celestial_meridian,phone-landscape,200,English,2272,954,9e8943b7430400b47b616752498071ad499d1398bd33c7378618e9901349a543
36816998537,shots-phone-landscape-d,phone-landscape-d/dua__kiswah__phone-landscape__100.png,dua,kiswah,phone-landscape,100,English,2272,954,320ff9de1afa8768d709b4638345d092a81738cbe64476a08ec4fdfad28552f5
36816998537,shots-phone-landscape-d,phone-landscape-d/dua__kiswah__phone-landscape__100__ur.png,dua,kiswah,phone-landscape,100,Urdu,2272,954,b453c94f4358b2751eb1c909bdeea058221ffa2dfaf93aedad585c40cd72ccd9
36816998537,shots-phone-landscape-d,phone-landscape-d/dua__kiswah__phone-landscape__200.png,dua,kiswah,phone-landscape,200,English,2272,954,684cf8e5fe0309e8dcbdfb5cbfa0951ffdb9b78c3f3516932ce9d009b34c252b
36816998537,shots-phone-landscape-d,phone-landscape-d/dua__miqaat__phone-landscape__100.png,dua,miqaat,phone-landscape,100,English,2272,954,1bee1c62a49d3f25e7408290b8ed67476160c97e95796016ffbab98ae82146ec
36816998537,shots-phone-landscape-d,phone-landscape-d/dua__miqaat__phone-landscape__100__ur.png,dua,miqaat,phone-landscape,100,Urdu,2272,954,d11cb730ead2bcbae3418572df4a56724ccfb2d1437f8839a98991cd2fe3888a
36816998537,shots-phone-landscape-d,phone-landscape-d/dua__miqaat__phone-landscape__200.png,dua,miqaat,phone-landscape,200,English,2272,954,14df12b41a463f944ad97ec55673c43f6b2d2da6365b1aeaffc83020ed1efc99
36816998537,shots-phone-landscape-d,phone-landscape-d/dua__prayer_gallery__phone-landscape__100.png,dua,prayer_gallery,phone-landscape,100,English,2272,954,16258727b1a22f5df9f7db1bfdd7ae31467cc69195d4abaa22f8e7fdf9cc82f8
36816998537,shots-phone-landscape-d,phone-landscape-d/dua__prayer_gallery__phone-landscape__100__ur.png,dua,prayer_gallery,phone-landscape,100,Urdu,2272,954,a66b0dedada48f9b41346973779a7995fc810eb933215e33abee3b950595a95d
36816998537,shots-phone-landscape-d,phone-landscape-d/dua__prayer_gallery__phone-landscape__200.png,dua,prayer_gallery,phone-landscape,200,English,2272,954,4290347d0440e9548c00b1ade7798a4de359957c521d534b97235ac50ba5720c
36816998537,shots-phone-landscape-d,phone-landscape-d/hadith__celestial_meridian__phone-landscape__100.png,hadith,celestial_meridian,phone-landscape,100,English,2272,954,250d6fdad70dec60c581d159bfc00873d30d7e86b2c5f4bb3caaa039f75344ab
36816998537,shots-phone-landscape-d,phone-landscape-d/hadith__celestial_meridian__phone-landscape__200.png,hadith,celestial_meridian,phone-landscape,200,English,2272,954,ef1ddb4067bce086c1e6f3fdbfaf01fe607b1d9d0bbbb56bd3c9bea12c31637a
36816998537,shots-phone-landscape-d,phone-landscape-d/hadith__kiswah__phone-landscape__100.png,hadith,kiswah,phone-landscape,100,English,2272,954,103cc6a0f09d8ef6db732e5aa2043f11f60becc00e7d2bb99a67f01dba71b16e
36816998537,shots-phone-landscape-d,phone-landscape-d/hadith__kiswah__phone-landscape__200.png,hadith,kiswah,phone-landscape,200,English,2272,954,a647cd44086249fcaba1a6513e64133bd9137e7ba64df8e3791578acb293524e
36816998537,shots-phone-landscape-d,phone-landscape-d/hadith__miqaat__phone-landscape__100.png,hadith,miqaat,phone-landscape,100,English,2272,954,9f1971d98e0f4c0ab6691dd611d4b6d99d9d635c8e6131bb5abaee84c207fc47
36816998537,shots-phone-landscape-d,phone-landscape-d/hadith__miqaat__phone-landscape__200.png,hadith,miqaat,phone-landscape,200,English,2272,954,fdbce4988f099fef2d8dc6c49ae4dc99b8b1106ef8e24435d4a6db8db8da9e6f
36816998537,shots-phone-landscape-d,phone-landscape-d/hadith__prayer_gallery__phone-landscape__100.png,hadith,prayer_gallery,phone-landscape,100,English,2272,954,d85f527a9ac3de03f1028d13d8b4c8e7448392fd99c04803236fda9cc9c88225
36816998537,shots-phone-landscape-d,phone-landscape-d/hadith__prayer_gallery__phone-landscape__200.png,hadith,prayer_gallery,phone-landscape,200,English,2272,954,39d39f9948fd8e4f596fffe8332a3c1201ae5fa5b2d82457e6666a093a034968
36816998537,shots-phone-landscape-d,phone-landscape-d/iqamah__celestial_meridian__phone-landscape__100.png,iqamah,celestial_meridian,phone-landscape,100,English,2272,954,6280de470fa2b909d6485f0b94db5b61f24974869b5b129bfbf66ae9ba8fabb2
36816998537,shots-phone-landscape-d,phone-landscape-d/iqamah__celestial_meridian__phone-landscape__200.png,iqamah,celestial_meridian,phone-landscape,200,English,2272,954,96f604c9e0d36ae5835a2f757eff2cf9114321e3b8c62f03f28badc042272906
36816998537,shots-phone-landscape-d,phone-landscape-d/iqamah__kiswah__phone-landscape__100.png,iqamah,kiswah,phone-landscape,100,English,2272,954,20ae740c560f777a2722411c6f754ef33247815a8b5049c30426cd98746d2f5e
36816998537,shots-phone-landscape-d,phone-landscape-d/iqamah__kiswah__phone-landscape__200.png,iqamah,kiswah,phone-landscape,200,English,2272,954,9126ddb8ae6981fc135f744a3ca15fbfedf01f4def437b2007db6021d8f2d3b2
36816998537,shots-phone-landscape-d,phone-landscape-d/iqamah__miqaat__phone-landscape__100.png,iqamah,miqaat,phone-landscape,100,English,2272,954,ddd1d7e3dcc293335ce15c074b7209eb368ba383686fb3109b7b15af85d92aeb
36816998537,shots-phone-landscape-d,phone-landscape-d/iqamah__miqaat__phone-landscape__200.png,iqamah,miqaat,phone-landscape,200,English,2272,954,211fb30addc32f5d842018b40bf758858d81042bc0875dbe13163850940640c6
36816998537,shots-phone-landscape-d,phone-landscape-d/iqamah__prayer_gallery__phone-landscape__100.png,iqamah,prayer_gallery,phone-landscape,100,English,2272,954,69e2c5d7ce25c49b1e1d4f091bf5ad9efc3eff9f27bb9ca02905f57de70b301c
36816998537,shots-phone-landscape-d,phone-landscape-d/iqamah__prayer_gallery__phone-landscape__200.png,iqamah,prayer_gallery,phone-landscape,200,English,2272,954,24965d71377d2ec37e66e61a8d1beef355ed1a5519e0bd4caa4f0050ea09219d
36816998537,shots-phone-landscape-d,phone-landscape-d/lesson-bowing__celestial_meridian__phone-landscape__100.png,lesson-bowing,celestial_meridian,phone-landscape,100,English,2272,954,3590480f87285f1a596f44c0b39623daa04e20a8322377712bcd931f43e565d3
36816998537,shots-phone-landscape-d,phone-landscape-d/lesson-bowing__kiswah__phone-landscape__100.png,lesson-bowing,kiswah,phone-landscape,100,English,2272,954,93b19f61509eb9df3ad96b962d64d0bc5e2c1d1d2f03f3f2c19a3aa0e974f87c
36816998537,shots-phone-landscape-d,phone-landscape-d/lesson-bowing__miqaat__phone-landscape__100.png,lesson-bowing,miqaat,phone-landscape,100,English,2272,954,38ca6c8c0731bde442e3e1d92f13ba9fde022916f10f648df7cd44414e935024
36816998537,shots-phone-landscape-d,phone-landscape-d/lesson-bowing__prayer_gallery__phone-landscape__100.png,lesson-bowing,prayer_gallery,phone-landscape,100,English,2272,954,1ad12a540406a1abd3baa2d0f30ab65370389b7d859cd37a44ef0d2ae276e18c
36816998537,shots-phone-landscape-d,phone-landscape-d/lesson-prostrating__celestial_meridian__phone-landscape__100.png,lesson-prostrating,celestial_meridian,phone-landscape,100,English,2272,954,016851b2d5b9ee75a974d7bdc02e38bdab9aadbd177a42c3b9613a48c02c02f3
36816998537,shots-phone-landscape-d,phone-landscape-d/lesson-prostrating__kiswah__phone-landscape__100.png,lesson-prostrating,kiswah,phone-landscape,100,English,2272,954,7372d116b2d256a94b10d644a30aad93fb41b111bcc099e4fac3616ed3f9a1b0
36816998537,shots-phone-landscape-d,phone-landscape-d/lesson-prostrating__miqaat__phone-landscape__100.png,lesson-prostrating,miqaat,phone-landscape,100,English,2272,954,ff7fddf996cfa46c77a2ddf584ced1e79c2c5ba9508a2b10fcf6f80aaad15f6a
36816998537,shots-phone-landscape-d,phone-landscape-d/lesson-prostrating__prayer_gallery__phone-landscape__100.png,lesson-prostrating,prayer_gallery,phone-landscape,100,English,2272,954,94d611606eb6d7026d1ffc3beeb3f296749e9040cf7798f87d4a47454a031359
36816998537,shots-phone-landscape-d,phone-landscape-d/lesson-rising__celestial_meridian__phone-landscape__100.png,lesson-rising,celestial_meridian,phone-landscape,100,English,2272,954,465f463ef248e4df5c0855fc40c1a6b0f3c8e69e88968573ac7ac8e643c1f12e
36816998537,shots-phone-landscape-d,phone-landscape-d/lesson-rising__kiswah__phone-landscape__100.png,lesson-rising,kiswah,phone-landscape,100,English,2272,954,8b07c32e934203225b3729fcf43994cf3198a1c7d7ec9e0cdf2ce75d90f256ea
36816998537,shots-phone-landscape-d,phone-landscape-d/lesson-rising__miqaat__phone-landscape__100.png,lesson-rising,miqaat,phone-landscape,100,English,2272,954,b428029153d529074871a2ec7710533211c424e3733a402f04180e81b403ce73
36816998537,shots-phone-landscape-d,phone-landscape-d/lesson-rising__prayer_gallery__phone-landscape__100.png,lesson-rising,prayer_gallery,phone-landscape,100,English,2272,954,deba2c2a4eb124421edbcb2c7d7466c3dff56a6da1711a94ee74510c02087167
36816998537,shots-phone-landscape-d,phone-landscape-d/lesson-salam__celestial_meridian__phone-landscape__100.png,lesson-salam,celestial_meridian,phone-landscape,100,English,2272,954,b6116c91c7a46a77cbe4d9765205fa602f397c7a3c6671deb52eaad89b086e81
36816998537,shots-phone-landscape-d,phone-landscape-d/lesson-salam__kiswah__phone-landscape__100.png,lesson-salam,kiswah,phone-landscape,100,English,2272,954,fd1d7942f270495317a757face93fc60b2c2538953da8b6cc9055f4059cc3479
36816998537,shots-phone-landscape-d,phone-landscape-d/lesson-salam__miqaat__phone-landscape__100.png,lesson-salam,miqaat,phone-landscape,100,English,2272,954,7cd49726a20d6980f58f02e93b1ed5f14d255992d655cfe0132e077ac4e01799
36816998537,shots-phone-landscape-d,phone-landscape-d/lesson-salam__prayer_gallery__phone-landscape__100.png,lesson-salam,prayer_gallery,phone-landscape,100,English,2272,954,19d1097176932857212e5ae8e5140e01216b3ecd4ae0238dceffec7ef33ec2bf
36816998537,shots-phone-landscape-d,phone-landscape-d/lesson-sitting__celestial_meridian__phone-landscape__100.png,lesson-sitting,celestial_meridian,phone-landscape,100,English,2272,954,5128b4f39020db9eb3415ca86b8332283843627101db31a785bcd2a058b9527f
36816998537,shots-phone-landscape-d,phone-landscape-d/lesson-sitting__kiswah__phone-landscape__100.png,lesson-sitting,kiswah,phone-landscape,100,English,2272,954,2709e8ee37598124bb76041342108150de5c97518db08b2dc5cfa4d9fbc667cc
36816998537,shots-phone-landscape-d,phone-landscape-d/lesson-sitting__miqaat__phone-landscape__100.png,lesson-sitting,miqaat,phone-landscape,100,English,2272,954,a9f28369f97f7b2038ef88d999824c8172c13353d01ce689c100e2a129fc6e94
36816998537,shots-phone-landscape-d,phone-landscape-d/lesson-sitting__prayer_gallery__phone-landscape__100.png,lesson-sitting,prayer_gallery,phone-landscape,100,English,2272,954,762287f914a9b8353b4ac4926cc244d5b49b439f3d363cfe5ffd608f298b0316
36816998537,shots-phone-landscape-d,phone-landscape-d/lesson-standing__celestial_meridian__phone-landscape__100.png,lesson-standing,celestial_meridian,phone-landscape,100,English,2272,954,ab9937bdeba38e04b5bd125a66b48dc2cabd2e90261ea7a72013f02f87b8122d
36816998537,shots-phone-landscape-d,phone-landscape-d/lesson-standing__kiswah__phone-landscape__100.png,lesson-standing,kiswah,phone-landscape,100,English,2272,954,f031731f82cada439d40ac4b1592086fc6f45d2ca59a05351a9b9a4f29a16ae4
36816998537,shots-phone-landscape-d,phone-landscape-d/lesson-standing__miqaat__phone-landscape__100.png,lesson-standing,miqaat,phone-landscape,100,English,2272,954,1881b929725de029c4d2e86619d0315411f40c259961adfe459eb24a46a1ac65
36816998537,shots-phone-landscape-d,phone-landscape-d/lesson-standing__prayer_gallery__phone-landscape__100.png,lesson-standing,prayer_gallery,phone-landscape,100,English,2272,954,033800d81bb38231d009da22f757f63058148ca69ee4e2c0b3c3f8d2d3fca298
36816998537,shots-phone-landscape-d,phone-landscape-d/lesson-takbir__celestial_meridian__phone-landscape__100.png,lesson-takbir,celestial_meridian,phone-landscape,100,English,2272,954,6ebeddb91bd09a3465bb259c3e7a6166b89b7fe1bd122058501d23eff4f73594
36816998537,shots-phone-landscape-d,phone-landscape-d/lesson-takbir__kiswah__phone-landscape__100.png,lesson-takbir,kiswah,phone-landscape,100,English,2272,954,10a8a539963ef1b8887127413b22baa3d800f84580f3bb8b0b0191db0cc1b232
36816998537,shots-phone-landscape-d,phone-landscape-d/lesson-takbir__miqaat__phone-landscape__100.png,lesson-takbir,miqaat,phone-landscape,100,English,2272,954,7c6d5e92f77926da78dba1d02ed4560f8d8c813407c947fa742231b9fb430cd4
36816998537,shots-phone-landscape-d,phone-landscape-d/lesson-takbir__prayer_gallery__phone-landscape__100.png,lesson-takbir,prayer_gallery,phone-landscape,100,English,2272,954,95deae3e189c411d29436cfe98b60f446e6844faeb3578622b0af3b93115ad53
36816998537,shots-phone-landscape-d,phone-landscape-d/lesson-tashahhud__celestial_meridian__phone-landscape__100.png,lesson-tashahhud,celestial_meridian,phone-landscape,100,English,2272,954,a3d9ef8d473cbf7f755fb6839cc3c3925c7b6f27a0b143dcc27ccd8b06e039cc
36816998537,shots-phone-landscape-d,phone-landscape-d/lesson-tashahhud__kiswah__phone-landscape__100.png,lesson-tashahhud,kiswah,phone-landscape,100,English,2272,954,75038c829bc502d8542624034508fefd32e5644ea65a891dfd8d5f16ea4f37ac
36816998537,shots-phone-landscape-d,phone-landscape-d/lesson-tashahhud__miqaat__phone-landscape__100.png,lesson-tashahhud,miqaat,phone-landscape,100,English,2272,954,c4b0bb472de0830c67f3164fe4956e4d8f3498feb02e100d643c6c32df32537c
36816998537,shots-phone-landscape-d,phone-landscape-d/lesson-tashahhud__prayer_gallery__phone-landscape__100.png,lesson-tashahhud,prayer_gallery,phone-landscape,100,English,2272,954,7b0e1efef67b7880bdc52c6747f826797d90dfd28db5e479e0106fa502d369ed
36816998537,shots-phone-portrait-a,phone-portrait-a/home__celestial_meridian__phone-portrait__100.png,home,celestial_meridian,phone-portrait,100,English,1080,2209,f006ab95c246b9383568fb438f3be2cedc9837f31cc86a56d9ca7936e099d2c1
36816998537,shots-phone-portrait-a,phone-portrait-a/home__celestial_meridian__phone-portrait__100__ur.png,home,celestial_meridian,phone-portrait,100,Urdu,1080,2209,e2b4fd7698dba258a3232c6130f9e57d42a00e23021dc0e579eefd9fe89e3480
36816998537,shots-phone-portrait-a,phone-portrait-a/home__celestial_meridian__phone-portrait__130.png,home,celestial_meridian,phone-portrait,130,English,1080,2209,bdf63a82a35908d1f275630d2088118203913501b9d8203ee464d4008a62b426
36816998537,shots-phone-portrait-a,phone-portrait-a/home__celestial_meridian__phone-portrait__130__ur.png,home,celestial_meridian,phone-portrait,130,Urdu,1080,2209,1e4b6d053a79af7ae98a29b70e14ea0da54cdb857000182c68459dd36314353a
36816998537,shots-phone-portrait-a,phone-portrait-a/home__celestial_meridian__phone-portrait__200.png,home,celestial_meridian,phone-portrait,200,English,1080,2209,2f96d100131cb7a55f8338936b7432949cf98bec40ad283f7e3ea87c8d27c956
36816998537,shots-phone-portrait-a,phone-portrait-a/home__kiswah__phone-portrait__100.png,home,kiswah,phone-portrait,100,English,1080,2209,2982979869821ae8ca2fafdb572f56840c761b1d416e126dfda7b47d11b8310a
36816998537,shots-phone-portrait-a,phone-portrait-a/home__kiswah__phone-portrait__100__ur.png,home,kiswah,phone-portrait,100,Urdu,1080,2209,ce9b721afd2ee62a2bfba24c3461058f994cd3b11fac8a270e155b58e0505a5b
36816998537,shots-phone-portrait-a,phone-portrait-a/home__kiswah__phone-portrait__130.png,home,kiswah,phone-portrait,130,English,1080,2209,f9320443296e40d6a565b460951defb05d9764fcbef18a6d86f63d4263788303
36816998537,shots-phone-portrait-a,phone-portrait-a/home__kiswah__phone-portrait__130__ur.png,home,kiswah,phone-portrait,130,Urdu,1080,2209,f17def276c0f2c67fb9f38e237d0dde2aa913eacae07a95bb4574842c660cc80
36816998537,shots-phone-portrait-a,phone-portrait-a/home__kiswah__phone-portrait__200.png,home,kiswah,phone-portrait,200,English,1080,2209,2efb62f12a5837225c792eea6b02f0ef50e0b757e7f907b4e7c028a36bdd75c8
36816998537,shots-phone-portrait-a,phone-portrait-a/home__miqaat__phone-portrait__100.png,home,miqaat,phone-portrait,100,English,1080,2209,65fefd4c36ed600ce92c6588079f593a64cb7df0e0d4de059f15b78280eef025
36816998537,shots-phone-portrait-a,phone-portrait-a/home__miqaat__phone-portrait__100__ur.png,home,miqaat,phone-portrait,100,Urdu,1080,2209,92cf0dc9efb5573210bc19ca8a0c755fbd3ae8291453e0e43b6d4a23d5f4dc7a
36816998537,shots-phone-portrait-a,phone-portrait-a/home__miqaat__phone-portrait__130.png,home,miqaat,phone-portrait,130,English,1080,2209,b4776b4acc168e8bfc6ee102078fb08531ca7355ec70b1acf5f73cc814b98ad0
36816998537,shots-phone-portrait-a,phone-portrait-a/home__miqaat__phone-portrait__130__ur.png,home,miqaat,phone-portrait,130,Urdu,1080,2209,5796647527ca228e195e4147db3cba93f1f9859292ac16276b3e8c01747c875f
36816998537,shots-phone-portrait-a,phone-portrait-a/home__miqaat__phone-portrait__200.png,home,miqaat,phone-portrait,200,English,1080,2209,28b80837508f7a2e4026877e6765ab8ff6ae3cfcb11676683251f07968f707b1
36816998537,shots-phone-portrait-a,phone-portrait-a/home__prayer_gallery__phone-portrait__100.png,home,prayer_gallery,phone-portrait,100,English,1080,2209,b439205a1fb105fd3242d8f2871daf6886ad480fdd85dd5ea3d1a10471ddf51c
36816998537,shots-phone-portrait-a,phone-portrait-a/home__prayer_gallery__phone-portrait__100__ur.png,home,prayer_gallery,phone-portrait,100,Urdu,1080,2209,8e7bb700aa929ebcbd0ea2ff1a484bf41583dfac5b4b1685f04122579ba6882a
36816998537,shots-phone-portrait-a,phone-portrait-a/home__prayer_gallery__phone-portrait__130.png,home,prayer_gallery,phone-portrait,130,English,1080,2209,7fd156500844cb9304db1b890771527d326ba978045ac1b7858cf8230edc1e7c
36816998537,shots-phone-portrait-a,phone-portrait-a/home__prayer_gallery__phone-portrait__130__ur.png,home,prayer_gallery,phone-portrait,130,Urdu,1080,2209,db9f7a1e27396e7119a3fa9ed959b3a3732ca71cf3870f64c7dc72d99517009f
36816998537,shots-phone-portrait-a,phone-portrait-a/home__prayer_gallery__phone-portrait__200.png,home,prayer_gallery,phone-portrait,200,English,1080,2209,8ce3689475129368197694fc23a9796a7bafb8c14c98fa8c15bfb7cbaf81b0cc
36816998537,shots-phone-portrait-a,phone-portrait-a/state-ready__celestial_meridian__phone-portrait__100.png,state-ready,celestial_meridian,phone-portrait,100,English,1080,575,db7970d6e3602584763c66643c210b495783e83cc35108c0b2f747b59c59079f
36816998537,shots-phone-portrait-a,phone-portrait-a/state-ready__celestial_meridian__phone-portrait__200.png,state-ready,celestial_meridian,phone-portrait,200,English,1080,1291,19d324edb13705938ca4afb82c668028fc68ea48941e24b1db5c5fde97a2da89
36816998537,shots-phone-portrait-a,phone-portrait-a/state-ready__kiswah__phone-portrait__100.png,state-ready,kiswah,phone-portrait,100,English,1080,575,6c320800e9fa25d0490f1c758b70b542d33b10cf285aaac77930eaf87b028cd7
36816998537,shots-phone-portrait-a,phone-portrait-a/state-ready__kiswah__phone-portrait__200.png,state-ready,kiswah,phone-portrait,200,English,1080,1291,a43de782f962fac6810057479c0107891b5d773dd398237517286a812e79443d
36816998537,shots-phone-portrait-a,phone-portrait-a/state-ready__miqaat__phone-portrait__100.png,state-ready,miqaat,phone-portrait,100,English,1080,575,717dcb5182eedfdabc382d81ae3f41c1f5ca422b55780df4f9013e3e5afb8585
36816998537,shots-phone-portrait-a,phone-portrait-a/state-ready__miqaat__phone-portrait__200.png,state-ready,miqaat,phone-portrait,200,English,1080,1291,ece3cc347a26c924032b3e1e0fe89977a10c8114917d42aedfe7ff7e40dc5a3e
36816998537,shots-phone-portrait-a,phone-portrait-a/state-ready__prayer_gallery__phone-portrait__100.png,state-ready,prayer_gallery,phone-portrait,100,English,1080,575,3987f17b7be1ac9f6b91569557aa1ca1cc2e956ebc7ec8f3bae1e42c86d327c5
36816998537,shots-phone-portrait-a,phone-portrait-a/state-ready__prayer_gallery__phone-portrait__200.png,state-ready,prayer_gallery,phone-portrait,200,English,1080,1291,c70ce1f7924b8aa55aebd88d62fb9e0e19056e660ce49590dba5e483a98f4c19
36816998537,shots-phone-portrait-a,phone-portrait-a/state-warning__celestial_meridian__phone-portrait__100.png,state-warning,celestial_meridian,phone-portrait,100,English,1080,575,a4abaedd511df520212c3cd34e8b85989614aaecefcfb331359db359ff4defbe
36816998537,shots-phone-portrait-a,phone-portrait-a/state-warning__celestial_meridian__phone-portrait__200.png,state-warning,celestial_meridian,phone-portrait,200,English,1080,1291,b2990c3f75454ee6982c906a72dfcc32496e78e249d760ed317914f75ceb01ed
36816998537,shots-phone-portrait-a,phone-portrait-a/state-warning__kiswah__phone-portrait__100.png,state-warning,kiswah,phone-portrait,100,English,1080,575,a4fbe568ba2d56d6bfdc01c5fcaf2bf9e1a863dba0f746790b64c2e5ac82c3e1
36816998537,shots-phone-portrait-a,phone-portrait-a/state-warning__kiswah__phone-portrait__200.png,state-warning,kiswah,phone-portrait,200,English,1080,1291,4c1654597b8a57ca799fc8927ceb0f54a7d283cf26512cd76e0bae3123ad9b91
36816998537,shots-phone-portrait-a,phone-portrait-a/state-warning__miqaat__phone-portrait__100.png,state-warning,miqaat,phone-portrait,100,English,1080,575,bc49ce3f94826efd5174df56839aa67b6c2cc87f14532fed4208968fa84f70e4
36816998537,shots-phone-portrait-a,phone-portrait-a/state-warning__miqaat__phone-portrait__200.png,state-warning,miqaat,phone-portrait,200,English,1080,1291,11be7c8c52c21c6c1a801bf67114d5c534f90c3cb7f0e0cbd62d0bb827d8d097
36816998537,shots-phone-portrait-a,phone-portrait-a/state-warning__prayer_gallery__phone-portrait__100.png,state-warning,prayer_gallery,phone-portrait,100,English,1080,575,0d0868727e66e8fba8c9efbb87823159d3b62770f80715a6c9e28c6326164874
36816998537,shots-phone-portrait-a,phone-portrait-a/state-warning__prayer_gallery__phone-portrait__200.png,state-warning,prayer_gallery,phone-portrait,200,English,1080,1291,15a50cc58e46ffac343c542c376585098d6b180953ca7c353f2f74ac3910fa2d
36816998537,shots-phone-portrait-b,phone-portrait-b/settings-about__celestial_meridian__phone-portrait__100.png,settings-about,celestial_meridian,phone-portrait,100,English,1080,2209,09541db74f30f02e25830968c533786f3316b0dcda27475c5601db1a22cb9776
36816998537,shots-phone-portrait-b,phone-portrait-b/settings-about__kiswah__phone-portrait__100.png,settings-about,kiswah,phone-portrait,100,English,1080,2209,7290b76cc18308036cdf1963632bca99413ad487958e642499061b05c30d2642
36816998537,shots-phone-portrait-b,phone-portrait-b/settings-about__miqaat__phone-portrait__100.png,settings-about,miqaat,phone-portrait,100,English,1080,2209,cc274334f7837543b13e3566c3cde65e0af8cee84f77acd336d3817a5b84f607
36816998537,shots-phone-portrait-b,phone-portrait-b/settings-about__prayer_gallery__phone-portrait__100.png,settings-about,prayer_gallery,phone-portrait,100,English,1080,2209,b48254507e0e581a243b1110dddb1ccd82da77dc905482b9ca094cf1cec0a52a
36816998537,shots-phone-portrait-b,phone-portrait-b/settings-azaan__celestial_meridian__phone-portrait__100.png,settings-azaan,celestial_meridian,phone-portrait,100,English,1080,2209,b7fa3075922452bc792aebe3ce705b1387020e3536e453edd5b811753bd28964
36816998537,shots-phone-portrait-b,phone-portrait-b/settings-azaan__kiswah__phone-portrait__100.png,settings-azaan,kiswah,phone-portrait,100,English,1080,2209,36590980dd366997058581b4610febeb7b999f4d3334c11a3144f6a926fe914b
36816998537,shots-phone-portrait-b,phone-portrait-b/settings-azaan__miqaat__phone-portrait__100.png,settings-azaan,miqaat,phone-portrait,100,English,1080,2209,bf16004d3b1d997468094a636a166b5ce6b1612119183858b0e70105eb56cfb3
36816998537,shots-phone-portrait-b,phone-portrait-b/settings-azaan__prayer_gallery__phone-portrait__100.png,settings-azaan,prayer_gallery,phone-portrait,100,English,1080,2209,755573ca489a1181a0a75344a5c66a2f61c153d538162951dbac4599ac33bfcf
36816998537,shots-phone-portrait-b,phone-portrait-b/settings-display__celestial_meridian__phone-portrait__100.png,settings-display,celestial_meridian,phone-portrait,100,English,1080,2209,b5ee2ef6a4ea63a7624369ab86e35313eaabea09fa539e272ec8c12dd4052330
36816998537,shots-phone-portrait-b,phone-portrait-b/settings-display__celestial_meridian__phone-portrait__100__ur.png,settings-display,celestial_meridian,phone-portrait,100,Urdu,1080,2209,cb99fdb9e092eca788992c04b9a26d8cb9eb1fc2db84ffd5ef698b1a1792cbc0
36816998537,shots-phone-portrait-b,phone-portrait-b/settings-display__celestial_meridian__phone-portrait__200.png,settings-display,celestial_meridian,phone-portrait,200,English,1080,2209,6d4cb41406575e005dca657be3acc9261e89cc791158a77721c2bdddd54591b2
36816998537,shots-phone-portrait-b,phone-portrait-b/settings-display__kiswah__phone-portrait__100.png,settings-display,kiswah,phone-portrait,100,English,1080,2209,e170897d66229ffe43c480e273169e583e8d2f41b06ce2f00e589642c46ac1e8
36816998537,shots-phone-portrait-b,phone-portrait-b/settings-display__kiswah__phone-portrait__100__ur.png,settings-display,kiswah,phone-portrait,100,Urdu,1080,2209,404700764ec727441436cf3ac70e598d8cf5d6edad06b29b0203be0ab0a3959c
36816998537,shots-phone-portrait-b,phone-portrait-b/settings-display__kiswah__phone-portrait__200.png,settings-display,kiswah,phone-portrait,200,English,1080,2209,1fba1530fa3ffcc4ce8606e1d3107b0425568866fdf7fbc3ee3b85ead20996ad
36816998537,shots-phone-portrait-b,phone-portrait-b/settings-display__miqaat__phone-portrait__100.png,settings-display,miqaat,phone-portrait,100,English,1080,2209,dcd7fac544a87917761bbd7158c5a6bb82f8a787c3a67d17b052aa51d0483b6a
36816998537,shots-phone-portrait-b,phone-portrait-b/settings-display__miqaat__phone-portrait__100__ur.png,settings-display,miqaat,phone-portrait,100,Urdu,1080,2209,4d57eb0258c25966463927ef711902dca23c8f85243e12bd1d17a4ca17ec597c
36816998537,shots-phone-portrait-b,phone-portrait-b/settings-display__miqaat__phone-portrait__200.png,settings-display,miqaat,phone-portrait,200,English,1080,2209,7de8594a9212beb8de8732cea08ef08fdd08674e63bf65b20dc290d991588803
36816998537,shots-phone-portrait-b,phone-portrait-b/settings-display__prayer_gallery__phone-portrait__100.png,settings-display,prayer_gallery,phone-portrait,100,English,1080,2209,fe4be73c2584160d53c9ae7e697f3028a6d28dbfaf81fe1d9cba03b0723d79f5
36816998537,shots-phone-portrait-b,phone-portrait-b/settings-display__prayer_gallery__phone-portrait__100__ur.png,settings-display,prayer_gallery,phone-portrait,100,Urdu,1080,2209,f702b85dbd5106d18957ab5ae3131b8939c0c0e7895a76419cd682f829446d59
36816998537,shots-phone-portrait-b,phone-portrait-b/settings-display__prayer_gallery__phone-portrait__200.png,settings-display,prayer_gallery,phone-portrait,200,English,1080,2209,1abf01567888535cbe8812f40c91790e845d798653dc486aa7691c8106081b7b
36816998537,shots-phone-portrait-b,phone-portrait-b/settings-health__celestial_meridian__phone-portrait__100.png,settings-health,celestial_meridian,phone-portrait,100,English,1080,2209,653cfce084ec6b4c14efe1f6cd6c1eb8d3fa99d26435b5a2080df7807e2e2faf
36816998537,shots-phone-portrait-b,phone-portrait-b/settings-health__kiswah__phone-portrait__100.png,settings-health,kiswah,phone-portrait,100,English,1080,2209,7d2f3fdf5a589fa67fc6fd7f95e0185852dd09d89f6babad02199203bd8073e4
36816998537,shots-phone-portrait-b,phone-portrait-b/settings-health__miqaat__phone-portrait__100.png,settings-health,miqaat,phone-portrait,100,English,1080,2209,4e6387a8dff069459046ddc6c8a131f9a74ee2cefa4b066539b262375850de28
36816998537,shots-phone-portrait-b,phone-portrait-b/settings-health__prayer_gallery__phone-portrait__100.png,settings-health,prayer_gallery,phone-portrait,100,English,1080,2209,c3699dbd094580e9f7bd7ac9ec4ff18790d56e0f9a423ea7a6ec47cb3ddd9fe2
36816998537,shots-phone-portrait-b,phone-portrait-b/settings-hijri__celestial_meridian__phone-portrait__100.png,settings-hijri,celestial_meridian,phone-portrait,100,English,1080,2209,e085298a0e8712a687b8b0fe54d654f5cd3ec3139fabd3cf1bab480944b9f422
36816998537,shots-phone-portrait-b,phone-portrait-b/settings-hijri__kiswah__phone-portrait__100.png,settings-hijri,kiswah,phone-portrait,100,English,1080,2209,9faf43eaa51fc7295ac51faeb0b0f2deaa5e712662708a9b07ab1fbb9d030fb8
36816998537,shots-phone-portrait-b,phone-portrait-b/settings-hijri__miqaat__phone-portrait__100.png,settings-hijri,miqaat,phone-portrait,100,English,1080,2209,3caa74234ca5151a74ea53086c309e8737e7da3f90164f1cb3b755a1dca02d64
36816998537,shots-phone-portrait-b,phone-portrait-b/settings-hijri__prayer_gallery__phone-portrait__100.png,settings-hijri,prayer_gallery,phone-portrait,100,English,1080,2209,882f9ef0a3edffc2d26c1463da5a419cd2115e734980fc20cf1a6e8b34996656
36816998537,shots-phone-portrait-b,phone-portrait-b/settings-iqamah__celestial_meridian__phone-portrait__100.png,settings-iqamah,celestial_meridian,phone-portrait,100,English,1080,2209,ae78eb48a8c0ad17b53eed5c86d4d03c5d2b82023bfdd248b07857a66ab3540e
36816998537,shots-phone-portrait-b,phone-portrait-b/settings-iqamah__kiswah__phone-portrait__100.png,settings-iqamah,kiswah,phone-portrait,100,English,1080,2209,1ce0f9e6bbf4c34f3ce5f23e187a835c1508860a658656fd559ea924f2c3c6f5
36816998537,shots-phone-portrait-b,phone-portrait-b/settings-iqamah__miqaat__phone-portrait__100.png,settings-iqamah,miqaat,phone-portrait,100,English,1080,2209,01f5c550d0d20533aa2bac4fbd85f980ff8c188287f97b51e0a72843d0372a33
36816998537,shots-phone-portrait-b,phone-portrait-b/settings-iqamah__prayer_gallery__phone-portrait__100.png,settings-iqamah,prayer_gallery,phone-portrait,100,English,1080,2209,30f8d7e25a9382afbc704983f57fc11e2942cbb687047389faa7fc4fe6d9b846
36816998537,shots-phone-portrait-b,phone-portrait-b/settings-location__celestial_meridian__phone-portrait__100.png,settings-location,celestial_meridian,phone-portrait,100,English,1080,2209,6a5f864a8566dd7d6f7018158bdcc0dd06b910605f373ba2b48cd47aa1c9548e
36816998537,shots-phone-portrait-b,phone-portrait-b/settings-location__celestial_meridian__phone-portrait__100__ur.png,settings-location,celestial_meridian,phone-portrait,100,Urdu,1080,2209,ecd3befcc56fb2228ebd8c8a494a6f1286aabc442f2a7ee5b7c60681a9fec117
36816998537,shots-phone-portrait-b,phone-portrait-b/settings-location__kiswah__phone-portrait__100.png,settings-location,kiswah,phone-portrait,100,English,1080,2209,2ba5bc5fe9083e178f0ee1e0f2f51c33f84ebf76292a9e9d13598807b554ad6a
36816998537,shots-phone-portrait-b,phone-portrait-b/settings-location__kiswah__phone-portrait__100__ur.png,settings-location,kiswah,phone-portrait,100,Urdu,1080,2209,24513ba7284fc16635f179d829feec3a03add6f1b1ce0156aa56654e0e0fe628
36816998537,shots-phone-portrait-b,phone-portrait-b/settings-location__miqaat__phone-portrait__100.png,settings-location,miqaat,phone-portrait,100,English,1080,2209,4323c82bb18057fe76af1c80f7816fac90bd4d8d0f731ab46f00739d13842d70
36816998537,shots-phone-portrait-b,phone-portrait-b/settings-location__miqaat__phone-portrait__100__ur.png,settings-location,miqaat,phone-portrait,100,Urdu,1080,2209,1c8df1a640782de637fa54a58a63c367315252c8bbe6dc5baa3bbd8b2f42d82a
36816998537,shots-phone-portrait-b,phone-portrait-b/settings-location__prayer_gallery__phone-portrait__100.png,settings-location,prayer_gallery,phone-portrait,100,English,1080,2209,f22b86741bf5c47badc811c774c97b41fbfdc916da87ed1cd0d420d3e116dcb5
36816998537,shots-phone-portrait-b,phone-portrait-b/settings-location__prayer_gallery__phone-portrait__100__ur.png,settings-location,prayer_gallery,phone-portrait,100,Urdu,1080,2209,48b44ec143583808173d2fd4e13e8eadc477ed975ebf162b5e19a94ca81bb7b9
36816998537,shots-phone-portrait-b,phone-portrait-b/settings-privacy__celestial_meridian__phone-portrait__100.png,settings-privacy,celestial_meridian,phone-portrait,100,English,1080,2209,5478a0b411da77de89e9f2c596047b5227818ce032654fa1996d5b9262f5ac4a
36816998537,shots-phone-portrait-b,phone-portrait-b/settings-privacy__kiswah__phone-portrait__100.png,settings-privacy,kiswah,phone-portrait,100,English,1080,2209,2f006be6c2c3a8703dd0cfaff1dc3300ce7597530958a7579e259b249b00119f
36816998537,shots-phone-portrait-b,phone-portrait-b/settings-privacy__miqaat__phone-portrait__100.png,settings-privacy,miqaat,phone-portrait,100,English,1080,2209,d09b80a0d987a95dabc7ce74d27e80d1b8ef54e973f8f8d5c7dd320e8366c31e
36816998537,shots-phone-portrait-b,phone-portrait-b/settings-privacy__prayer_gallery__phone-portrait__100.png,settings-privacy,prayer_gallery,phone-portrait,100,English,1080,2209,fb7eaf9912219e4674238b5a26ec607612d865b98ba1a6c9d0e577736924776e
36816998537,shots-phone-portrait-b,phone-portrait-b/settings-test__celestial_meridian__phone-portrait__100.png,settings-test,celestial_meridian,phone-portrait,100,English,1080,2209,7560d2a8d82578256d55459479609fd027a69cf106246b8e2b81e4f105bf965d
36816998537,shots-phone-portrait-b,phone-portrait-b/settings-test__celestial_meridian__phone-portrait__200.png,settings-test,celestial_meridian,phone-portrait,200,English,1080,2209,32852e5b5140b160ebb2f4fa036357951304ef4a653a2775ac69c52465339a75
36816998537,shots-phone-portrait-b,phone-portrait-b/settings-test__kiswah__phone-portrait__100.png,settings-test,kiswah,phone-portrait,100,English,1080,2209,3938256ffb93dda16985567aee857e80c855e873853d6a171af0d5158b720d86
36816998537,shots-phone-portrait-b,phone-portrait-b/settings-test__kiswah__phone-portrait__200.png,settings-test,kiswah,phone-portrait,200,English,1080,2209,a5c515a0dc94998dc9c78d089737a7afa89e50f477df181dbe9f5a0656aac682
36816998537,shots-phone-portrait-b,phone-portrait-b/settings-test__miqaat__phone-portrait__100.png,settings-test,miqaat,phone-portrait,100,English,1080,2209,13edcd2fffd5c6aff62d0a947e6b20a7fde0b0d6062e47f2be182b7a8080b37e
36816998537,shots-phone-portrait-b,phone-portrait-b/settings-test__miqaat__phone-portrait__200.png,settings-test,miqaat,phone-portrait,200,English,1080,2209,eefba73640d39f5670587e3eb6b0c7a5d384cafb97f3430d4a7bc9e6e9a62c7e
36816998537,shots-phone-portrait-b,phone-portrait-b/settings-test__prayer_gallery__phone-portrait__100.png,settings-test,prayer_gallery,phone-portrait,100,English,1080,2209,1ba636a916de54fed13800885adfc958d87896bb4c2a3390f3bbc64fad9eac17
36816998537,shots-phone-portrait-b,phone-portrait-b/settings-test__prayer_gallery__phone-portrait__200.png,settings-test,prayer_gallery,phone-portrait,200,English,1080,2209,cc2d47507d585d9125258bcaecf2a29965ba829cd36eb94da2cf44f3d4677555
36816998537,shots-phone-portrait-b,phone-portrait-b/settings-times__celestial_meridian__phone-portrait__100.png,settings-times,celestial_meridian,phone-portrait,100,English,1080,2209,d4db3cfa00b27a4441e8a61931c5011ddc6068df717c61776b88441a4760051c
36816998537,shots-phone-portrait-b,phone-portrait-b/settings-times__kiswah__phone-portrait__100.png,settings-times,kiswah,phone-portrait,100,English,1080,2209,627d68b9a8ac81f8f1ef8b572fb30cd696d1eaab1c6b1789cfe162444a751d23
36816998537,shots-phone-portrait-b,phone-portrait-b/settings-times__miqaat__phone-portrait__100.png,settings-times,miqaat,phone-portrait,100,English,1080,2209,765a3596d3306b186c8b43643cbb700635e34a12001750e05de8d5457946b9bb
36816998537,shots-phone-portrait-b,phone-portrait-b/settings-times__prayer_gallery__phone-portrait__100.png,settings-times,prayer_gallery,phone-portrait,100,English,1080,2209,c7871bd6412aa54ce301c3d6c0f46f688904c5806f60774a928ea30756412c5f
36816998537,shots-phone-portrait-b,phone-portrait-b/settings__celestial_meridian__phone-portrait__100.png,settings,celestial_meridian,phone-portrait,100,English,1080,2209,579aad77bae0e49adb209fb71f0a41be2e11b66ba02084b938a3c046e422058d
36816998537,shots-phone-portrait-b,phone-portrait-b/settings__celestial_meridian__phone-portrait__100__ur.png,settings,celestial_meridian,phone-portrait,100,Urdu,1080,2209,784d247eddbbf22f3a178b5a869cafbcd321ccd0fe76256c018ef492807fc05c
36816998537,shots-phone-portrait-b,phone-portrait-b/settings__celestial_meridian__phone-portrait__130.png,settings,celestial_meridian,phone-portrait,130,English,1080,2209,61f32b16ad013b95f4a427d9d29f481088e4cc295014e1d1cd2f23eb53978489
36816998537,shots-phone-portrait-b,phone-portrait-b/settings__celestial_meridian__phone-portrait__200.png,settings,celestial_meridian,phone-portrait,200,English,1080,2209,2af4fc4c0c571a62e4e8b6faf09c74af1e12fa68f4dcf93f4ffad904959811fe
36816998537,shots-phone-portrait-b,phone-portrait-b/settings__kiswah__phone-portrait__100.png,settings,kiswah,phone-portrait,100,English,1080,2209,779577f7766fdae297374e2aff8afdcb730191780df90ab815f831c7f2fef7a6
36816998537,shots-phone-portrait-b,phone-portrait-b/settings__kiswah__phone-portrait__100__ur.png,settings,kiswah,phone-portrait,100,Urdu,1080,2209,4013ecb9f78f0684831d5217fc997c74fd39d9b49a0236035ece454298bc9582
36816998537,shots-phone-portrait-b,phone-portrait-b/settings__kiswah__phone-portrait__130.png,settings,kiswah,phone-portrait,130,English,1080,2209,94febc96fd4605bc55c40890528911522388b997b131465db9832e5784c049ab
36816998537,shots-phone-portrait-b,phone-portrait-b/settings__kiswah__phone-portrait__200.png,settings,kiswah,phone-portrait,200,English,1080,2209,945454c6fd701d42f20d9648836cbc3df7c523dc92e597bd18f8b50e8fe77931
36816998537,shots-phone-portrait-b,phone-portrait-b/settings__miqaat__phone-portrait__100.png,settings,miqaat,phone-portrait,100,English,1080,2209,c5f5026a457a33336bd5688f41e8c6d3b6acdfb9feacd4f4b0702f53a1bf3eb0
36816998537,shots-phone-portrait-b,phone-portrait-b/settings__miqaat__phone-portrait__100__ur.png,settings,miqaat,phone-portrait,100,Urdu,1080,2209,f310573d6d372b16d75a3268af5dca2f8a54dfe56fb4d0c6f22657fa203de6b9
36816998537,shots-phone-portrait-b,phone-portrait-b/settings__miqaat__phone-portrait__130.png,settings,miqaat,phone-portrait,130,English,1080,2209,e537c2e16ca0fdfec8b826498f3c612600153ac0f22c3cb285d96f3364aa1f11
36816998537,shots-phone-portrait-b,phone-portrait-b/settings__miqaat__phone-portrait__200.png,settings,miqaat,phone-portrait,200,English,1080,2209,2151a176f4a8663746bcacb2183db923b1d56de08d7c113c6f6d77fdeeb5a646
36816998537,shots-phone-portrait-b,phone-portrait-b/settings__prayer_gallery__phone-portrait__100.png,settings,prayer_gallery,phone-portrait,100,English,1080,2209,52f959d8881c50a77a6dcd70d8c8bec573f819afa5c03af2ae25089b2bcaf850
36816998537,shots-phone-portrait-b,phone-portrait-b/settings__prayer_gallery__phone-portrait__100__ur.png,settings,prayer_gallery,phone-portrait,100,Urdu,1080,2209,87b8d4e85ac42f1db296f401f93e4f99f515ea91e379f6e3f97aa0392d5bbebc
36816998537,shots-phone-portrait-b,phone-portrait-b/settings__prayer_gallery__phone-portrait__130.png,settings,prayer_gallery,phone-portrait,130,English,1080,2209,35cb7dc44aff9fe340a8ce38a45e9bf1a42bec6aef2763626deb22e132c59ea0
36816998537,shots-phone-portrait-b,phone-portrait-b/settings__prayer_gallery__phone-portrait__200.png,settings,prayer_gallery,phone-portrait,200,English,1080,2209,c032415b8aab5adcc53de46daffe131d6cf253b53ce915876e7025d99c27ca6f
36816998537,shots-phone-portrait-c,phone-portrait-c/adhkar-evening__celestial_meridian__phone-portrait__100.png,adhkar-evening,celestial_meridian,phone-portrait,100,English,1080,2209,d0ae5ae005a13cbc71fa6b64d2b907f624baf7fa90ad7602fbc1dd9b4ca40678
36816998537,shots-phone-portrait-c,phone-portrait-c/adhkar-evening__celestial_meridian__phone-portrait__200.png,adhkar-evening,celestial_meridian,phone-portrait,200,English,1080,2209,41e65a21e3c146f9115a921962e96598677c0f29702661911650c9413dcd0486
36816998537,shots-phone-portrait-c,phone-portrait-c/adhkar-evening__kiswah__phone-portrait__100.png,adhkar-evening,kiswah,phone-portrait,100,English,1080,2209,c9900a9b3177c514844df75359c59d02db798c087199bb99fb907b21c402d65c
36816998537,shots-phone-portrait-c,phone-portrait-c/adhkar-evening__kiswah__phone-portrait__200.png,adhkar-evening,kiswah,phone-portrait,200,English,1080,2209,e33ffcf799a1a9c80d352577c5996f43678b6023ce0d4941da08f1804872d95d
36816998537,shots-phone-portrait-c,phone-portrait-c/adhkar-evening__miqaat__phone-portrait__100.png,adhkar-evening,miqaat,phone-portrait,100,English,1080,2209,64577836975080dc68d7dca4a801ffff3f06b19ef1cde8d2646654ed9279abca
36816998537,shots-phone-portrait-c,phone-portrait-c/adhkar-evening__miqaat__phone-portrait__200.png,adhkar-evening,miqaat,phone-portrait,200,English,1080,2209,fc852d13ee91093496756fddb227a9ad58aff0e6ec6c6d7f0c8d89f73d7bdf30
36816998537,shots-phone-portrait-c,phone-portrait-c/adhkar-evening__prayer_gallery__phone-portrait__100.png,adhkar-evening,prayer_gallery,phone-portrait,100,English,1080,2209,1c1aa5d184a42018143f0432581b93b0f7b90299a483a53ff32540eff89f734f
36816998537,shots-phone-portrait-c,phone-portrait-c/adhkar-evening__prayer_gallery__phone-portrait__200.png,adhkar-evening,prayer_gallery,phone-portrait,200,English,1080,2209,b5e8a028ae255dedbd1d7020af76b06eea3f1d6058ae0eaab2537dc9df37004a
36816998537,shots-phone-portrait-c,phone-portrait-c/adhkar-morning__celestial_meridian__phone-portrait__100.png,adhkar-morning,celestial_meridian,phone-portrait,100,English,1080,2209,64c4d36073644a269962462fd77ce39c425908fb1303ad57415d25eb8f885fac
36816998537,shots-phone-portrait-c,phone-portrait-c/adhkar-morning__celestial_meridian__phone-portrait__100__ur.png,adhkar-morning,celestial_meridian,phone-portrait,100,Urdu,1080,2209,06d171fead721566dadd8c3a8782f5c732ae38184d4f6cad7edf17765509fe24
36816998537,shots-phone-portrait-c,phone-portrait-c/adhkar-morning__celestial_meridian__phone-portrait__200.png,adhkar-morning,celestial_meridian,phone-portrait,200,English,1080,2209,3bc9cf8befa9eeb16d0a99f1fb1e77a80fb4723da1fd134e3591dd1eb375a7a1
36816998537,shots-phone-portrait-c,phone-portrait-c/adhkar-morning__kiswah__phone-portrait__100.png,adhkar-morning,kiswah,phone-portrait,100,English,1080,2209,d2b1db56f83510cda150eb8ea4981237408da7c713ea4a8e6ccfee64892e8507
36816998537,shots-phone-portrait-c,phone-portrait-c/adhkar-morning__kiswah__phone-portrait__100__ur.png,adhkar-morning,kiswah,phone-portrait,100,Urdu,1080,2209,951fa211b9b267354d17c5f58d38c9c28e6e9b39db42b3a1d88e5099b62bf7e7
36816998537,shots-phone-portrait-c,phone-portrait-c/adhkar-morning__kiswah__phone-portrait__200.png,adhkar-morning,kiswah,phone-portrait,200,English,1080,2209,31b42d10debf335b663a8cdaeeb9545c72d3ebf664f51121f991f3945643ce8e
36816998537,shots-phone-portrait-c,phone-portrait-c/adhkar-morning__miqaat__phone-portrait__100.png,adhkar-morning,miqaat,phone-portrait,100,English,1080,2209,6e2363b9f5e98ae2554e6d87a1b1c17e35a351bfddd9dbaefc1c4fd050036f3f
36816998537,shots-phone-portrait-c,phone-portrait-c/adhkar-morning__miqaat__phone-portrait__100__ur.png,adhkar-morning,miqaat,phone-portrait,100,Urdu,1080,2209,bb7bdcf16b30ea59102118fa893914bde6ca89172b0be17da10697f573613dda
36816998537,shots-phone-portrait-c,phone-portrait-c/adhkar-morning__miqaat__phone-portrait__200.png,adhkar-morning,miqaat,phone-portrait,200,English,1080,2209,da290f637d9d7862d7a8635a75deaf4a6767b604fcdd590d1629b0df225296b9
36816998537,shots-phone-portrait-c,phone-portrait-c/adhkar-morning__prayer_gallery__phone-portrait__100.png,adhkar-morning,prayer_gallery,phone-portrait,100,English,1080,2209,375594048d2ad2a8d9f50293c00f9c20078855c01a4104798cdb0d7af8d10e51
36816998537,shots-phone-portrait-c,phone-portrait-c/adhkar-morning__prayer_gallery__phone-portrait__100__ur.png,adhkar-morning,prayer_gallery,phone-portrait,100,Urdu,1080,2209,c93fc23c629b3c45ee2b67d14a332b37a813aaa6c1d4e2b43e1a968b7ab3157e
36816998537,shots-phone-portrait-c,phone-portrait-c/adhkar-morning__prayer_gallery__phone-portrait__200.png,adhkar-morning,prayer_gallery,phone-portrait,200,English,1080,2209,be39906c688e4859425aee734712edd378b749e8bb4d65f03814329636651bdd
36816998537,shots-phone-portrait-c,phone-portrait-c/friday__celestial_meridian__phone-portrait__100.png,friday,celestial_meridian,phone-portrait,100,English,1080,2209,10c352c288cbd5487dbfcbf2e694e56e607bc779af531fc985bdacb1ba0c9453
36816998537,shots-phone-portrait-c,phone-portrait-c/friday__celestial_meridian__phone-portrait__100__ur.png,friday,celestial_meridian,phone-portrait,100,Urdu,1080,2209,74d8f4150df9aee74ebeb3fdb9f477715067b145f66fb3a5b78c0967216b152d
36816998537,shots-phone-portrait-c,phone-portrait-c/friday__celestial_meridian__phone-portrait__200.png,friday,celestial_meridian,phone-portrait,200,English,1080,2209,a2b382a5a141f88b93ec5cd6ee9ffe005f96ddc65c8d8609246c8b22194efdf6
36816998537,shots-phone-portrait-c,phone-portrait-c/friday__kiswah__phone-portrait__100.png,friday,kiswah,phone-portrait,100,English,1080,2209,7d14a6be7a53c6c251e4fdbe4e9dbbca551420eb929e2571f28080fc41855f72
36816998537,shots-phone-portrait-c,phone-portrait-c/friday__kiswah__phone-portrait__100__ur.png,friday,kiswah,phone-portrait,100,Urdu,1080,2209,07e2db3362c83b2605184d386ba4ffbd93669ac31178489fc6fa3ceb0b45abea
36816998537,shots-phone-portrait-c,phone-portrait-c/friday__kiswah__phone-portrait__200.png,friday,kiswah,phone-portrait,200,English,1080,2209,ebe08532bd7899095622c4f3e5d792bbd40d21140f323209a2193eeffb7ddcfb
36816998537,shots-phone-portrait-c,phone-portrait-c/friday__miqaat__phone-portrait__100.png,friday,miqaat,phone-portrait,100,English,1080,2209,194a8b4ab6c98bd815ffcbcb990d1c0907120a789fad22d5d4a9367481b4ef3c
36816998537,shots-phone-portrait-c,phone-portrait-c/friday__miqaat__phone-portrait__100__ur.png,friday,miqaat,phone-portrait,100,Urdu,1080,2209,9c3e20b1809c28d0218fd95e09c6fcf78540f7670bb52d37cf7350b97c5e6df8
36816998537,shots-phone-portrait-c,phone-portrait-c/friday__miqaat__phone-portrait__200.png,friday,miqaat,phone-portrait,200,English,1080,2209,94783c6bbf7b635b550e617f4bd26e929a076a1fcc0553eeba754da05a5d4d10
36816998537,shots-phone-portrait-c,phone-portrait-c/friday__prayer_gallery__phone-portrait__100.png,friday,prayer_gallery,phone-portrait,100,English,1080,2209,0859d65ca3ecef8daed45e38ffb169f336bc67ad499c583dc20ecdba36ea456a
36816998537,shots-phone-portrait-c,phone-portrait-c/friday__prayer_gallery__phone-portrait__100__ur.png,friday,prayer_gallery,phone-portrait,100,Urdu,1080,2209,ac23ee55200b0c71891bf9d4319343f4542536d5cd26e8c0a2902302f0a94c1c
36816998537,shots-phone-portrait-c,phone-portrait-c/friday__prayer_gallery__phone-portrait__200.png,friday,prayer_gallery,phone-portrait,200,English,1080,2209,059934be20a39787007b6b5a1a057b7043ef9d6924e0b2b668072eb356ee5ea5
36816998537,shots-phone-portrait-c,phone-portrait-c/learn__celestial_meridian__phone-portrait__100.png,learn,celestial_meridian,phone-portrait,100,English,1080,2209,08c522765e99c14c076fdb5e4e81c0de2ee910f0b699e97d01f3fdaaf62a9856
36816998537,shots-phone-portrait-c,phone-portrait-c/learn__celestial_meridian__phone-portrait__100__ur.png,learn,celestial_meridian,phone-portrait,100,Urdu,1080,2209,1a6da12eac1732ec00af59593f667604bbbf52f636fe14ad8e9eeb66b9d9bd63
36816998537,shots-phone-portrait-c,phone-portrait-c/learn__celestial_meridian__phone-portrait__200.png,learn,celestial_meridian,phone-portrait,200,English,1080,2209,e53dd0b83940b2afe2c6b460ad3929b4508306419222f4eae6ddc2c86a710419
36816998537,shots-phone-portrait-c,phone-portrait-c/learn__kiswah__phone-portrait__100.png,learn,kiswah,phone-portrait,100,English,1080,2209,23e085bc4d15eea24d42110d7ed33f78afe5c95d2938c49a6d50cfa548aadbcc
36816998537,shots-phone-portrait-c,phone-portrait-c/learn__kiswah__phone-portrait__100__ur.png,learn,kiswah,phone-portrait,100,Urdu,1080,2209,5c7ab4335d414cdce6e21c94e4efe71ff65b269947ca5ecf269ac86a9f707a2c
36816998537,shots-phone-portrait-c,phone-portrait-c/learn__kiswah__phone-portrait__200.png,learn,kiswah,phone-portrait,200,English,1080,2209,98bf7eda144f14a6d52b1e568d421f7f064c5bff4b4bd44cc29fce2c3b5e031b
36816998537,shots-phone-portrait-c,phone-portrait-c/learn__miqaat__phone-portrait__100.png,learn,miqaat,phone-portrait,100,English,1080,2209,7da251d0def57f87232f5eceaf83e45a93d95804296ff84f3556dd5cebad24f4
36816998537,shots-phone-portrait-c,phone-portrait-c/learn__miqaat__phone-portrait__100__ur.png,learn,miqaat,phone-portrait,100,Urdu,1080,2209,cbc6d644b33fd3da3ae1b23066f275be2c454922a5311c7401cc94a7009538b2
36816998537,shots-phone-portrait-c,phone-portrait-c/learn__miqaat__phone-portrait__200.png,learn,miqaat,phone-portrait,200,English,1080,2209,911a4b09a665174d5cd06b1f47c79eb4644fe6bec442850a352561121b38d9ea
36816998537,shots-phone-portrait-c,phone-portrait-c/learn__prayer_gallery__phone-portrait__100.png,learn,prayer_gallery,phone-portrait,100,English,1080,2209,bf0c29c28bd4fd6b5552cb3d7e9dbb10bf7bbdaf8dcad6539cc229bc385aea10
36816998537,shots-phone-portrait-c,phone-portrait-c/learn__prayer_gallery__phone-portrait__100__ur.png,learn,prayer_gallery,phone-portrait,100,Urdu,1080,2209,dde90d79600b6845099fc02575bd5c643bca48bd86dce8b0856c995ac50bf98b
36816998537,shots-phone-portrait-c,phone-portrait-c/learn__prayer_gallery__phone-portrait__200.png,learn,prayer_gallery,phone-portrait,200,English,1080,2209,7f4dcb14b701a113e27251ef974524e6c29232b061850b33f59aa9eb732a1b61
36816998537,shots-phone-portrait-c,phone-portrait-c/qibla__celestial_meridian__phone-portrait__100.png,qibla,celestial_meridian,phone-portrait,100,English,1080,2209,1fb4ed105592e8eb898be640d047c6ec0bdf761afd1957db89bb1ec06287d6e4
36816998537,shots-phone-portrait-c,phone-portrait-c/qibla__celestial_meridian__phone-portrait__100__ur.png,qibla,celestial_meridian,phone-portrait,100,Urdu,1080,2209,16401fc7532cfd327142cd6ea43a9d0ec77f6487ee3d0cf6ef2eb92eda46fe4a
36816998537,shots-phone-portrait-c,phone-portrait-c/qibla__celestial_meridian__phone-portrait__200.png,qibla,celestial_meridian,phone-portrait,200,English,1080,2209,71224bd3195f38886616b9274accd4e653cdfbb7a7c98bb8e73f1a0296cd9330
36816998537,shots-phone-portrait-c,phone-portrait-c/qibla__kiswah__phone-portrait__100.png,qibla,kiswah,phone-portrait,100,English,1080,2209,2f8c33f27d278c6c7a5927e4bc2da804e5fb0bb2e17d7fead9edeb3a790676fa
36816998537,shots-phone-portrait-c,phone-portrait-c/qibla__kiswah__phone-portrait__100__ur.png,qibla,kiswah,phone-portrait,100,Urdu,1080,2209,5913315c2c4efa79ff840fa7a4e4a4fe5639f19dc888821c045b9a159e550e7a
36816998537,shots-phone-portrait-c,phone-portrait-c/qibla__kiswah__phone-portrait__200.png,qibla,kiswah,phone-portrait,200,English,1080,2209,27595477f2196f0500b988f2c1eecd8e6717bf3c23d15d569847d3ef8666a207
36816998537,shots-phone-portrait-c,phone-portrait-c/qibla__miqaat__phone-portrait__100.png,qibla,miqaat,phone-portrait,100,English,1080,2209,5ca489110fb5886e5d9d14e00e0fc0879d1e96d60bc097f413ee667d0ef38e55
36816998537,shots-phone-portrait-c,phone-portrait-c/qibla__miqaat__phone-portrait__100__ur.png,qibla,miqaat,phone-portrait,100,Urdu,1080,2209,3f6274c59b0069b400f97e2be5ed7bad31ad5e926e0cd38b70ffe4f9bf2abe81
36816998537,shots-phone-portrait-c,phone-portrait-c/qibla__miqaat__phone-portrait__200.png,qibla,miqaat,phone-portrait,200,English,1080,2209,ede0611c0d29d7f234eb5d893e530392e8e1b58fde6c3d575b52606a5c2a5319
36816998537,shots-phone-portrait-c,phone-portrait-c/qibla__prayer_gallery__phone-portrait__100.png,qibla,prayer_gallery,phone-portrait,100,English,1080,2209,405d5c9c019006d6dfc625a97cc6b59ed0ba4f4f1e12e5f3a124dfe24d01d4e1
36816998537,shots-phone-portrait-c,phone-portrait-c/qibla__prayer_gallery__phone-portrait__100__ur.png,qibla,prayer_gallery,phone-portrait,100,Urdu,1080,2209,4c6f690b6a1b1541106d219f30b24159a75f121f205384beba70c8d59c8b0628
36816998537,shots-phone-portrait-c,phone-portrait-c/qibla__prayer_gallery__phone-portrait__200.png,qibla,prayer_gallery,phone-portrait,200,English,1080,2209,04190a8c76af485aeda15f875ef3c465b37f2d250cf29e5137e1dfb9f56ee54f
36816998537,shots-phone-portrait-c,phone-portrait-c/timetable__celestial_meridian__phone-portrait__100.png,timetable,celestial_meridian,phone-portrait,100,English,1080,2209,ee33046bfe60eae54aa8f32ca55364b84116e2fce75648dc2f1bda75bd21023d
36816998537,shots-phone-portrait-c,phone-portrait-c/timetable__celestial_meridian__phone-portrait__100__ur.png,timetable,celestial_meridian,phone-portrait,100,Urdu,1080,2209,f56b991776e43389292fb31c6a51bf84a3bc827cbe43ed9358c315ba65f56207
36816998537,shots-phone-portrait-c,phone-portrait-c/timetable__celestial_meridian__phone-portrait__200.png,timetable,celestial_meridian,phone-portrait,200,English,1080,2209,dd589551498840b9f21ba01890ccb09ff839e19da65f947112fb18c8841a805b
36816998537,shots-phone-portrait-c,phone-portrait-c/timetable__kiswah__phone-portrait__100.png,timetable,kiswah,phone-portrait,100,English,1080,2209,84a488ef1fd927229e382e3bc9e6b7067e575382f6b5f6ef8e43b687a3d969c2
36816998537,shots-phone-portrait-c,phone-portrait-c/timetable__kiswah__phone-portrait__100__ur.png,timetable,kiswah,phone-portrait,100,Urdu,1080,2209,76b5fea88192fca92fecc3dbdab057a65a6f11f8825e3e7a47cfcd74a6449de9
36816998537,shots-phone-portrait-c,phone-portrait-c/timetable__kiswah__phone-portrait__200.png,timetable,kiswah,phone-portrait,200,English,1080,2209,11fc530951d4917999d5af7fbbbfdbfa22005406b3121db78620a0f67109a3f5
36816998537,shots-phone-portrait-c,phone-portrait-c/timetable__miqaat__phone-portrait__100.png,timetable,miqaat,phone-portrait,100,English,1080,2209,7bba16dc600d84acb6d8ac8e1519f745c3206baef0685a7c43eedab2e140de85
36816998537,shots-phone-portrait-c,phone-portrait-c/timetable__miqaat__phone-portrait__100__ur.png,timetable,miqaat,phone-portrait,100,Urdu,1080,2209,b236f4bb0201f3f6b4d0ab973f326bdbf3dcdbe3545f0d240f667ced97f06520
36816998537,shots-phone-portrait-c,phone-portrait-c/timetable__miqaat__phone-portrait__200.png,timetable,miqaat,phone-portrait,200,English,1080,2209,cb5afbeae7638e2a2da6b06cd6bd88780132b6cf5a9d34f7ded61b738a1de50a
36816998537,shots-phone-portrait-c,phone-portrait-c/timetable__prayer_gallery__phone-portrait__100.png,timetable,prayer_gallery,phone-portrait,100,English,1080,2209,2dc857802d3e3b243560349b56dd68d444278fb673170755c3d7643a9219ff7d
36816998537,shots-phone-portrait-c,phone-portrait-c/timetable__prayer_gallery__phone-portrait__100__ur.png,timetable,prayer_gallery,phone-portrait,100,Urdu,1080,2209,ef83609deef56f6a65d7ae4b48f6206f44537edfc0fa6f454ab73880dd532df5
36816998537,shots-phone-portrait-c,phone-portrait-c/timetable__prayer_gallery__phone-portrait__200.png,timetable,prayer_gallery,phone-portrait,200,English,1080,2209,ba47c0d4a0b7c9e26fb3d62cd438d23726922c996487ff5b506f3f6e4ff544a4
36816998537,shots-phone-portrait-d,phone-portrait-d/azaan__celestial_meridian__phone-portrait__100.png,azaan,celestial_meridian,phone-portrait,100,English,1080,2209,ff4ec182a148496b8f81399c1a0cf89e1818168a172c57966a5a83064d1fdb4f
36816998537,shots-phone-portrait-d,phone-portrait-d/azaan__celestial_meridian__phone-portrait__200.png,azaan,celestial_meridian,phone-portrait,200,English,1080,2209,96e1110bff37a2a8fbdf30450128b9849d2cf6a882f98d7b69468b3a12a066e3
36816998537,shots-phone-portrait-d,phone-portrait-d/azaan__kiswah__phone-portrait__100.png,azaan,kiswah,phone-portrait,100,English,1080,2209,ad75fc41c6716ea94576d39efc78f639df241350a09bfd9068b3fa9601ebe2ec
36816998537,shots-phone-portrait-d,phone-portrait-d/azaan__kiswah__phone-portrait__200.png,azaan,kiswah,phone-portrait,200,English,1080,2209,e1cb24f53e39bcff77efc4edb9c8c06fbd7066ab9bb4874f11aa1219be5816d2
36816998537,shots-phone-portrait-d,phone-portrait-d/azaan__miqaat__phone-portrait__100.png,azaan,miqaat,phone-portrait,100,English,1080,2209,0dd1c8cecd776e11e10b15ec1bf314665097c10c39bc503b45417749dd69b5b3
36816998537,shots-phone-portrait-d,phone-portrait-d/azaan__miqaat__phone-portrait__200.png,azaan,miqaat,phone-portrait,200,English,1080,2209,728e8b78c7ea3d226262556d23f5253113a9ed58ba6177f227a971f31fa3fadc
36816998537,shots-phone-portrait-d,phone-portrait-d/azaan__prayer_gallery__phone-portrait__100.png,azaan,prayer_gallery,phone-portrait,100,English,1080,2209,a91c8e41a5a91665e5586195daca3cf39be32ceee2844f91cf8669cfe0b64428
36816998537,shots-phone-portrait-d,phone-portrait-d/azaan__prayer_gallery__phone-portrait__200.png,azaan,prayer_gallery,phone-portrait,200,English,1080,2209,7e91c69b551e4a664c172688bc7ffe42718ed387f86a4a3a23fa19d341452dd4
36816998537,shots-phone-portrait-d,phone-portrait-d/dua__celestial_meridian__phone-portrait__100.png,dua,celestial_meridian,phone-portrait,100,English,1080,2209,c0c74eb8cc746b54e4e13f80b79ab0ccfa4af22392758a1ec6998fc4f0f49b3e
36816998537,shots-phone-portrait-d,phone-portrait-d/dua__celestial_meridian__phone-portrait__100__ur.png,dua,celestial_meridian,phone-portrait,100,Urdu,1080,2209,427abd62ee1353150cdcbaba31ee576f838b7d7a3467c5e4d773f040492c6a8f
36816998537,shots-phone-portrait-d,phone-portrait-d/dua__celestial_meridian__phone-portrait__200.png,dua,celestial_meridian,phone-portrait,200,English,1080,2209,0beed2275ab7844bab9febb89abe40a7f82ffd3ce045d7e419abae6490506d23
36816998537,shots-phone-portrait-d,phone-portrait-d/dua__kiswah__phone-portrait__100.png,dua,kiswah,phone-portrait,100,English,1080,2209,6e21b1bb6e6718826bb003905fb4928c8fedc51039162b284267ca99611ad4ae
36816998537,shots-phone-portrait-d,phone-portrait-d/dua__kiswah__phone-portrait__100__ur.png,dua,kiswah,phone-portrait,100,Urdu,1080,2209,7db8897877d3b7c7c18fc3f99dbdd261e12b5685f831d613a48bb82878c15e6c
36816998537,shots-phone-portrait-d,phone-portrait-d/dua__kiswah__phone-portrait__200.png,dua,kiswah,phone-portrait,200,English,1080,2209,ab4fc855af1e2d52ec0fbc48d04849393b2367b125934723b314b7f0ef45ad2d
36816998537,shots-phone-portrait-d,phone-portrait-d/dua__miqaat__phone-portrait__100.png,dua,miqaat,phone-portrait,100,English,1080,2209,3dd196e857ae6eec453a5526e6e38da75a55d808c3fce2219eb72d5f0d504294
36816998537,shots-phone-portrait-d,phone-portrait-d/dua__miqaat__phone-portrait__100__ur.png,dua,miqaat,phone-portrait,100,Urdu,1080,2209,bcd01d26ad8c0fdff5ea058ebf3e451ac963cc59370cf0c62c9902ea1914bd60
36816998537,shots-phone-portrait-d,phone-portrait-d/dua__miqaat__phone-portrait__200.png,dua,miqaat,phone-portrait,200,English,1080,2209,d0b208baab2d2ee29c70810d95d9bd99ec813eb0103df2eec496392ca4b71a00
36816998537,shots-phone-portrait-d,phone-portrait-d/dua__prayer_gallery__phone-portrait__100.png,dua,prayer_gallery,phone-portrait,100,English,1080,2209,1f24f2b15fecfb165ec77c05d23d24df8dc89a76d606a76302b161b93c9f63b9
36816998537,shots-phone-portrait-d,phone-portrait-d/dua__prayer_gallery__phone-portrait__100__ur.png,dua,prayer_gallery,phone-portrait,100,Urdu,1080,2209,cee12f310b329adf8113207851328aa74c1e33e6cfe2d068dd8259c7ab21efc0
36816998537,shots-phone-portrait-d,phone-portrait-d/dua__prayer_gallery__phone-portrait__200.png,dua,prayer_gallery,phone-portrait,200,English,1080,2209,22cb94881817d2efc9ac44f61177e613a0fb6523e2310e7619d0c0fe2fe00446
36816998537,shots-phone-portrait-d,phone-portrait-d/hadith__celestial_meridian__phone-portrait__100.png,hadith,celestial_meridian,phone-portrait,100,English,1080,2209,e4830b4af717769352495a23065ba5263edee3d85eb417da749a44939fb15431
36816998537,shots-phone-portrait-d,phone-portrait-d/hadith__celestial_meridian__phone-portrait__200.png,hadith,celestial_meridian,phone-portrait,200,English,1080,2209,37a9cc424c76aed24a8f3ae82dea7aa9828110f7fd83cb19cafa0ee59757a031
36816998537,shots-phone-portrait-d,phone-portrait-d/hadith__kiswah__phone-portrait__100.png,hadith,kiswah,phone-portrait,100,English,1080,2209,fe56d491a5a3245124d4de4979df9e95e6d0e44ca6497aaed7c9e4df660a2340
36816998537,shots-phone-portrait-d,phone-portrait-d/hadith__kiswah__phone-portrait__200.png,hadith,kiswah,phone-portrait,200,English,1080,2209,3e625bb8e6459674aa5c29ce81750a9975275276d28699c827d0007f2bdc274f
36816998537,shots-phone-portrait-d,phone-portrait-d/hadith__miqaat__phone-portrait__100.png,hadith,miqaat,phone-portrait,100,English,1080,2209,3f9f769c490381c7034713f48219655835098826b15114c0fa06fee2afa6aabb
36816998537,shots-phone-portrait-d,phone-portrait-d/hadith__miqaat__phone-portrait__200.png,hadith,miqaat,phone-portrait,200,English,1080,2209,719e161a8b674302147b3d86803bb2041130a274032c982eaf660f31eb6147fc
36816998537,shots-phone-portrait-d,phone-portrait-d/hadith__prayer_gallery__phone-portrait__100.png,hadith,prayer_gallery,phone-portrait,100,English,1080,2209,4b2fad4e2a853f1938233df51c331cf653315467d53727d9b78c0ee1d7161da2
36816998537,shots-phone-portrait-d,phone-portrait-d/hadith__prayer_gallery__phone-portrait__200.png,hadith,prayer_gallery,phone-portrait,200,English,1080,2209,ae631b5bc361f460fb6b6e2ba52af155ac1c13efe81d1bdc47b576dec44c43dd
36816998537,shots-phone-portrait-d,phone-portrait-d/iqamah__celestial_meridian__phone-portrait__100.png,iqamah,celestial_meridian,phone-portrait,100,English,1080,2209,8ae7c70cad7e30571c6e87e99d2bda27b04e4a1b2d6ed6de3beffb0f02ca47dc
36816998537,shots-phone-portrait-d,phone-portrait-d/iqamah__celestial_meridian__phone-portrait__200.png,iqamah,celestial_meridian,phone-portrait,200,English,1080,2209,decbad802903de0d6ca35631145a2b1b706ef5dd2ae4cb3dae9f553751dfcede
36816998537,shots-phone-portrait-d,phone-portrait-d/iqamah__kiswah__phone-portrait__100.png,iqamah,kiswah,phone-portrait,100,English,1080,2209,0da40dff4415de0e7f75ee0644d1ecbd8605d950e32f1e92488e678dfea8da05
36816998537,shots-phone-portrait-d,phone-portrait-d/iqamah__kiswah__phone-portrait__200.png,iqamah,kiswah,phone-portrait,200,English,1080,2209,755d03189a7d006f3114229d25e54874082ec7eef3e583a07eb0e874f146d19e
36816998537,shots-phone-portrait-d,phone-portrait-d/iqamah__miqaat__phone-portrait__100.png,iqamah,miqaat,phone-portrait,100,English,1080,2209,61972afe0fa995b325f6882ee360d3f48cf9a420aa3128bb161098350a307e6e
36816998537,shots-phone-portrait-d,phone-portrait-d/iqamah__miqaat__phone-portrait__200.png,iqamah,miqaat,phone-portrait,200,English,1080,2209,0f00520c4012d8905861a8a0f7ff33f6309c2e413c73312f258e75371b0ceb67
36816998537,shots-phone-portrait-d,phone-portrait-d/iqamah__prayer_gallery__phone-portrait__100.png,iqamah,prayer_gallery,phone-portrait,100,English,1080,2209,8aa61daccb2f4e9534c728765044a84783cb7e5957c20eecb25a9e8a871810d9
36816998537,shots-phone-portrait-d,phone-portrait-d/iqamah__prayer_gallery__phone-portrait__200.png,iqamah,prayer_gallery,phone-portrait,200,English,1080,2209,0aba692d05082946909cf22244eb5a906eda5872cea89adcbced171eb8f0429d
36816998537,shots-phone-portrait-d,phone-portrait-d/lesson-bowing__celestial_meridian__phone-portrait__100.png,lesson-bowing,celestial_meridian,phone-portrait,100,English,1080,2209,07a3ac5b8a426efea02f22c120d32c0bfcf3b8bf7cfac4aa7b13854c0a58b482
36816998537,shots-phone-portrait-d,phone-portrait-d/lesson-bowing__kiswah__phone-portrait__100.png,lesson-bowing,kiswah,phone-portrait,100,English,1080,2209,f58478de4c9c4cd53163bd1c24e7509835eae999dd4b06e1d5ba3dc3cb873a0a
36816998537,shots-phone-portrait-d,phone-portrait-d/lesson-bowing__miqaat__phone-portrait__100.png,lesson-bowing,miqaat,phone-portrait,100,English,1080,2209,7566334434ac7dd3357591fd65bc18707e37689ead2eed3ab4c20ed02a3e1ca6
36816998537,shots-phone-portrait-d,phone-portrait-d/lesson-bowing__prayer_gallery__phone-portrait__100.png,lesson-bowing,prayer_gallery,phone-portrait,100,English,1080,2209,fd22b28d0655af1f0879eb577078d2a013ef37e566ca1bc0daf639e764f22ec7
36816998537,shots-phone-portrait-d,phone-portrait-d/lesson-prostrating__celestial_meridian__phone-portrait__100.png,lesson-prostrating,celestial_meridian,phone-portrait,100,English,1080,2209,8868838ea10dec7a7f65821ab1986ff30e76ebf1bdc8af0e8aba8a64dc443173
36816998537,shots-phone-portrait-d,phone-portrait-d/lesson-prostrating__kiswah__phone-portrait__100.png,lesson-prostrating,kiswah,phone-portrait,100,English,1080,2209,8da959992a577d61bcfd4e2be0ffd539d6a453e42e91dd227ba3204ee3aa9bd2
36816998537,shots-phone-portrait-d,phone-portrait-d/lesson-prostrating__miqaat__phone-portrait__100.png,lesson-prostrating,miqaat,phone-portrait,100,English,1080,2209,fa49ad6e68ab89186193c5e7409f0e8ed07e872fb6469bfcfc582d704a91c717
36816998537,shots-phone-portrait-d,phone-portrait-d/lesson-prostrating__prayer_gallery__phone-portrait__100.png,lesson-prostrating,prayer_gallery,phone-portrait,100,English,1080,2209,aa1e5941bcaa1c752735aa2b911a6eb2ff15595286fd1a2dbd7e1c3be36b4e15
36816998537,shots-phone-portrait-d,phone-portrait-d/lesson-rising__celestial_meridian__phone-portrait__100.png,lesson-rising,celestial_meridian,phone-portrait,100,English,1080,2209,49fe5d5569c2c6e93fc1fa8c434ff168c8caef193ef8a03e339d0b461e7bb5bb
36816998537,shots-phone-portrait-d,phone-portrait-d/lesson-rising__kiswah__phone-portrait__100.png,lesson-rising,kiswah,phone-portrait,100,English,1080,2209,19210f646a0415f57014cc6f365638bc59e6bb0787dae8ed38a8180c1571f288
36816998537,shots-phone-portrait-d,phone-portrait-d/lesson-rising__miqaat__phone-portrait__100.png,lesson-rising,miqaat,phone-portrait,100,English,1080,2209,9d0f65f990acb5d535648f5e91d8872e8f6305aa95ef2a2b950a9f25f5649fe5
36816998537,shots-phone-portrait-d,phone-portrait-d/lesson-rising__prayer_gallery__phone-portrait__100.png,lesson-rising,prayer_gallery,phone-portrait,100,English,1080,2209,d277a73a7de4dc9c8774baf6d9ec27d91d00faaf7d2c2c1bc041c86e1325aae4
36816998537,shots-phone-portrait-d,phone-portrait-d/lesson-salam__celestial_meridian__phone-portrait__100.png,lesson-salam,celestial_meridian,phone-portrait,100,English,1080,2209,4aa8d1ac0c02feee6c8c46d9bfdd7fd0589e5fff6257527fab7563614e7c3d1e
36816998537,shots-phone-portrait-d,phone-portrait-d/lesson-salam__kiswah__phone-portrait__100.png,lesson-salam,kiswah,phone-portrait,100,English,1080,2209,2bd07a82bb5c7a8fb9857c3ae01d4a03abba8f2e27975e7196fe65ab8f081a33
36816998537,shots-phone-portrait-d,phone-portrait-d/lesson-salam__miqaat__phone-portrait__100.png,lesson-salam,miqaat,phone-portrait,100,English,1080,2209,bb97078da0667540f6746bb43a32b72aff360a6874b13121ddb125b1d5ae9d60
36816998537,shots-phone-portrait-d,phone-portrait-d/lesson-salam__prayer_gallery__phone-portrait__100.png,lesson-salam,prayer_gallery,phone-portrait,100,English,1080,2209,81c51a36d54a3539089c651eb854acb1a95a3a0942cb1024852f6c0dc522bc27
36816998537,shots-phone-portrait-d,phone-portrait-d/lesson-sitting__celestial_meridian__phone-portrait__100.png,lesson-sitting,celestial_meridian,phone-portrait,100,English,1080,2209,4d740c9db680d5e6f1ae4e2f639f64f36972dca1126bbddec6e0a2d6cef0829e
36816998537,shots-phone-portrait-d,phone-portrait-d/lesson-sitting__kiswah__phone-portrait__100.png,lesson-sitting,kiswah,phone-portrait,100,English,1080,2209,598944fb25361054a47f8fa8c9bbbdfa3149c4cb5d137e6a1d073b844e39294e
36816998537,shots-phone-portrait-d,phone-portrait-d/lesson-sitting__miqaat__phone-portrait__100.png,lesson-sitting,miqaat,phone-portrait,100,English,1080,2209,eb5512e927fffb934ad4c360c1c80b2245e45f02c1c9a0432171d6c7c2f769fc
36816998537,shots-phone-portrait-d,phone-portrait-d/lesson-sitting__prayer_gallery__phone-portrait__100.png,lesson-sitting,prayer_gallery,phone-portrait,100,English,1080,2209,02810af4ac054d284fb1b4620194d029e842f8f700a708e2c444f16295cfe5d2
36816998537,shots-phone-portrait-d,phone-portrait-d/lesson-standing__celestial_meridian__phone-portrait__100.png,lesson-standing,celestial_meridian,phone-portrait,100,English,1080,2209,82c4593142a082d6fbcd5e9ed9a4fa9d094786343bec465e40da070edda850a7
36816998537,shots-phone-portrait-d,phone-portrait-d/lesson-standing__kiswah__phone-portrait__100.png,lesson-standing,kiswah,phone-portrait,100,English,1080,2209,66392acc7d63d41c5f06a1e422f6dd7dba980d2672b52ecafc976d9c7f297aed
36816998537,shots-phone-portrait-d,phone-portrait-d/lesson-standing__miqaat__phone-portrait__100.png,lesson-standing,miqaat,phone-portrait,100,English,1080,2209,0c3b6aac6346eadf2c7e69f93054ee7924111b623695e21d68db52fa2bcc9fa3
36816998537,shots-phone-portrait-d,phone-portrait-d/lesson-standing__prayer_gallery__phone-portrait__100.png,lesson-standing,prayer_gallery,phone-portrait,100,English,1080,2209,1af822a661260c9d806e4c12d0e09206403afc9122815f8ded0acb6668751e66
36816998537,shots-phone-portrait-d,phone-portrait-d/lesson-takbir__celestial_meridian__phone-portrait__100.png,lesson-takbir,celestial_meridian,phone-portrait,100,English,1080,2209,d9b11062dff70a4d756891db452bbd747c1809ec273f72e24b46085fdf31b112
36816998537,shots-phone-portrait-d,phone-portrait-d/lesson-takbir__kiswah__phone-portrait__100.png,lesson-takbir,kiswah,phone-portrait,100,English,1080,2209,7f09994ad53eb02a564c96a9c62c4d9bb806d74280e3b69082ed077c0c19968b
36816998537,shots-phone-portrait-d,phone-portrait-d/lesson-takbir__miqaat__phone-portrait__100.png,lesson-takbir,miqaat,phone-portrait,100,English,1080,2209,76ed1c2f55cb40cff1ee13cccddc9aecc36141c55645981e6ff49a7b9c0c5c81
36816998537,shots-phone-portrait-d,phone-portrait-d/lesson-takbir__prayer_gallery__phone-portrait__100.png,lesson-takbir,prayer_gallery,phone-portrait,100,English,1080,2209,6c6e8f36f684b2cc6b7a2eab64a08700706a3a3d8c61e99e79cc9d2d413e1585
36816998537,shots-phone-portrait-d,phone-portrait-d/lesson-tashahhud__celestial_meridian__phone-portrait__100.png,lesson-tashahhud,celestial_meridian,phone-portrait,100,English,1080,2209,1ea26fa05bf19e0531562e196a5b08d65f4181626bd270164a8aeae8d04b077d
36816998537,shots-phone-portrait-d,phone-portrait-d/lesson-tashahhud__kiswah__phone-portrait__100.png,lesson-tashahhud,kiswah,phone-portrait,100,English,1080,2209,ee2033550a9c82fd039d2885a3ecaca140d1c0ebc0716a0c9a51e3c68c0a3700
36816998537,shots-phone-portrait-d,phone-portrait-d/lesson-tashahhud__miqaat__phone-portrait__100.png,lesson-tashahhud,miqaat,phone-portrait,100,English,1080,2209,ae2f924c8c841595adc2d96fdcca57103c09983393e7840a543976da7d69112f
36816998537,shots-phone-portrait-d,phone-portrait-d/lesson-tashahhud__prayer_gallery__phone-portrait__100.png,lesson-tashahhud,prayer_gallery,phone-portrait,100,English,1080,2209,ed0547ebcae990496f154b0155eb69e162278305eecbd37968f93dfd80fddb43
36816998537,shots-tablet-landscape-a,tablet-landscape-a/home__celestial_meridian__tablet-landscape__100.png,home,celestial_meridian,tablet-landscape,100,English,2560,1432,40d19ec83b2e0fdb44472b6888a7ac95827282e008d8ed5bdbfb5c6acb5fe98f
36816998537,shots-tablet-landscape-a,tablet-landscape-a/home__celestial_meridian__tablet-landscape__100__ur.png,home,celestial_meridian,tablet-landscape,100,Urdu,2560,1432,8a41122e6d4ed8f1e9b55fecc0220b31788a0b928699da896afa5c4910524193
36816998537,shots-tablet-landscape-a,tablet-landscape-a/home__celestial_meridian__tablet-landscape__130.png,home,celestial_meridian,tablet-landscape,130,English,2560,1432,cff4fcb87805257098f7800219927344d985c4d09d7e58cc2d4a186497075954
36816998537,shots-tablet-landscape-a,tablet-landscape-a/home__celestial_meridian__tablet-landscape__130__ur.png,home,celestial_meridian,tablet-landscape,130,Urdu,2560,1432,94f3ba3cdf25b4efaeef1744f78cee61ebd649318666675f697c8c7ca4111e4e
36816998537,shots-tablet-landscape-a,tablet-landscape-a/home__celestial_meridian__tablet-landscape__200.png,home,celestial_meridian,tablet-landscape,200,English,2560,1432,48a02c7dda6e18d786f8c097d62d232d45053e14e5d7847a409b8670799de8c3
36816998537,shots-tablet-landscape-a,tablet-landscape-a/home__kiswah__tablet-landscape__100.png,home,kiswah,tablet-landscape,100,English,2560,1432,3c9c9cd8cacd13700fdf5d7c5ff8057a7c02cd68092265ae94082c7c5c7ccb21
36816998537,shots-tablet-landscape-a,tablet-landscape-a/home__kiswah__tablet-landscape__100__ur.png,home,kiswah,tablet-landscape,100,Urdu,2560,1432,74c535c28272470f7b21eef43155ddddf5e67c0580b081714720a3ca46244b50
36816998537,shots-tablet-landscape-a,tablet-landscape-a/home__kiswah__tablet-landscape__130.png,home,kiswah,tablet-landscape,130,English,2560,1432,1c467bd59a57e293cbc2b212f0ea0c8440475227d9f9865d1eb1e47853b710fc
36816998537,shots-tablet-landscape-a,tablet-landscape-a/home__kiswah__tablet-landscape__130__ur.png,home,kiswah,tablet-landscape,130,Urdu,2560,1432,b6fe1ec7d374bfeb01527e1f59166c5215cc1646825831fefa813528e158ee6a
36816998537,shots-tablet-landscape-a,tablet-landscape-a/home__kiswah__tablet-landscape__200.png,home,kiswah,tablet-landscape,200,English,2560,1432,0964401bc19d4f29fe1be2a720369f103b0bbd1d404f10c66ddc595ae70815a7
36816998537,shots-tablet-landscape-a,tablet-landscape-a/home__miqaat__tablet-landscape__100.png,home,miqaat,tablet-landscape,100,English,2560,1432,cff9661595f852dc0fae3544bb69aeaffaa6282968603991b9d6f0c6e1de3868
36816998537,shots-tablet-landscape-a,tablet-landscape-a/home__miqaat__tablet-landscape__100__ur.png,home,miqaat,tablet-landscape,100,Urdu,2560,1432,f12e49ba17399ff3f516cc955004b4b0a7c6914404c7be933582304b636ea508
36816998537,shots-tablet-landscape-a,tablet-landscape-a/home__miqaat__tablet-landscape__130.png,home,miqaat,tablet-landscape,130,English,2560,1432,31844469ea03c19a8a71a3bfa4682fed7a957ee81b8360318d8d8706f023fd4e
36816998537,shots-tablet-landscape-a,tablet-landscape-a/home__miqaat__tablet-landscape__130__ur.png,home,miqaat,tablet-landscape,130,Urdu,2560,1432,4c8d8cb0a570d5e7ff596d3b860c145bf58224855545a1bd99cbbaa21b16ca2d
36816998537,shots-tablet-landscape-a,tablet-landscape-a/home__miqaat__tablet-landscape__200.png,home,miqaat,tablet-landscape,200,English,2560,1432,bf3d6994bf3d9aeeb3ee11716bc0e4146061cd6db624b0b74c1bae3e81dca227
36816998537,shots-tablet-landscape-a,tablet-landscape-a/home__prayer_gallery__tablet-landscape__100.png,home,prayer_gallery,tablet-landscape,100,English,2560,1432,79f1bd8813c88e65846e644c259603d00f182381047d6f72b9acccef0de18193
36816998537,shots-tablet-landscape-a,tablet-landscape-a/home__prayer_gallery__tablet-landscape__100__ur.png,home,prayer_gallery,tablet-landscape,100,Urdu,2560,1432,4e4053892788ac88a8ce8f570d93e6d1f0c2463453e399a58bf2015f3da38756
36816998537,shots-tablet-landscape-a,tablet-landscape-a/home__prayer_gallery__tablet-landscape__130.png,home,prayer_gallery,tablet-landscape,130,English,2560,1432,d1bc72024ee587ef55a3c193a35ba0d437ec60095e1be89efa65c5a13a628d05
36816998537,shots-tablet-landscape-a,tablet-landscape-a/home__prayer_gallery__tablet-landscape__130__ur.png,home,prayer_gallery,tablet-landscape,130,Urdu,2560,1432,c11d768785e47c7214887c054ac0960fa5f65b209fdcdebb04f7217c4bda8dcf
36816998537,shots-tablet-landscape-a,tablet-landscape-a/home__prayer_gallery__tablet-landscape__200.png,home,prayer_gallery,tablet-landscape,200,English,2560,1432,81215f4b10c5848b8e94d7c359c4efc933145efd7b09d7cc6f4ed2a638cf46af
36816998537,shots-tablet-landscape-a,tablet-landscape-a/state-ready__celestial_meridian__tablet-landscape__100.png,state-ready,celestial_meridian,tablet-landscape,100,English,2560,262,8a086a4f777c34dabab16b432cda22a7c49ef809672f8315f6164ed3092edb4a
36816998537,shots-tablet-landscape-a,tablet-landscape-a/state-ready__celestial_meridian__tablet-landscape__200.png,state-ready,celestial_meridian,tablet-landscape,200,English,2560,914,e0575d051a0d5551fde033772faac4895b847c9bf83237d336568db79462d0d8
36816998537,shots-tablet-landscape-a,tablet-landscape-a/state-ready__kiswah__tablet-landscape__100.png,state-ready,kiswah,tablet-landscape,100,English,2560,262,a36825de2b286ae79c47f6aad2a32794339570e5eab75629dd75e6b78a68cb17
36816998537,shots-tablet-landscape-a,tablet-landscape-a/state-ready__kiswah__tablet-landscape__200.png,state-ready,kiswah,tablet-landscape,200,English,2560,914,001aa032ade31b1a6027f2fa147e96b3703597e390bd9bff85ee2ad8b7483665
36816998537,shots-tablet-landscape-a,tablet-landscape-a/state-ready__miqaat__tablet-landscape__100.png,state-ready,miqaat,tablet-landscape,100,English,2560,262,5b423f8ca8b80617d1b26449b919116d19cf9d9aa09cbf0c82d2a8ff01e14b46
36816998537,shots-tablet-landscape-a,tablet-landscape-a/state-ready__miqaat__tablet-landscape__200.png,state-ready,miqaat,tablet-landscape,200,English,2560,914,c38968ac73f1ad083355f5fa955d0c19c7c843be107033042fd4317d73db1c22
36816998537,shots-tablet-landscape-a,tablet-landscape-a/state-ready__prayer_gallery__tablet-landscape__100.png,state-ready,prayer_gallery,tablet-landscape,100,English,2560,262,d63d84f66271f7101ec18c81ad3a56d0d5b8999275dc3c626dd54e7ac85aeb4e
36816998537,shots-tablet-landscape-a,tablet-landscape-a/state-ready__prayer_gallery__tablet-landscape__200.png,state-ready,prayer_gallery,tablet-landscape,200,English,2560,914,d07d860c71462d083b513d76539cf396a6400054e40d39310bb9c6a5bb1874dc
36816998537,shots-tablet-landscape-a,tablet-landscape-a/state-warning__celestial_meridian__tablet-landscape__100.png,state-warning,celestial_meridian,tablet-landscape,100,English,2560,262,20bc251e6acbc6e4e4a00fd74e0d5ae39f2b13fb45f44b2f7938e0cf9a044087
36816998537,shots-tablet-landscape-a,tablet-landscape-a/state-warning__celestial_meridian__tablet-landscape__200.png,state-warning,celestial_meridian,tablet-landscape,200,English,2560,914,9bdc8825be04fc05dde8ef5a7bf657d63d10c3085ce246bc08d355f078eb1539
36816998537,shots-tablet-landscape-a,tablet-landscape-a/state-warning__kiswah__tablet-landscape__100.png,state-warning,kiswah,tablet-landscape,100,English,2560,262,8c34218f31505a1841f9dbe0c4a06d1711338c8ca45718aa7a5755a2aa231f7b
36816998537,shots-tablet-landscape-a,tablet-landscape-a/state-warning__kiswah__tablet-landscape__200.png,state-warning,kiswah,tablet-landscape,200,English,2560,914,4091401eb8b8c1cfb180fa8e3c8a004974ad94c04d92402dccf22b5f0bb4ffa3
36816998537,shots-tablet-landscape-a,tablet-landscape-a/state-warning__miqaat__tablet-landscape__100.png,state-warning,miqaat,tablet-landscape,100,English,2560,262,52f506ddd226d6e9552976d46a41f0c13990f02f219ee9f597bd641999ae8a3f
36816998537,shots-tablet-landscape-a,tablet-landscape-a/state-warning__miqaat__tablet-landscape__200.png,state-warning,miqaat,tablet-landscape,200,English,2560,914,6272459aef093da09241049e276306b119e155a46197d1fbda50629c7bb8ea94
36816998537,shots-tablet-landscape-a,tablet-landscape-a/state-warning__prayer_gallery__tablet-landscape__100.png,state-warning,prayer_gallery,tablet-landscape,100,English,2560,262,dbaec096c7deed24afbe7fa54345673a97935ca3f5b96585d0dde375e950a705
36816998537,shots-tablet-landscape-a,tablet-landscape-a/state-warning__prayer_gallery__tablet-landscape__200.png,state-warning,prayer_gallery,tablet-landscape,200,English,2560,914,37c7708c4df34be50efeace8943896cdc7ca56b36c777387c6e102ab4291d454
36816998537,shots-tablet-landscape-b,tablet-landscape-b/settings-about__celestial_meridian__tablet-landscape__100.png,settings-about,celestial_meridian,tablet-landscape,100,English,2560,1432,bfe8c054b436ff49482abc73290db4d4eda985bdd1e6102cefc28d76ad284664
36816998537,shots-tablet-landscape-b,tablet-landscape-b/settings-about__kiswah__tablet-landscape__100.png,settings-about,kiswah,tablet-landscape,100,English,2560,1432,1a3bcfdfb593c60884cf71a8f1b2b5ff02f308d3f9e6915dd7e5253444eb2fff
36816998537,shots-tablet-landscape-b,tablet-landscape-b/settings-about__miqaat__tablet-landscape__100.png,settings-about,miqaat,tablet-landscape,100,English,2560,1432,e663a032bbab12c1381dc9aa6c846be500678bbc3394a7a01f943dc8c3d82638
36816998537,shots-tablet-landscape-b,tablet-landscape-b/settings-about__prayer_gallery__tablet-landscape__100.png,settings-about,prayer_gallery,tablet-landscape,100,English,2560,1432,44b278353c81bd0aa7f27f3719da07635f922b225afa36c634a7b7244800d909
36816998537,shots-tablet-landscape-b,tablet-landscape-b/settings-azaan__celestial_meridian__tablet-landscape__100.png,settings-azaan,celestial_meridian,tablet-landscape,100,English,2560,1432,051bddab3204c6113486fd967a7f2ad96fcae680e18c86a3f98c6b36af6a69ef
36816998537,shots-tablet-landscape-b,tablet-landscape-b/settings-azaan__kiswah__tablet-landscape__100.png,settings-azaan,kiswah,tablet-landscape,100,English,2560,1432,7513ddf3225270cb3695045ea0c6c2a0926526b4b0e7cb0f1cae2bb86620f969
36816998537,shots-tablet-landscape-b,tablet-landscape-b/settings-azaan__miqaat__tablet-landscape__100.png,settings-azaan,miqaat,tablet-landscape,100,English,2560,1432,01e3a523d3480a046c3d9233a0d76ee8c59c7f2af2e8897bc67d2032e6ffb5e1
36816998537,shots-tablet-landscape-b,tablet-landscape-b/settings-azaan__prayer_gallery__tablet-landscape__100.png,settings-azaan,prayer_gallery,tablet-landscape,100,English,2560,1432,e24e44c34c4289d174f0fe91dad1fb463974189591110242f1da6c59667a6fe6
36816998537,shots-tablet-landscape-b,tablet-landscape-b/settings-display__celestial_meridian__tablet-landscape__100.png,settings-display,celestial_meridian,tablet-landscape,100,English,2560,1432,b457b73b9995c95677833bb0004284ed670c99c494d6aace1a9785ae9f155af5
36816998537,shots-tablet-landscape-b,tablet-landscape-b/settings-display__celestial_meridian__tablet-landscape__100__ur.png,settings-display,celestial_meridian,tablet-landscape,100,Urdu,2560,1432,0e4301c9f8ce2b9985f957140ea7c040561e481ef6a54886146d45bbdbb2b6c3
36816998537,shots-tablet-landscape-b,tablet-landscape-b/settings-display__celestial_meridian__tablet-landscape__200.png,settings-display,celestial_meridian,tablet-landscape,200,English,2560,1432,2475b997dc93318179cbc65e0bfc14755aa1b5fffed16dc2dc79637161bfa706
36816998537,shots-tablet-landscape-b,tablet-landscape-b/settings-display__kiswah__tablet-landscape__100.png,settings-display,kiswah,tablet-landscape,100,English,2560,1432,d090b3b7609ef155508f79b0b6bd0500c1138b02e75a990cb052b2824af5b193
36816998537,shots-tablet-landscape-b,tablet-landscape-b/settings-display__kiswah__tablet-landscape__100__ur.png,settings-display,kiswah,tablet-landscape,100,Urdu,2560,1432,cea252b68d4a7000818ed4194751d4ee6b7a15ae44a2a1df97374595ca8affc5
36816998537,shots-tablet-landscape-b,tablet-landscape-b/settings-display__kiswah__tablet-landscape__200.png,settings-display,kiswah,tablet-landscape,200,English,2560,1432,ef15008206157d82784316a95904c09f08f2e1a0284c66b8b73f2b43c2a35021
36816998537,shots-tablet-landscape-b,tablet-landscape-b/settings-display__miqaat__tablet-landscape__100.png,settings-display,miqaat,tablet-landscape,100,English,2560,1432,698d1768d0f110fe33ee851d4bc6e414a16215272113fb544e47444e3d68d3e5
36816998537,shots-tablet-landscape-b,tablet-landscape-b/settings-display__miqaat__tablet-landscape__100__ur.png,settings-display,miqaat,tablet-landscape,100,Urdu,2560,1432,cf0d60d128ad362f461e4f2471a1e7f4fb09f69d3b4ff135748d9d8eb959725f
36816998537,shots-tablet-landscape-b,tablet-landscape-b/settings-display__miqaat__tablet-landscape__200.png,settings-display,miqaat,tablet-landscape,200,English,2560,1432,e6828be55146325402906ee7e54995207b838010b5d6f0217917203f9d88c16a
36816998537,shots-tablet-landscape-b,tablet-landscape-b/settings-display__prayer_gallery__tablet-landscape__100.png,settings-display,prayer_gallery,tablet-landscape,100,English,2560,1432,14cdd41391533c567a6117e007f5d3870df4ddce2e8ab1980d3bb1c49f3d475d
36816998537,shots-tablet-landscape-b,tablet-landscape-b/settings-display__prayer_gallery__tablet-landscape__100__ur.png,settings-display,prayer_gallery,tablet-landscape,100,Urdu,2560,1432,55d94f64de8e6b9097935aa3c030d3f130d1ec0b74ea03a011e38934a735698d
36816998537,shots-tablet-landscape-b,tablet-landscape-b/settings-display__prayer_gallery__tablet-landscape__200.png,settings-display,prayer_gallery,tablet-landscape,200,English,2560,1432,111838fbb663f90c645535e12f7a5ec613487bbd5623ed97f00775525ee1a9c0
36816998537,shots-tablet-landscape-b,tablet-landscape-b/settings-health__celestial_meridian__tablet-landscape__100.png,settings-health,celestial_meridian,tablet-landscape,100,English,2560,1432,196fc4287e97552c5160a72419ed867f90887e2d1a5a6e40cc756510a070edfa
36816998537,shots-tablet-landscape-b,tablet-landscape-b/settings-health__kiswah__tablet-landscape__100.png,settings-health,kiswah,tablet-landscape,100,English,2560,1432,8c78c749e0beacdabea3ebae47ab3884b20367657f2cecf19cf1f1e133fec423
36816998537,shots-tablet-landscape-b,tablet-landscape-b/settings-health__miqaat__tablet-landscape__100.png,settings-health,miqaat,tablet-landscape,100,English,2560,1432,979a662c8afcf34c7a9e02dc772d60efe8de2b861ca1391376d4b31292f0719b
36816998537,shots-tablet-landscape-b,tablet-landscape-b/settings-health__prayer_gallery__tablet-landscape__100.png,settings-health,prayer_gallery,tablet-landscape,100,English,2560,1432,d979a93ec9a7f206aa544bf316ad65612869598cd6d318f378382fc347c25d49
36816998537,shots-tablet-landscape-b,tablet-landscape-b/settings-hijri__celestial_meridian__tablet-landscape__100.png,settings-hijri,celestial_meridian,tablet-landscape,100,English,2560,1432,f1511f78b7bf90c8fbc3efe33a912d9152699e0d1d4b2af0cfd68091d45b8027
36816998537,shots-tablet-landscape-b,tablet-landscape-b/settings-hijri__kiswah__tablet-landscape__100.png,settings-hijri,kiswah,tablet-landscape,100,English,2560,1432,836e540b52eac0c6ee932a7b8f5e2c385e49299d93afc8ee2242c7ace8ad8c73
36816998537,shots-tablet-landscape-b,tablet-landscape-b/settings-hijri__miqaat__tablet-landscape__100.png,settings-hijri,miqaat,tablet-landscape,100,English,2560,1432,9b0255fcda524ddb93b4f0c6429d8acc3486977d3f5399f30d068de629da2ab4
36816998537,shots-tablet-landscape-b,tablet-landscape-b/settings-hijri__prayer_gallery__tablet-landscape__100.png,settings-hijri,prayer_gallery,tablet-landscape,100,English,2560,1432,eace7ef6046da812447c6e2646d7620bdd28da7a918c2fed49acba3999bc336a
36816998537,shots-tablet-landscape-b,tablet-landscape-b/settings-iqamah__celestial_meridian__tablet-landscape__100.png,settings-iqamah,celestial_meridian,tablet-landscape,100,English,2560,1432,0dffc661ed8305248e36c75fd098524363c45d881bfd691535a98c26df6ab3fc
36816998537,shots-tablet-landscape-b,tablet-landscape-b/settings-iqamah__kiswah__tablet-landscape__100.png,settings-iqamah,kiswah,tablet-landscape,100,English,2560,1432,4cdc7c3194448e7a5997f2bbc5180f546df8300bece0aaa5bf72038e430b967f
36816998537,shots-tablet-landscape-b,tablet-landscape-b/settings-iqamah__miqaat__tablet-landscape__100.png,settings-iqamah,miqaat,tablet-landscape,100,English,2560,1432,b4f397c6dd85cec68230f1c9059d48c6bcdf116da85bb083cd2ac7c7c37e291d
36816998537,shots-tablet-landscape-b,tablet-landscape-b/settings-iqamah__prayer_gallery__tablet-landscape__100.png,settings-iqamah,prayer_gallery,tablet-landscape,100,English,2560,1432,f25cc5fb9d9eab8e4cf099142842d4762544eeea72ebe48e4e4113a44f133ef0
36816998537,shots-tablet-landscape-b,tablet-landscape-b/settings-location__celestial_meridian__tablet-landscape__100.png,settings-location,celestial_meridian,tablet-landscape,100,English,2560,1432,047587f0bab50ba3689deaeb4b14a9903c8c07cf90efdcfa8517cf3cabf51c25
36816998537,shots-tablet-landscape-b,tablet-landscape-b/settings-location__celestial_meridian__tablet-landscape__100__ur.png,settings-location,celestial_meridian,tablet-landscape,100,Urdu,2560,1432,a14a38e400b2a418c01cdebf1e573bead506bca92f77e297f3a0700f6e88a8c2
36816998537,shots-tablet-landscape-b,tablet-landscape-b/settings-location__kiswah__tablet-landscape__100.png,settings-location,kiswah,tablet-landscape,100,English,2560,1432,e7c4590dd6118b4679380c95ea0b513850dabc4ccdaddbed6c3e7cae17c609df
36816998537,shots-tablet-landscape-b,tablet-landscape-b/settings-location__kiswah__tablet-landscape__100__ur.png,settings-location,kiswah,tablet-landscape,100,Urdu,2560,1432,a49f485514a6155f95087908c8f60752db2263c8bc6579e96f6ce13fb507d780
36816998537,shots-tablet-landscape-b,tablet-landscape-b/settings-location__miqaat__tablet-landscape__100.png,settings-location,miqaat,tablet-landscape,100,English,2560,1432,ef4898eff4aec734c3cd7e1e234235ecbfaa1b1581b2ba2f28afaf6f650b47a2
36816998537,shots-tablet-landscape-b,tablet-landscape-b/settings-location__miqaat__tablet-landscape__100__ur.png,settings-location,miqaat,tablet-landscape,100,Urdu,2560,1432,15b4a5414e4e0fb1d5daf9e5f40fd25c640b2f7d199f718ea1790208b3f68725
36816998537,shots-tablet-landscape-b,tablet-landscape-b/settings-location__prayer_gallery__tablet-landscape__100.png,settings-location,prayer_gallery,tablet-landscape,100,English,2560,1432,046986fe27751329ecc06995d0bbe43a6806eec3ca5812e0ac7a9123eb10f3d6
36816998537,shots-tablet-landscape-b,tablet-landscape-b/settings-location__prayer_gallery__tablet-landscape__100__ur.png,settings-location,prayer_gallery,tablet-landscape,100,Urdu,2560,1432,3dd84b641f01f754e81345c327f44ddf440663cba4ac42b1012e7e8c2dcc3631
36816998537,shots-tablet-landscape-b,tablet-landscape-b/settings-privacy__celestial_meridian__tablet-landscape__100.png,settings-privacy,celestial_meridian,tablet-landscape,100,English,2560,1432,5fe87a5091ff518f2c63d2a6dc147aacc79b077eeeb66ff4555c30ad39b06ee8
36816998537,shots-tablet-landscape-b,tablet-landscape-b/settings-privacy__kiswah__tablet-landscape__100.png,settings-privacy,kiswah,tablet-landscape,100,English,2560,1432,8e75bf7264fc87ff06e7118a1fd232e36bef1cec9b2d51b91d7fc9c174716b37
36816998537,shots-tablet-landscape-b,tablet-landscape-b/settings-privacy__miqaat__tablet-landscape__100.png,settings-privacy,miqaat,tablet-landscape,100,English,2560,1432,b187b8e93a4a6f1946d523a6b91154a979064cb70ea72d6e7e90acbc7293ac03
36816998537,shots-tablet-landscape-b,tablet-landscape-b/settings-privacy__prayer_gallery__tablet-landscape__100.png,settings-privacy,prayer_gallery,tablet-landscape,100,English,2560,1432,e1a8c3c56eb2f41b219a5c31325d60cd506f1fd3b0cd04cf8027beb1270fcff1
36816998537,shots-tablet-landscape-b,tablet-landscape-b/settings-test__celestial_meridian__tablet-landscape__100.png,settings-test,celestial_meridian,tablet-landscape,100,English,2560,1432,57ba2f71735dc1d31d4c78c04575824d62f93b44f7e9bb12366636e033234b57
36816998537,shots-tablet-landscape-b,tablet-landscape-b/settings-test__celestial_meridian__tablet-landscape__200.png,settings-test,celestial_meridian,tablet-landscape,200,English,2560,1432,0b3345ffd8e3dda4cc8120f377ced6d3efa6509fce93e7ebff89e1bc3f9aced4
36816998537,shots-tablet-landscape-b,tablet-landscape-b/settings-test__kiswah__tablet-landscape__100.png,settings-test,kiswah,tablet-landscape,100,English,2560,1432,dc779f546f80850c5968a517c3135ea1f80af83485434092d776f1bf2ce426c9
36816998537,shots-tablet-landscape-b,tablet-landscape-b/settings-test__kiswah__tablet-landscape__200.png,settings-test,kiswah,tablet-landscape,200,English,2560,1432,12085fcc9d1f2cade818de66287b55d4fd63ffb142e5748cca1963f122135258
36816998537,shots-tablet-landscape-b,tablet-landscape-b/settings-test__miqaat__tablet-landscape__100.png,settings-test,miqaat,tablet-landscape,100,English,2560,1432,781a11eb9eaa0c0e80c8af1636930d0a6fa88be2d1b4703d0f12d36e76a56bd1
36816998537,shots-tablet-landscape-b,tablet-landscape-b/settings-test__miqaat__tablet-landscape__200.png,settings-test,miqaat,tablet-landscape,200,English,2560,1432,36ea15df0d43be419be602adda9ff61cfeb5ad60e5e568835f18e9ec8b41892d
36816998537,shots-tablet-landscape-b,tablet-landscape-b/settings-test__prayer_gallery__tablet-landscape__100.png,settings-test,prayer_gallery,tablet-landscape,100,English,2560,1432,0ed05ccc888c235c4c0c933377fa7014b6ef0274d81b56d72952ee5aace7acdf
36816998537,shots-tablet-landscape-b,tablet-landscape-b/settings-test__prayer_gallery__tablet-landscape__200.png,settings-test,prayer_gallery,tablet-landscape,200,English,2560,1432,c534d30c42fc764fe9a0162d1d7dd3277d78f61e2325d66cbd82967993ee2679
36816998537,shots-tablet-landscape-b,tablet-landscape-b/settings-times__celestial_meridian__tablet-landscape__100.png,settings-times,celestial_meridian,tablet-landscape,100,English,2560,1432,0f0dc780d9fb3af87777cc4408c4e6afc66e71ea0f47e554ac6722659c13fabb
36816998537,shots-tablet-landscape-b,tablet-landscape-b/settings-times__kiswah__tablet-landscape__100.png,settings-times,kiswah,tablet-landscape,100,English,2560,1432,c3d8c2db15d9c749550c2333455a2878052c118ac2ede1a3088884ae89d56e6a
36816998537,shots-tablet-landscape-b,tablet-landscape-b/settings-times__miqaat__tablet-landscape__100.png,settings-times,miqaat,tablet-landscape,100,English,2560,1432,0f55fc4796b3a29f5a8a00c08533151dc0376f9dc69e95d59e1a94b604e4ed43
36816998537,shots-tablet-landscape-b,tablet-landscape-b/settings-times__prayer_gallery__tablet-landscape__100.png,settings-times,prayer_gallery,tablet-landscape,100,English,2560,1432,11e3e5953b59a8adc973c64b1fdf96685fb1f283ac17d34e41c0be0cd808dd81
36816998537,shots-tablet-landscape-b,tablet-landscape-b/settings__celestial_meridian__tablet-landscape__100.png,settings,celestial_meridian,tablet-landscape,100,English,2560,1432,047587f0bab50ba3689deaeb4b14a9903c8c07cf90efdcfa8517cf3cabf51c25
36816998537,shots-tablet-landscape-b,tablet-landscape-b/settings__celestial_meridian__tablet-landscape__100__ur.png,settings,celestial_meridian,tablet-landscape,100,Urdu,2560,1432,a14a38e400b2a418c01cdebf1e573bead506bca92f77e297f3a0700f6e88a8c2
36816998537,shots-tablet-landscape-b,tablet-landscape-b/settings__celestial_meridian__tablet-landscape__130.png,settings,celestial_meridian,tablet-landscape,130,English,2560,1432,88d85dab7cb18eed1c61e6def3ddcd6368c5870891986f9e4013b2e48626d518
36816998537,shots-tablet-landscape-b,tablet-landscape-b/settings__celestial_meridian__tablet-landscape__200.png,settings,celestial_meridian,tablet-landscape,200,English,2560,1432,e70fc209bb2d70a40c8787a724eba8ce642be6bbc5b1474927f3b63f162d8e5f
36816998537,shots-tablet-landscape-b,tablet-landscape-b/settings__kiswah__tablet-landscape__100.png,settings,kiswah,tablet-landscape,100,English,2560,1432,e7c4590dd6118b4679380c95ea0b513850dabc4ccdaddbed6c3e7cae17c609df
36816998537,shots-tablet-landscape-b,tablet-landscape-b/settings__kiswah__tablet-landscape__100__ur.png,settings,kiswah,tablet-landscape,100,Urdu,2560,1432,a49f485514a6155f95087908c8f60752db2263c8bc6579e96f6ce13fb507d780
36816998537,shots-tablet-landscape-b,tablet-landscape-b/settings__kiswah__tablet-landscape__130.png,settings,kiswah,tablet-landscape,130,English,2560,1432,f57db4cd0d2ba25f39ea30e3b06b39f2e05a3cde3147ac1144dd10567000d8ae
36816998537,shots-tablet-landscape-b,tablet-landscape-b/settings__kiswah__tablet-landscape__200.png,settings,kiswah,tablet-landscape,200,English,2560,1432,4f1b9029bf47d103a446d32a574118cae51f28892020db0a35605a7acdd1fedd
36816998537,shots-tablet-landscape-b,tablet-landscape-b/settings__miqaat__tablet-landscape__100.png,settings,miqaat,tablet-landscape,100,English,2560,1432,ef4898eff4aec734c3cd7e1e234235ecbfaa1b1581b2ba2f28afaf6f650b47a2
36816998537,shots-tablet-landscape-b,tablet-landscape-b/settings__miqaat__tablet-landscape__100__ur.png,settings,miqaat,tablet-landscape,100,Urdu,2560,1432,15b4a5414e4e0fb1d5daf9e5f40fd25c640b2f7d199f718ea1790208b3f68725
36816998537,shots-tablet-landscape-b,tablet-landscape-b/settings__miqaat__tablet-landscape__130.png,settings,miqaat,tablet-landscape,130,English,2560,1432,6e87164539cb49ccb23caa206458bd4df00cfe853e392e7a911c3a8b96b2ef67
36816998537,shots-tablet-landscape-b,tablet-landscape-b/settings__miqaat__tablet-landscape__200.png,settings,miqaat,tablet-landscape,200,English,2560,1432,4349cef6a82c1b0b0d42809d8b1bdad9cd7b6b77f42616b29f2008ef07788e58
36816998537,shots-tablet-landscape-b,tablet-landscape-b/settings__prayer_gallery__tablet-landscape__100.png,settings,prayer_gallery,tablet-landscape,100,English,2560,1432,046986fe27751329ecc06995d0bbe43a6806eec3ca5812e0ac7a9123eb10f3d6
36816998537,shots-tablet-landscape-b,tablet-landscape-b/settings__prayer_gallery__tablet-landscape__100__ur.png,settings,prayer_gallery,tablet-landscape,100,Urdu,2560,1432,3dd84b641f01f754e81345c327f44ddf440663cba4ac42b1012e7e8c2dcc3631
36816998537,shots-tablet-landscape-b,tablet-landscape-b/settings__prayer_gallery__tablet-landscape__130.png,settings,prayer_gallery,tablet-landscape,130,English,2560,1432,7a989a95de8be4e6fb6dab9cf0a8e052f1f4ab39da876fb453186ce2999f4989
36816998537,shots-tablet-landscape-b,tablet-landscape-b/settings__prayer_gallery__tablet-landscape__200.png,settings,prayer_gallery,tablet-landscape,200,English,2560,1432,87d234efb6f9935cd968174a3189d5544de35490662080e9fd1a10bce8bf0c09
36816998537,shots-tablet-landscape-c,tablet-landscape-c/adhkar-evening__celestial_meridian__tablet-landscape__100.png,adhkar-evening,celestial_meridian,tablet-landscape,100,English,2560,1432,16a81cee34164a266897e51578d18b8b19ad71338660dd94346597a9785b029f
36816998537,shots-tablet-landscape-c,tablet-landscape-c/adhkar-evening__celestial_meridian__tablet-landscape__200.png,adhkar-evening,celestial_meridian,tablet-landscape,200,English,2560,1432,281ea88d8b87bfb4e5d3ebaf3270969bc06c6fad248e9a4dfd36f09447a92f56
36816998537,shots-tablet-landscape-c,tablet-landscape-c/adhkar-evening__kiswah__tablet-landscape__100.png,adhkar-evening,kiswah,tablet-landscape,100,English,2560,1432,e78c5618e859df5dd6377c3325338e5f409b4efb163b6892795bde665fde66d4
36816998537,shots-tablet-landscape-c,tablet-landscape-c/adhkar-evening__kiswah__tablet-landscape__200.png,adhkar-evening,kiswah,tablet-landscape,200,English,2560,1432,d68526d3743365e55f3ac501af6a3058241a616f9e4c04ca9979a740102000a9
36816998537,shots-tablet-landscape-c,tablet-landscape-c/adhkar-evening__miqaat__tablet-landscape__100.png,adhkar-evening,miqaat,tablet-landscape,100,English,2560,1432,496cc14bd6fcb86d0db04971e3306408794a58694d1b3b62986fcff325110cdc
36816998537,shots-tablet-landscape-c,tablet-landscape-c/adhkar-evening__miqaat__tablet-landscape__200.png,adhkar-evening,miqaat,tablet-landscape,200,English,2560,1432,aa823c08274de4aa643f2a92772dc779e99a866b79526142be20b8dddb5a7b37
36816998537,shots-tablet-landscape-c,tablet-landscape-c/adhkar-evening__prayer_gallery__tablet-landscape__100.png,adhkar-evening,prayer_gallery,tablet-landscape,100,English,2560,1432,0822fad71891270ebf8aec69514b7c860c0cc38516f4449a8a62c80dd502842e
36816998537,shots-tablet-landscape-c,tablet-landscape-c/adhkar-evening__prayer_gallery__tablet-landscape__200.png,adhkar-evening,prayer_gallery,tablet-landscape,200,English,2560,1432,6100f549ed6581f52a14fe3ff448321ca36b1cf9a32842d347ff238368ceb17b
36816998537,shots-tablet-landscape-c,tablet-landscape-c/adhkar-morning__celestial_meridian__tablet-landscape__100.png,adhkar-morning,celestial_meridian,tablet-landscape,100,English,2560,1432,b3360cf24c3a51634180c7d5c932ee79b198a3c9eefaf83945b57a9b2fae1ef7
36816998537,shots-tablet-landscape-c,tablet-landscape-c/adhkar-morning__celestial_meridian__tablet-landscape__100__ur.png,adhkar-morning,celestial_meridian,tablet-landscape,100,Urdu,2560,1432,9c4cd5f03cb6af62a78e26c9df16cda1405801d94ee42547479c966d141a6d4d
36816998537,shots-tablet-landscape-c,tablet-landscape-c/adhkar-morning__celestial_meridian__tablet-landscape__200.png,adhkar-morning,celestial_meridian,tablet-landscape,200,English,2560,1432,3e895b24c0f53725b9eb110a927493fe898120ba0530c24b6d622208760b4c1c
36816998537,shots-tablet-landscape-c,tablet-landscape-c/adhkar-morning__kiswah__tablet-landscape__100.png,adhkar-morning,kiswah,tablet-landscape,100,English,2560,1432,5b5c3fb97c35cbfe6819862f8af79973f63c51a2e611a6458bdfc72403f5e073
36816998537,shots-tablet-landscape-c,tablet-landscape-c/adhkar-morning__kiswah__tablet-landscape__100__ur.png,adhkar-morning,kiswah,tablet-landscape,100,Urdu,2560,1432,da1da461d645ed2f6278c2f7e4dbe917679bb0ea574a6bd6f7c0395404f2672f
36816998537,shots-tablet-landscape-c,tablet-landscape-c/adhkar-morning__kiswah__tablet-landscape__200.png,adhkar-morning,kiswah,tablet-landscape,200,English,2560,1432,8ec4784b5d2bba57184c2ba48a0f395764f02931f98af25546e50cf36d670285
36816998537,shots-tablet-landscape-c,tablet-landscape-c/adhkar-morning__miqaat__tablet-landscape__100.png,adhkar-morning,miqaat,tablet-landscape,100,English,2560,1432,f4316bc8a1bc0399972204a8b134dec6e0fb5c6dcfa15eacc98f88612894cd57
36816998537,shots-tablet-landscape-c,tablet-landscape-c/adhkar-morning__miqaat__tablet-landscape__100__ur.png,adhkar-morning,miqaat,tablet-landscape,100,Urdu,2560,1432,202b3188c0f743c8ebcf0a7a697aa8f861ebc4231d1def2581e7436833eef3b9
36816998537,shots-tablet-landscape-c,tablet-landscape-c/adhkar-morning__miqaat__tablet-landscape__200.png,adhkar-morning,miqaat,tablet-landscape,200,English,2560,1432,7b67bd1800466b2b1dd2bfa742e56723565d3c69dee6a8139d07cee8bc2a5189
36816998537,shots-tablet-landscape-c,tablet-landscape-c/adhkar-morning__prayer_gallery__tablet-landscape__100.png,adhkar-morning,prayer_gallery,tablet-landscape,100,English,2560,1432,9784a956570472ec77eb030e3dcdaa8fd6b6680bae4263f25ea3a34bf41d830c
36816998537,shots-tablet-landscape-c,tablet-landscape-c/adhkar-morning__prayer_gallery__tablet-landscape__100__ur.png,adhkar-morning,prayer_gallery,tablet-landscape,100,Urdu,2560,1432,e5610a09592db4ca673245e7cad48b9e7774ca3d5cdaac735f8f7de80f1fbe33
36816998537,shots-tablet-landscape-c,tablet-landscape-c/adhkar-morning__prayer_gallery__tablet-landscape__200.png,adhkar-morning,prayer_gallery,tablet-landscape,200,English,2560,1432,8c792cd0b01bbd5362ba35aef4d44b74a6cfe52c42d31767d32f1c55453adc47
36816998537,shots-tablet-landscape-c,tablet-landscape-c/friday__celestial_meridian__tablet-landscape__100.png,friday,celestial_meridian,tablet-landscape,100,English,2560,1432,d90f759c2bc3e283d274a76573471c1453fb8d5dd42d4c6e587d222b4381e013
36816998537,shots-tablet-landscape-c,tablet-landscape-c/friday__celestial_meridian__tablet-landscape__100__ur.png,friday,celestial_meridian,tablet-landscape,100,Urdu,2560,1432,68c2b3d1c82dbd79831fc5795b6cd25c5f128b603216503bbdcb7335d3f594ac
36816998537,shots-tablet-landscape-c,tablet-landscape-c/friday__celestial_meridian__tablet-landscape__200.png,friday,celestial_meridian,tablet-landscape,200,English,2560,1432,a42d492929b3c7c635e78ba641aa4fdad3ac83e42fac0fcada3abaf24aa8e2c5
36816998537,shots-tablet-landscape-c,tablet-landscape-c/friday__kiswah__tablet-landscape__100.png,friday,kiswah,tablet-landscape,100,English,2560,1432,3b0968cb5124e893bceb879ec32e20be515aa7da5a3d9035e4610ae2d0275ffc
36816998537,shots-tablet-landscape-c,tablet-landscape-c/friday__kiswah__tablet-landscape__100__ur.png,friday,kiswah,tablet-landscape,100,Urdu,2560,1432,4287ec61d20c6fad8bb158053d91c49a9a464907831f2adb363e4367174d9138
36816998537,shots-tablet-landscape-c,tablet-landscape-c/friday__kiswah__tablet-landscape__200.png,friday,kiswah,tablet-landscape,200,English,2560,1432,41894b595bdba481235e8ea47ff56c7aa9880aaeeda03a016f951edd7d46ada3
36816998537,shots-tablet-landscape-c,tablet-landscape-c/friday__miqaat__tablet-landscape__100.png,friday,miqaat,tablet-landscape,100,English,2560,1432,f5597ca5165652aa8ff1c803242c5b58bfe9d89caee5124509a1b48be8b14bcc
36816998537,shots-tablet-landscape-c,tablet-landscape-c/friday__miqaat__tablet-landscape__100__ur.png,friday,miqaat,tablet-landscape,100,Urdu,2560,1432,7efb17476d319319b0f4617feaf19b845b926f3cba12a2f125934ee94731f549
36816998537,shots-tablet-landscape-c,tablet-landscape-c/friday__miqaat__tablet-landscape__200.png,friday,miqaat,tablet-landscape,200,English,2560,1432,a23a9941880a58e7e26f7c902c3c69452444906ffe50c4c9d96e6feb24ec5195
36816998537,shots-tablet-landscape-c,tablet-landscape-c/friday__prayer_gallery__tablet-landscape__100.png,friday,prayer_gallery,tablet-landscape,100,English,2560,1432,62cd363780805dbf8ac44793519b87df98b04fe8418a16932dfd09fa932a2b50
36816998537,shots-tablet-landscape-c,tablet-landscape-c/friday__prayer_gallery__tablet-landscape__100__ur.png,friday,prayer_gallery,tablet-landscape,100,Urdu,2560,1432,b7704d135271cfd4de3516b4b19970ab842861ca91a0b6689e342cda7c3111da
36816998537,shots-tablet-landscape-c,tablet-landscape-c/friday__prayer_gallery__tablet-landscape__200.png,friday,prayer_gallery,tablet-landscape,200,English,2560,1432,a2e36ab7179f2e3246f6d08ef8393763b987edbf204d0b958dfd2be96084cf76
36816998537,shots-tablet-landscape-c,tablet-landscape-c/learn__celestial_meridian__tablet-landscape__100.png,learn,celestial_meridian,tablet-landscape,100,English,2560,1432,3adcdcc52276fce459a160f89ae08640ac8afd0e817f2b7e47bc9d67465a4078
36816998537,shots-tablet-landscape-c,tablet-landscape-c/learn__celestial_meridian__tablet-landscape__100__ur.png,learn,celestial_meridian,tablet-landscape,100,Urdu,2560,1432,fd3204e85a5bd001022ad8a9605baa2c4cef2d4b0593f2a1c57a53cd98789d46
36816998537,shots-tablet-landscape-c,tablet-landscape-c/learn__celestial_meridian__tablet-landscape__200.png,learn,celestial_meridian,tablet-landscape,200,English,2560,1432,fd4f5428dc3ed470a6f22483674e3964619268a5763108e46f25b9b8525fb1b9
36816998537,shots-tablet-landscape-c,tablet-landscape-c/learn__kiswah__tablet-landscape__100.png,learn,kiswah,tablet-landscape,100,English,2560,1432,2be8440967d0adcace8a0a884484968d0147389b68080c53b88fb888602a54dd
36816998537,shots-tablet-landscape-c,tablet-landscape-c/learn__kiswah__tablet-landscape__100__ur.png,learn,kiswah,tablet-landscape,100,Urdu,2560,1432,7fb271f1aa84c3953f0dc96c7906f438109ccc44c0f5c5e43e71b327e7c43134
36816998537,shots-tablet-landscape-c,tablet-landscape-c/learn__kiswah__tablet-landscape__200.png,learn,kiswah,tablet-landscape,200,English,2560,1432,a5fcaeb467985d2fb49a34eca79a63d98c424de4ddb39c36cbfd9589cf4b626a
36816998537,shots-tablet-landscape-c,tablet-landscape-c/learn__miqaat__tablet-landscape__100.png,learn,miqaat,tablet-landscape,100,English,2560,1432,358ca067fb9986bcb3e57ec6a2e2cef1f4922a399c992594f9eee767456bae0d
36816998537,shots-tablet-landscape-c,tablet-landscape-c/learn__miqaat__tablet-landscape__100__ur.png,learn,miqaat,tablet-landscape,100,Urdu,2560,1432,c589cda091c7f8a1ab68c09d2b2f05c4c8e9667ebdacea91abe8efa14c790389
36816998537,shots-tablet-landscape-c,tablet-landscape-c/learn__miqaat__tablet-landscape__200.png,learn,miqaat,tablet-landscape,200,English,2560,1432,2f7b13ee503056f6afdc533a664a1ea8acda3c1ca40fe34b4f7bb02f819c72b5
36816998537,shots-tablet-landscape-c,tablet-landscape-c/learn__prayer_gallery__tablet-landscape__100.png,learn,prayer_gallery,tablet-landscape,100,English,2560,1432,c8e148cf6325547de1387dae2fcda3c6c7ae8781feb4ab1364be58eab9c30b8a
36816998537,shots-tablet-landscape-c,tablet-landscape-c/learn__prayer_gallery__tablet-landscape__100__ur.png,learn,prayer_gallery,tablet-landscape,100,Urdu,2560,1432,582cfee04e7e050f6a1219d98dd4da3e619fadb8ff6a5abda1e3f0292958aefa
36816998537,shots-tablet-landscape-c,tablet-landscape-c/learn__prayer_gallery__tablet-landscape__200.png,learn,prayer_gallery,tablet-landscape,200,English,2560,1432,41ca0b353888244c8ca15d3d1e6c49e6adb2fd8aaf639ffd3f059c8d46274690
36816998537,shots-tablet-landscape-c,tablet-landscape-c/qibla__celestial_meridian__tablet-landscape__100.png,qibla,celestial_meridian,tablet-landscape,100,English,2560,1432,13397af18919c807535728ef6a0724f995e2e626d4e63be84a44bd1c2b2ba352
36816998537,shots-tablet-landscape-c,tablet-landscape-c/qibla__celestial_meridian__tablet-landscape__100__ur.png,qibla,celestial_meridian,tablet-landscape,100,Urdu,2560,1432,910b20d58ce47e156ca7f4ad4ba50339df87ef149abacae8e491c033bf37e83c
36816998537,shots-tablet-landscape-c,tablet-landscape-c/qibla__celestial_meridian__tablet-landscape__200.png,qibla,celestial_meridian,tablet-landscape,200,English,2560,1432,e5fbc00c804ce6695ac602b6671429fe256a571c364b20d4916d66cfab767b32
36816998537,shots-tablet-landscape-c,tablet-landscape-c/qibla__kiswah__tablet-landscape__100.png,qibla,kiswah,tablet-landscape,100,English,2560,1432,6ba417ed75a153e3082213ea4737d3760c7e83cc4867229fe8f7c33cb289033e
36816998537,shots-tablet-landscape-c,tablet-landscape-c/qibla__kiswah__tablet-landscape__100__ur.png,qibla,kiswah,tablet-landscape,100,Urdu,2560,1432,ddbb90702e6e501879dbd1d252aaefe71758d631673f632aef2313ee8b199df0
36816998537,shots-tablet-landscape-c,tablet-landscape-c/qibla__kiswah__tablet-landscape__200.png,qibla,kiswah,tablet-landscape,200,English,2560,1432,62220bd3e26e07c45e399186a36b0e3545ab21142bb596902b85fba1227e12b3
36816998537,shots-tablet-landscape-c,tablet-landscape-c/qibla__miqaat__tablet-landscape__100.png,qibla,miqaat,tablet-landscape,100,English,2560,1432,c794ea22d1caf381d1f22b97591bfbd82f558f61b36e0dcf0f2885433c98dd17
36816998537,shots-tablet-landscape-c,tablet-landscape-c/qibla__miqaat__tablet-landscape__100__ur.png,qibla,miqaat,tablet-landscape,100,Urdu,2560,1432,21e0c42ebadc10501d3889d012644c1eced790013a260fec3b19e12766ffb320
36816998537,shots-tablet-landscape-c,tablet-landscape-c/qibla__miqaat__tablet-landscape__200.png,qibla,miqaat,tablet-landscape,200,English,2560,1432,101e57d743adfb7aaeab18cb40475932f00f7d2df7ce2cf365a7c9642394eebf
36816998537,shots-tablet-landscape-c,tablet-landscape-c/qibla__prayer_gallery__tablet-landscape__100.png,qibla,prayer_gallery,tablet-landscape,100,English,2560,1432,83394826fa71b5f725ca3381893b538f62436796afa89f079b4ebd9c50130a47
36816998537,shots-tablet-landscape-c,tablet-landscape-c/qibla__prayer_gallery__tablet-landscape__100__ur.png,qibla,prayer_gallery,tablet-landscape,100,Urdu,2560,1432,b7095b6defb4a772594ce35f24a1fd4ed8571fced76a077a057711dc6e29f9eb
36816998537,shots-tablet-landscape-c,tablet-landscape-c/qibla__prayer_gallery__tablet-landscape__200.png,qibla,prayer_gallery,tablet-landscape,200,English,2560,1432,ae8e5d4ab5e84430f385d7962deded455a6e9a7ae8da93223b61499bab58eefb
36816998537,shots-tablet-landscape-c,tablet-landscape-c/timetable__celestial_meridian__tablet-landscape__100.png,timetable,celestial_meridian,tablet-landscape,100,English,2560,1432,c9ff8c0d8159080b30aa9ec51c25f616e0fbb33ea1c05cfced9bd584793c938d
36816998537,shots-tablet-landscape-c,tablet-landscape-c/timetable__celestial_meridian__tablet-landscape__100__ur.png,timetable,celestial_meridian,tablet-landscape,100,Urdu,2560,1432,080023b20bd46619fc02e55e9b70ef02a5671ab0cbcc8bb28f4dbabeec6dc881
36816998537,shots-tablet-landscape-c,tablet-landscape-c/timetable__celestial_meridian__tablet-landscape__200.png,timetable,celestial_meridian,tablet-landscape,200,English,2560,1432,c859e7bcdfd029ca8b4eaa271075d28d35c4cc0add157a2255c55553048df068
36816998537,shots-tablet-landscape-c,tablet-landscape-c/timetable__kiswah__tablet-landscape__100.png,timetable,kiswah,tablet-landscape,100,English,2560,1432,a56c1e42fba944efd3b405c8a45748aac926b6a9c82779a9177a32c7251a9975
36816998537,shots-tablet-landscape-c,tablet-landscape-c/timetable__kiswah__tablet-landscape__100__ur.png,timetable,kiswah,tablet-landscape,100,Urdu,2560,1432,a7ae5a3beb9ac31eef30bbb3e170f677f9696255744e4d4727f625bccbc625f1
36816998537,shots-tablet-landscape-c,tablet-landscape-c/timetable__kiswah__tablet-landscape__200.png,timetable,kiswah,tablet-landscape,200,English,2560,1432,95b8179a859a8d78d0a6db7eea96bdd2e2c09d91e08c87d3f4ca9f51e322685f
36816998537,shots-tablet-landscape-c,tablet-landscape-c/timetable__miqaat__tablet-landscape__100.png,timetable,miqaat,tablet-landscape,100,English,2560,1432,73a69872c95525b9adb41c8a239b10a5707100dce919d23a9dd13bd181b7c12d
36816998537,shots-tablet-landscape-c,tablet-landscape-c/timetable__miqaat__tablet-landscape__100__ur.png,timetable,miqaat,tablet-landscape,100,Urdu,2560,1432,5c6a00526c38a1f9f801c14bc868f2ab87cbb40e78455530be5fbc872f67100d
36816998537,shots-tablet-landscape-c,tablet-landscape-c/timetable__miqaat__tablet-landscape__200.png,timetable,miqaat,tablet-landscape,200,English,2560,1432,8f53d7e8f6f0f64d9e8afdd2697c28d73d8d6be372acb9a27b20310517f44870
36816998537,shots-tablet-landscape-c,tablet-landscape-c/timetable__prayer_gallery__tablet-landscape__100.png,timetable,prayer_gallery,tablet-landscape,100,English,2560,1432,f63fc101c06465b7a215fa29866e6bf3d18203b85a081b09530faa7b80bc9615
36816998537,shots-tablet-landscape-c,tablet-landscape-c/timetable__prayer_gallery__tablet-landscape__100__ur.png,timetable,prayer_gallery,tablet-landscape,100,Urdu,2560,1432,eadc3bb0fa686a27b0223e3af5970a6689ac5bb8987ffd535e0b2ad74e2df8d6
36816998537,shots-tablet-landscape-c,tablet-landscape-c/timetable__prayer_gallery__tablet-landscape__200.png,timetable,prayer_gallery,tablet-landscape,200,English,2560,1432,ad609561aaae60335b22592b503f8d456edbc8059694c5b75260f206737d95b6
36816998537,shots-tablet-landscape-d,tablet-landscape-d/azaan__celestial_meridian__tablet-landscape__100.png,azaan,celestial_meridian,tablet-landscape,100,English,2560,1432,67f241d86a9cf560b109de7ed1f61ca52b27a3c39fc1be66d362fa6ed8d08915
36816998537,shots-tablet-landscape-d,tablet-landscape-d/azaan__celestial_meridian__tablet-landscape__200.png,azaan,celestial_meridian,tablet-landscape,200,English,2560,1432,6a20eb3f6ca7a60f4e613bf4b232157737ef25975c2b5beb899d9e435304c1b6
36816998537,shots-tablet-landscape-d,tablet-landscape-d/azaan__kiswah__tablet-landscape__100.png,azaan,kiswah,tablet-landscape,100,English,2560,1432,16985fed7695d0d4d39f29a5e7571dda4cd2e95fc48ea0f41afbe389d9a36ca2
36816998537,shots-tablet-landscape-d,tablet-landscape-d/azaan__kiswah__tablet-landscape__200.png,azaan,kiswah,tablet-landscape,200,English,2560,1432,ccae2143da1ab6a4f6fae0c73208a8d069a70df51741919aeb4d2b6dcaa7a1fe
36816998537,shots-tablet-landscape-d,tablet-landscape-d/azaan__miqaat__tablet-landscape__100.png,azaan,miqaat,tablet-landscape,100,English,2560,1432,f97a5abd0a0ae5cac4c538a2cf16a2ef50c91dd73f109392d993049a55f1653c
36816998537,shots-tablet-landscape-d,tablet-landscape-d/azaan__miqaat__tablet-landscape__200.png,azaan,miqaat,tablet-landscape,200,English,2560,1432,4b35c18bdd10d8b9ce144df5b667ab080336d306ee3c00bee375caca1c195baa
36816998537,shots-tablet-landscape-d,tablet-landscape-d/azaan__prayer_gallery__tablet-landscape__100.png,azaan,prayer_gallery,tablet-landscape,100,English,2560,1432,5ffddfdcb8803c5a9b220f442125ac5cd8c18b38ccc19f98d51618dd799ea484
36816998537,shots-tablet-landscape-d,tablet-landscape-d/azaan__prayer_gallery__tablet-landscape__200.png,azaan,prayer_gallery,tablet-landscape,200,English,2560,1432,617defadf17717bf4b7c47cee08e3b7fc61410a637b9f843b4b92fcd45eda3fe
36816998537,shots-tablet-landscape-d,tablet-landscape-d/dua__celestial_meridian__tablet-landscape__100.png,dua,celestial_meridian,tablet-landscape,100,English,2560,1432,76b8586c7c0fd0c150dbb73b723b01e047a7ca648582fd59308c286260a4d44c
36816998537,shots-tablet-landscape-d,tablet-landscape-d/dua__celestial_meridian__tablet-landscape__100__ur.png,dua,celestial_meridian,tablet-landscape,100,Urdu,2560,1432,c8611fa50d2ddbfb9e65ff12c2512d45100b3317a0d6ca8092e42cca9939baf7
36816998537,shots-tablet-landscape-d,tablet-landscape-d/dua__celestial_meridian__tablet-landscape__200.png,dua,celestial_meridian,tablet-landscape,200,English,2560,1432,f84360ff5c16065ef56c7a202e56a6719dd2fc0bc5c5360b159980cd523bb2c3
36816998537,shots-tablet-landscape-d,tablet-landscape-d/dua__kiswah__tablet-landscape__100.png,dua,kiswah,tablet-landscape,100,English,2560,1432,a9476585427c68104e1138a93620572042497f8d3e679656c409ebd1a33424f2
36816998537,shots-tablet-landscape-d,tablet-landscape-d/dua__kiswah__tablet-landscape__100__ur.png,dua,kiswah,tablet-landscape,100,Urdu,2560,1432,537849edaeb1092c64aee76332394e4d9b277a76cc7da5dec534b2a6061dfe14
36816998537,shots-tablet-landscape-d,tablet-landscape-d/dua__kiswah__tablet-landscape__200.png,dua,kiswah,tablet-landscape,200,English,2560,1432,5ae3c9f0776124c497b01d828325aa7e68026d42811ef7e58320bda0000f9140
36816998537,shots-tablet-landscape-d,tablet-landscape-d/dua__miqaat__tablet-landscape__100.png,dua,miqaat,tablet-landscape,100,English,2560,1432,3127bed234ddef6b16bc2e50b3e559623175327f8e5a91049e700f221aad7db1
36816998537,shots-tablet-landscape-d,tablet-landscape-d/dua__miqaat__tablet-landscape__100__ur.png,dua,miqaat,tablet-landscape,100,Urdu,2560,1432,dad03a279a42379109fdc1b650d3576ce2557f3b24af9edc07f4868b381d5922
36816998537,shots-tablet-landscape-d,tablet-landscape-d/dua__miqaat__tablet-landscape__200.png,dua,miqaat,tablet-landscape,200,English,2560,1432,427510ab30f7e8853837058ef7afb7a835b95d27ccee68a2fa5c24136af95169
36816998537,shots-tablet-landscape-d,tablet-landscape-d/dua__prayer_gallery__tablet-landscape__100.png,dua,prayer_gallery,tablet-landscape,100,English,2560,1432,d2386a5ae2c067eb77d4b9aa805ae90d6d889b65889d6b31e7ae0c33473f7f8a
36816998537,shots-tablet-landscape-d,tablet-landscape-d/dua__prayer_gallery__tablet-landscape__100__ur.png,dua,prayer_gallery,tablet-landscape,100,Urdu,2560,1432,5d319a4429647e65fef5b68d12c725ba009f657825495e6b38daceddc652d059
36816998537,shots-tablet-landscape-d,tablet-landscape-d/dua__prayer_gallery__tablet-landscape__200.png,dua,prayer_gallery,tablet-landscape,200,English,2560,1432,80fa9d3bd6ee1f75552b7625775b50c42171af534de8124c49b1f978c731e327
36816998537,shots-tablet-landscape-d,tablet-landscape-d/hadith__celestial_meridian__tablet-landscape__100.png,hadith,celestial_meridian,tablet-landscape,100,English,2560,1432,05163479029f01a293b61f103a8cee99c8f32cfbe8fd4dfc6050376ab753d880
36816998537,shots-tablet-landscape-d,tablet-landscape-d/hadith__celestial_meridian__tablet-landscape__200.png,hadith,celestial_meridian,tablet-landscape,200,English,2560,1432,e48268f5afc968e3670518e0711a7fbd83af7df0130150f3f53bf05cb33b58eb
36816998537,shots-tablet-landscape-d,tablet-landscape-d/hadith__kiswah__tablet-landscape__100.png,hadith,kiswah,tablet-landscape,100,English,2560,1432,e123276d132abc7f63c74303dc447a955468ee401f17fe3d31f131e46c15912b
36816998537,shots-tablet-landscape-d,tablet-landscape-d/hadith__kiswah__tablet-landscape__200.png,hadith,kiswah,tablet-landscape,200,English,2560,1432,6c124dcf735b661c32a32cfdddc97b97328b80645e82c43253c48e43a48668d3
36816998537,shots-tablet-landscape-d,tablet-landscape-d/hadith__miqaat__tablet-landscape__100.png,hadith,miqaat,tablet-landscape,100,English,2560,1432,dcf68fe29db3460065e6d39e736c15819e188cb98a2e747860cf85d3f68f0155
36816998537,shots-tablet-landscape-d,tablet-landscape-d/hadith__miqaat__tablet-landscape__200.png,hadith,miqaat,tablet-landscape,200,English,2560,1432,1ef4b32b5e758d90669b45968e4c83445b4476a331c22f6bc447f61f3a143878
36816998537,shots-tablet-landscape-d,tablet-landscape-d/hadith__prayer_gallery__tablet-landscape__100.png,hadith,prayer_gallery,tablet-landscape,100,English,2560,1432,c3c3d270bcfb9255af5ee0d78c3d08ab90cf5b6ed67fb5cfa0d8264f85773c30
36816998537,shots-tablet-landscape-d,tablet-landscape-d/hadith__prayer_gallery__tablet-landscape__200.png,hadith,prayer_gallery,tablet-landscape,200,English,2560,1432,0e0dd43c9bccc9e0079f0f9060260af121571a37b53887b200076ab2b37afe4b
36816998537,shots-tablet-landscape-d,tablet-landscape-d/iqamah__celestial_meridian__tablet-landscape__100.png,iqamah,celestial_meridian,tablet-landscape,100,English,2560,1432,af22ffc2efedb6d3278cb0c55f31ff5908cc819e570c8141521f4b22a7036145
36816998537,shots-tablet-landscape-d,tablet-landscape-d/iqamah__celestial_meridian__tablet-landscape__200.png,iqamah,celestial_meridian,tablet-landscape,200,English,2560,1432,5c95d6fb51f6f79245ff88b36c0ffa229de1173dba43088f86d2775937882d2f
36816998537,shots-tablet-landscape-d,tablet-landscape-d/iqamah__kiswah__tablet-landscape__100.png,iqamah,kiswah,tablet-landscape,100,English,2560,1432,c6ec76ce67cf0a9e26cc35990feddca4cae928186e1959303c6b49814c4daab9
36816998537,shots-tablet-landscape-d,tablet-landscape-d/iqamah__kiswah__tablet-landscape__200.png,iqamah,kiswah,tablet-landscape,200,English,2560,1432,c2272936e5e342946bdfc103fd7fc12845da2f2b14227deefeeb9e3ee3a907d2
36816998537,shots-tablet-landscape-d,tablet-landscape-d/iqamah__miqaat__tablet-landscape__100.png,iqamah,miqaat,tablet-landscape,100,English,2560,1432,d541cc945e7aad7f488588daaa96d5e22b61325bc220d1fd7c34fa7497586fd9
36816998537,shots-tablet-landscape-d,tablet-landscape-d/iqamah__miqaat__tablet-landscape__200.png,iqamah,miqaat,tablet-landscape,200,English,2560,1432,45b1d16c6254d145b4fbf6287f1be09cbf065d8f9561c1ad34f285ef88ea51b1
36816998537,shots-tablet-landscape-d,tablet-landscape-d/iqamah__prayer_gallery__tablet-landscape__100.png,iqamah,prayer_gallery,tablet-landscape,100,English,2560,1432,e7efffd612d9e528674ba91ebdaaad9046c3b3f8791eb737a7f9ee22b8ff402a
36816998537,shots-tablet-landscape-d,tablet-landscape-d/iqamah__prayer_gallery__tablet-landscape__200.png,iqamah,prayer_gallery,tablet-landscape,200,English,2560,1432,62bacbb83f0d8fa2f82f38acb2319e68d55e232e0334e9fb97ce8a6c803f316a
36816998537,shots-tablet-landscape-d,tablet-landscape-d/lesson-bowing__celestial_meridian__tablet-landscape__100.png,lesson-bowing,celestial_meridian,tablet-landscape,100,English,2560,1432,76b780cd9b00177f7b4968b6d76f1e6e5c40a2e1653d92a25b9f6bb50d8c0df3
36816998537,shots-tablet-landscape-d,tablet-landscape-d/lesson-bowing__kiswah__tablet-landscape__100.png,lesson-bowing,kiswah,tablet-landscape,100,English,2560,1432,6819205eba3c825d434556bc34a4d71e8d692cdae85466e59a6a4fe62dc8d278
36816998537,shots-tablet-landscape-d,tablet-landscape-d/lesson-bowing__miqaat__tablet-landscape__100.png,lesson-bowing,miqaat,tablet-landscape,100,English,2560,1432,dbfeb709a69624b3bd02a6cba6e52171fcb0a256865f84c2d0ff6a1c0b2e2180
36816998537,shots-tablet-landscape-d,tablet-landscape-d/lesson-bowing__prayer_gallery__tablet-landscape__100.png,lesson-bowing,prayer_gallery,tablet-landscape,100,English,2560,1432,233d6de49ec5523ceea7cd4d66543f12babba4babd854e9ba85522f73661dd41
36816998537,shots-tablet-landscape-d,tablet-landscape-d/lesson-prostrating__celestial_meridian__tablet-landscape__100.png,lesson-prostrating,celestial_meridian,tablet-landscape,100,English,2560,1432,89778df8d7089dd2e8501b49fa5ee46ff1fb59c94c7fe1c96d16f3076841563a
36816998537,shots-tablet-landscape-d,tablet-landscape-d/lesson-prostrating__kiswah__tablet-landscape__100.png,lesson-prostrating,kiswah,tablet-landscape,100,English,2560,1432,6ccec43bd825e8918dd501a16744795596d434f2f45f0cf7bfadd15f47179ff3
36816998537,shots-tablet-landscape-d,tablet-landscape-d/lesson-prostrating__miqaat__tablet-landscape__100.png,lesson-prostrating,miqaat,tablet-landscape,100,English,2560,1432,767276e28665be4122adc98778642d942f7f63855d681e3c7ca5926d7ef4c30e
36816998537,shots-tablet-landscape-d,tablet-landscape-d/lesson-prostrating__prayer_gallery__tablet-landscape__100.png,lesson-prostrating,prayer_gallery,tablet-landscape,100,English,2560,1432,d890dc4e7200f6831553fddd2cce781d1c12b33cf8547b691cc1a143c963b65f
36816998537,shots-tablet-landscape-d,tablet-landscape-d/lesson-rising__celestial_meridian__tablet-landscape__100.png,lesson-rising,celestial_meridian,tablet-landscape,100,English,2560,1432,43c5b285e7c1408a7d87f42894bb4de932f6eb970cb269b843b3cd715efa197a
36816998537,shots-tablet-landscape-d,tablet-landscape-d/lesson-rising__kiswah__tablet-landscape__100.png,lesson-rising,kiswah,tablet-landscape,100,English,2560,1432,75196a2c0945b5105b790443fc16ae16328a31054ff6de485ba8c302199856db
36816998537,shots-tablet-landscape-d,tablet-landscape-d/lesson-rising__miqaat__tablet-landscape__100.png,lesson-rising,miqaat,tablet-landscape,100,English,2560,1432,610a9bb7b30e826a49bdbf675ca6b842fc30ed001efe790f082886bbd7f5397d
36816998537,shots-tablet-landscape-d,tablet-landscape-d/lesson-rising__prayer_gallery__tablet-landscape__100.png,lesson-rising,prayer_gallery,tablet-landscape,100,English,2560,1432,cbc99ab3eeca5a98a94be9dae5c788629d48104726348405ae465eb9552a38f5
36816998537,shots-tablet-landscape-d,tablet-landscape-d/lesson-salam__celestial_meridian__tablet-landscape__100.png,lesson-salam,celestial_meridian,tablet-landscape,100,English,2560,1432,402ae719122df229c5d2bb0fc1ae130ad04cc215dd8008f80853868d6d2928c8
36816998537,shots-tablet-landscape-d,tablet-landscape-d/lesson-salam__kiswah__tablet-landscape__100.png,lesson-salam,kiswah,tablet-landscape,100,English,2560,1432,abb3bb9452446e5fa855747a02219bea0fa07a0f40c8b08332b960e61f56de45
36816998537,shots-tablet-landscape-d,tablet-landscape-d/lesson-salam__miqaat__tablet-landscape__100.png,lesson-salam,miqaat,tablet-landscape,100,English,2560,1432,62f669e8866996fd724eb597d50519594b76952bc7d01777c46e7959c0c4a754
36816998537,shots-tablet-landscape-d,tablet-landscape-d/lesson-salam__prayer_gallery__tablet-landscape__100.png,lesson-salam,prayer_gallery,tablet-landscape,100,English,2560,1432,099a5f00ada029665a72027ed1f371fef49018df9ff1b05e2fff5cb149197b67
36816998537,shots-tablet-landscape-d,tablet-landscape-d/lesson-sitting__celestial_meridian__tablet-landscape__100.png,lesson-sitting,celestial_meridian,tablet-landscape,100,English,2560,1432,bfec723c34e3d0d67a3158b7047f9d05fff355e210118af71ae5087769450624
36816998537,shots-tablet-landscape-d,tablet-landscape-d/lesson-sitting__kiswah__tablet-landscape__100.png,lesson-sitting,kiswah,tablet-landscape,100,English,2560,1432,f1c9f8315b7a47c7ea48e170959855bcbbd86a5d9e81ddce3e1aa7fa04877416
36816998537,shots-tablet-landscape-d,tablet-landscape-d/lesson-sitting__miqaat__tablet-landscape__100.png,lesson-sitting,miqaat,tablet-landscape,100,English,2560,1432,b3f2f71c33fe2b2edff16fac3fa6368cf639ec67aa98e8204c6bcadac65ed9ea
36816998537,shots-tablet-landscape-d,tablet-landscape-d/lesson-sitting__prayer_gallery__tablet-landscape__100.png,lesson-sitting,prayer_gallery,tablet-landscape,100,English,2560,1432,e3c4bd36e3b2d4791e6ff1ed19c59f91461c87157ea00e68cddadb22df692b23
36816998537,shots-tablet-landscape-d,tablet-landscape-d/lesson-standing__celestial_meridian__tablet-landscape__100.png,lesson-standing,celestial_meridian,tablet-landscape,100,English,2560,1432,93283ce4ccd2d755d6b9fec243851f1ffe59159e74dc4bf9e327d351e51028f1
36816998537,shots-tablet-landscape-d,tablet-landscape-d/lesson-standing__kiswah__tablet-landscape__100.png,lesson-standing,kiswah,tablet-landscape,100,English,2560,1432,03021a6c83a68e52a06ae72caf984829614e9687c9d9ba37286dd2c92678061b
36816998537,shots-tablet-landscape-d,tablet-landscape-d/lesson-standing__miqaat__tablet-landscape__100.png,lesson-standing,miqaat,tablet-landscape,100,English,2560,1432,163dabb119e935ed8cad017e99930854413d031371b93a9649176d4981470d6e
36816998537,shots-tablet-landscape-d,tablet-landscape-d/lesson-standing__prayer_gallery__tablet-landscape__100.png,lesson-standing,prayer_gallery,tablet-landscape,100,English,2560,1432,765757a0716d9476f3613ad11e3d74ca2370c89b3e75aee4fe8e967515cf47a1
36816998537,shots-tablet-landscape-d,tablet-landscape-d/lesson-takbir__celestial_meridian__tablet-landscape__100.png,lesson-takbir,celestial_meridian,tablet-landscape,100,English,2560,1432,57d17cc04988cfa7995c721753d27faa9be846eda46d7672e9a974e2481b60f6
36816998537,shots-tablet-landscape-d,tablet-landscape-d/lesson-takbir__kiswah__tablet-landscape__100.png,lesson-takbir,kiswah,tablet-landscape,100,English,2560,1432,7f26a9339a1f6bcbd2fe535cb18987a5471a08921eb1f4279ed8c45e6ae974e0
36816998537,shots-tablet-landscape-d,tablet-landscape-d/lesson-takbir__miqaat__tablet-landscape__100.png,lesson-takbir,miqaat,tablet-landscape,100,English,2560,1432,d0041fd5565654d6956ef21b3bfa87b435b3cf06714e0d938fe9a2a46dd694a9
36816998537,shots-tablet-landscape-d,tablet-landscape-d/lesson-takbir__prayer_gallery__tablet-landscape__100.png,lesson-takbir,prayer_gallery,tablet-landscape,100,English,2560,1432,84e53ef3e0298698b0ff8f4a4888246ce88376fc348920eab08d86d959275c8f
36816998537,shots-tablet-landscape-d,tablet-landscape-d/lesson-tashahhud__celestial_meridian__tablet-landscape__100.png,lesson-tashahhud,celestial_meridian,tablet-landscape,100,English,2560,1432,11d57516c8804062ab737d2f21ae38993074e870df0e8b54a3c596acf0e7c9c6
36816998537,shots-tablet-landscape-d,tablet-landscape-d/lesson-tashahhud__kiswah__tablet-landscape__100.png,lesson-tashahhud,kiswah,tablet-landscape,100,English,2560,1432,17844d2672aa4ff4a4175fa195de0ea5f01d3ae5ffcf456f072e26916ac41ce4
36816998537,shots-tablet-landscape-d,tablet-landscape-d/lesson-tashahhud__miqaat__tablet-landscape__100.png,lesson-tashahhud,miqaat,tablet-landscape,100,English,2560,1432,8e4d4bd6e6285fd1fb0e15d1d83a0630358c5b475ab8d463547a1851567e11cf
36816998537,shots-tablet-landscape-d,tablet-landscape-d/lesson-tashahhud__prayer_gallery__tablet-landscape__100.png,lesson-tashahhud,prayer_gallery,tablet-landscape,100,English,2560,1432,542c1cb3eab2dc73618a7892ac5b576f9edc0dfd74e5ded75e70b668d858fc2f
36816998537,shots-tablet-portrait-a,tablet-portrait-a/home__celestial_meridian__tablet-portrait__100.png,home,celestial_meridian,tablet-portrait,100,English,1600,2392,b2692cddde8a535cab02cde8d19c42b6f50407a33f31129721e451d4cb084112
36816998537,shots-tablet-portrait-a,tablet-portrait-a/home__celestial_meridian__tablet-portrait__100__ur.png,home,celestial_meridian,tablet-portrait,100,Urdu,1600,2392,37ae2517944234161eea1db947174191f9d320767ebbc20eff97c09a36fe2b53
36816998537,shots-tablet-portrait-a,tablet-portrait-a/home__celestial_meridian__tablet-portrait__130.png,home,celestial_meridian,tablet-portrait,130,English,1600,2392,51b87c42031e9bb10c29edc92830093a9d13171a57647c96c1b9624cca1f51cf
36816998537,shots-tablet-portrait-a,tablet-portrait-a/home__celestial_meridian__tablet-portrait__130__ur.png,home,celestial_meridian,tablet-portrait,130,Urdu,1600,2392,3be5e8083e6d309e3e96fbe9c26bb4d637a1b2c2eb94b4756d12ecefe47db97a
36816998537,shots-tablet-portrait-a,tablet-portrait-a/home__celestial_meridian__tablet-portrait__200.png,home,celestial_meridian,tablet-portrait,200,English,1600,2392,6ee306c9e55291fa4c379a3f5077fce4ae6eb3f739d82595180942371a69bafa
36816998537,shots-tablet-portrait-a,tablet-portrait-a/home__kiswah__tablet-portrait__100.png,home,kiswah,tablet-portrait,100,English,1600,2392,87778a52df6416feaaf5d96bd0458deb52e9e6b868f0af8ae92978daa7f2ad2d
36816998537,shots-tablet-portrait-a,tablet-portrait-a/home__kiswah__tablet-portrait__100__ur.png,home,kiswah,tablet-portrait,100,Urdu,1600,2392,a85b36d7bd86481cb048800271bc9e0b960577917d5a90bc30e3c594c3b1689c
36816998537,shots-tablet-portrait-a,tablet-portrait-a/home__kiswah__tablet-portrait__130.png,home,kiswah,tablet-portrait,130,English,1600,2392,2ea9ef9b5089ffdbef7f372c3aa93221f2022365ec73fe966b6eb1be7876b731
36816998537,shots-tablet-portrait-a,tablet-portrait-a/home__kiswah__tablet-portrait__130__ur.png,home,kiswah,tablet-portrait,130,Urdu,1600,2392,7afe09731f9a3a3b6b359ae1c97d430c4f0ddf0ce06680bbb1b3ae46a9514d94
36816998537,shots-tablet-portrait-a,tablet-portrait-a/home__kiswah__tablet-portrait__200.png,home,kiswah,tablet-portrait,200,English,1600,2392,9a2ce62c2ea7071c6328d115ce0f532e2e15e28bf48304ae151133cad6d0ee16
36816998537,shots-tablet-portrait-a,tablet-portrait-a/home__miqaat__tablet-portrait__100.png,home,miqaat,tablet-portrait,100,English,1600,2392,dd3b1830cf515dbb92491edd3f7df072a253691476e4c1607256765e31e9e69b
36816998537,shots-tablet-portrait-a,tablet-portrait-a/home__miqaat__tablet-portrait__100__ur.png,home,miqaat,tablet-portrait,100,Urdu,1600,2392,0c626f16e3e1bf57acf48842e980411271106891815f251a703f92c925e7c6c0
36816998537,shots-tablet-portrait-a,tablet-portrait-a/home__miqaat__tablet-portrait__130.png,home,miqaat,tablet-portrait,130,English,1600,2392,53cb143ab5690e65f733deb6387cf86d56c7ce21f07ccd5711b9ef809d1774fd
36816998537,shots-tablet-portrait-a,tablet-portrait-a/home__miqaat__tablet-portrait__130__ur.png,home,miqaat,tablet-portrait,130,Urdu,1600,2392,007e429c39002e4ebc1d8c1db52fdfc246de508cde67626c50a50c47e243068d
36816998537,shots-tablet-portrait-a,tablet-portrait-a/home__miqaat__tablet-portrait__200.png,home,miqaat,tablet-portrait,200,English,1600,2392,31d391088c709d6d38a46c7f18c533835b651777ddee71ba5b5aa1f34bc7e857
36816998537,shots-tablet-portrait-a,tablet-portrait-a/home__prayer_gallery__tablet-portrait__100.png,home,prayer_gallery,tablet-portrait,100,English,1600,2392,a2e8c3fd4dae4c340e77e13a0c8494c678de1e38027178ae7ede89c4bccc7c73
36816998537,shots-tablet-portrait-a,tablet-portrait-a/home__prayer_gallery__tablet-portrait__100__ur.png,home,prayer_gallery,tablet-portrait,100,Urdu,1600,2392,a0181536c2628d306fa137c563145503150d637e6254356fc20e17f89a32ecec
36816998537,shots-tablet-portrait-a,tablet-portrait-a/home__prayer_gallery__tablet-portrait__130.png,home,prayer_gallery,tablet-portrait,130,English,1600,2392,707e306f63a2c56e907937a7a5a502f76539de9c5f4710d8cb11f5f3f0e43682
36816998537,shots-tablet-portrait-a,tablet-portrait-a/home__prayer_gallery__tablet-portrait__130__ur.png,home,prayer_gallery,tablet-portrait,130,Urdu,1600,2392,a18efd81cafec3933485489119bd4df2ef751c4ef89d94c8e8bf98a2fb170968
36816998537,shots-tablet-portrait-a,tablet-portrait-a/home__prayer_gallery__tablet-portrait__200.png,home,prayer_gallery,tablet-portrait,200,English,1600,2392,27e663a80379da2ab3dd1b8edf901e1f88a47a676426583708a604b8d4e3e2c3
36816998537,shots-tablet-portrait-a,tablet-portrait-a/state-ready__celestial_meridian__tablet-portrait__100.png,state-ready,celestial_meridian,tablet-portrait,100,English,1600,262,a3847069408a6844e45b15f199ba52a94a16bc372553034707d79721a10c45e5
36816998537,shots-tablet-portrait-a,tablet-portrait-a/state-ready__celestial_meridian__tablet-portrait__200.png,state-ready,celestial_meridian,tablet-portrait,200,English,1600,914,81dc7e3eca9b40092d262d591d834657fadbfb163028864001d16823fd93c1dd
36816998537,shots-tablet-portrait-a,tablet-portrait-a/state-ready__kiswah__tablet-portrait__100.png,state-ready,kiswah,tablet-portrait,100,English,1600,262,1f407e8b23b337bd08dc475dd522893561e1d4408f3072f425b764964a2b6f10
36816998537,shots-tablet-portrait-a,tablet-portrait-a/state-ready__kiswah__tablet-portrait__200.png,state-ready,kiswah,tablet-portrait,200,English,1600,914,d10e85b99b4ed1804e8a79673c30247b3015382774c3817099c06e8e7201428e
36816998537,shots-tablet-portrait-a,tablet-portrait-a/state-ready__miqaat__tablet-portrait__100.png,state-ready,miqaat,tablet-portrait,100,English,1600,262,02b6276a734113eb9315d443c29c258895cd4b83308ed531f3faa17787cb04f0
36816998537,shots-tablet-portrait-a,tablet-portrait-a/state-ready__miqaat__tablet-portrait__200.png,state-ready,miqaat,tablet-portrait,200,English,1600,914,8be19657a203918bcbeea4a2734dc94eef88e4916d3169211e2aa4f3dde484ac
36816998537,shots-tablet-portrait-a,tablet-portrait-a/state-ready__prayer_gallery__tablet-portrait__100.png,state-ready,prayer_gallery,tablet-portrait,100,English,1600,262,5987cd3f0081025a9199274baa3c8352c9ca143006f2da5e6eb0b0e6e85fe685
36816998537,shots-tablet-portrait-a,tablet-portrait-a/state-ready__prayer_gallery__tablet-portrait__200.png,state-ready,prayer_gallery,tablet-portrait,200,English,1600,914,01f0192951da71d14092e96953f1048b2eecffcb490c72466530f46be9457ca1
36816998537,shots-tablet-portrait-a,tablet-portrait-a/state-warning__celestial_meridian__tablet-portrait__100.png,state-warning,celestial_meridian,tablet-portrait,100,English,1600,300,9c2bcbf021060aa5277c3193c299181d56cc11a62229a27459287e6f45382eb4
36816998537,shots-tablet-portrait-a,tablet-portrait-a/state-warning__celestial_meridian__tablet-portrait__200.png,state-warning,celestial_meridian,tablet-portrait,200,English,1600,914,b8757c82bb5a0956c59118da8cf8d4ca8d51aa6d2a18e59c0a39182900969424
36816998537,shots-tablet-portrait-a,tablet-portrait-a/state-warning__kiswah__tablet-portrait__100.png,state-warning,kiswah,tablet-portrait,100,English,1600,300,835c978803fc463dd495e438cf5d11ea0dd5d43f0699f14520c9aa8fd27bbf56
36816998537,shots-tablet-portrait-a,tablet-portrait-a/state-warning__kiswah__tablet-portrait__200.png,state-warning,kiswah,tablet-portrait,200,English,1600,914,e6d35c0872f726df0ea544b500be7d6034eae17dc445a585e13035c464b2f84c
36816998537,shots-tablet-portrait-a,tablet-portrait-a/state-warning__miqaat__tablet-portrait__100.png,state-warning,miqaat,tablet-portrait,100,English,1600,300,25c29d793f912ac4e2daa3106cbb3af6c4df75dd2dc274f62c72166d6b239981
36816998537,shots-tablet-portrait-a,tablet-portrait-a/state-warning__miqaat__tablet-portrait__200.png,state-warning,miqaat,tablet-portrait,200,English,1600,914,49eb61cf1665a5651564ecab79857bed5dbb80148b763715b8d84726e497159b
36816998537,shots-tablet-portrait-a,tablet-portrait-a/state-warning__prayer_gallery__tablet-portrait__100.png,state-warning,prayer_gallery,tablet-portrait,100,English,1600,300,285f0274e538e5e4a8fa01220ad9c3e6641e848264a06c041368e35b74760b56
36816998537,shots-tablet-portrait-a,tablet-portrait-a/state-warning__prayer_gallery__tablet-portrait__200.png,state-warning,prayer_gallery,tablet-portrait,200,English,1600,914,d56a6cc052f5e58d151c62fe13d2d6e3e84fc48d4dc22646991d510792e7efc9
36816998537,shots-tablet-portrait-b,tablet-portrait-b/settings-about__celestial_meridian__tablet-portrait__100.png,settings-about,celestial_meridian,tablet-portrait,100,English,1600,2392,d0f8e792e789fea49832784ba71c31dcced896b03d7890c4016fe58c339594db
36816998537,shots-tablet-portrait-b,tablet-portrait-b/settings-about__kiswah__tablet-portrait__100.png,settings-about,kiswah,tablet-portrait,100,English,1600,2392,5f16016262f83b530c9e934dbc9c204f6575616c1d583eb6dd5cb94001fc7329
36816998537,shots-tablet-portrait-b,tablet-portrait-b/settings-about__miqaat__tablet-portrait__100.png,settings-about,miqaat,tablet-portrait,100,English,1600,2392,a35393da62f41ae248f465569d3853b0e9426e256fb036829495306af968dd39
36816998537,shots-tablet-portrait-b,tablet-portrait-b/settings-about__prayer_gallery__tablet-portrait__100.png,settings-about,prayer_gallery,tablet-portrait,100,English,1600,2392,211f0389e9d8e3a87b108f448ae61c70bb4d70110adccafb43cb43736eb7b360
36816998537,shots-tablet-portrait-b,tablet-portrait-b/settings-azaan__celestial_meridian__tablet-portrait__100.png,settings-azaan,celestial_meridian,tablet-portrait,100,English,1600,2392,8454825aabc90b5b1a7a74b06ceed1a43e2eee45442f6468f977dcc148f6920b
36816998537,shots-tablet-portrait-b,tablet-portrait-b/settings-azaan__kiswah__tablet-portrait__100.png,settings-azaan,kiswah,tablet-portrait,100,English,1600,2392,0ef923c93b4fb048f00fe6abb4ccf9196412c1930b4c3e811dc09da08ca8c797
36816998537,shots-tablet-portrait-b,tablet-portrait-b/settings-azaan__miqaat__tablet-portrait__100.png,settings-azaan,miqaat,tablet-portrait,100,English,1600,2392,8bc14c7a15ea2a15671bf61f3b00c70adb77cdec7b153c8682d042aa52b7c005
36816998537,shots-tablet-portrait-b,tablet-portrait-b/settings-azaan__prayer_gallery__tablet-portrait__100.png,settings-azaan,prayer_gallery,tablet-portrait,100,English,1600,2392,325581c810312919e751809718325891e5c0bb9fc0cc48999e03b9d8ceb9b14e
36816998537,shots-tablet-portrait-b,tablet-portrait-b/settings-display__celestial_meridian__tablet-portrait__100.png,settings-display,celestial_meridian,tablet-portrait,100,English,1600,2392,44e9122978771abd14e7ff802a48eb726cd81229cfdc0881888fbbcfeeed541a
36816998537,shots-tablet-portrait-b,tablet-portrait-b/settings-display__celestial_meridian__tablet-portrait__100__ur.png,settings-display,celestial_meridian,tablet-portrait,100,Urdu,1600,2392,853735554975302c64f8025a4695847d02ea0c4bbb6846d886d23f606fca4c72
36816998537,shots-tablet-portrait-b,tablet-portrait-b/settings-display__celestial_meridian__tablet-portrait__200.png,settings-display,celestial_meridian,tablet-portrait,200,English,1600,2392,afdf3c486814412a53362dd1a7e883110cdb26f564fd943ee10ffcfef47fef39
36816998537,shots-tablet-portrait-b,tablet-portrait-b/settings-display__kiswah__tablet-portrait__100.png,settings-display,kiswah,tablet-portrait,100,English,1600,2392,53f9b9f6a70e22593774ac4cd217be9d339ef217d05a10a6c7eade7ab5cddde1
36816998537,shots-tablet-portrait-b,tablet-portrait-b/settings-display__kiswah__tablet-portrait__100__ur.png,settings-display,kiswah,tablet-portrait,100,Urdu,1600,2392,151a029edcf5a51f226a09bd7af43e3784afbf7a4027e410ce29a028c0c398b9
36816998537,shots-tablet-portrait-b,tablet-portrait-b/settings-display__kiswah__tablet-portrait__200.png,settings-display,kiswah,tablet-portrait,200,English,1600,2392,24b758b16581c2b9f08c38d406b5c115cf48d7491aef5027f9beab143ba37eb0
36816998537,shots-tablet-portrait-b,tablet-portrait-b/settings-display__miqaat__tablet-portrait__100.png,settings-display,miqaat,tablet-portrait,100,English,1600,2392,f79f1df316e2fbbfdb8528a65587fc8b35d359eb0e3b27df92b404fc3b864502
36816998537,shots-tablet-portrait-b,tablet-portrait-b/settings-display__miqaat__tablet-portrait__100__ur.png,settings-display,miqaat,tablet-portrait,100,Urdu,1600,2392,4b1d90b3c80b720808624fc922f3bc275fd1c6d456246d46a9c57e4985f75997
36816998537,shots-tablet-portrait-b,tablet-portrait-b/settings-display__miqaat__tablet-portrait__200.png,settings-display,miqaat,tablet-portrait,200,English,1600,2392,afb8fea027a29b1e085c666bd8dd912785b634d6df1cd3a3a768f56a26f01c63
36816998537,shots-tablet-portrait-b,tablet-portrait-b/settings-display__prayer_gallery__tablet-portrait__100.png,settings-display,prayer_gallery,tablet-portrait,100,English,1600,2392,2e3e9bf7404c0e54a2fbe5f98563aa59b4f1e47ba6014f56608645482ecfdbce
36816998537,shots-tablet-portrait-b,tablet-portrait-b/settings-display__prayer_gallery__tablet-portrait__100__ur.png,settings-display,prayer_gallery,tablet-portrait,100,Urdu,1600,2392,f2a6cd688d411bc1c4f0ea8207a63b28a7ea0a83e098e4ffb9aa6a5f51d28dc1
36816998537,shots-tablet-portrait-b,tablet-portrait-b/settings-display__prayer_gallery__tablet-portrait__200.png,settings-display,prayer_gallery,tablet-portrait,200,English,1600,2392,a1f73ae0cf2c1e853b61e9ad8ec825494c4e7ec742c3eed475d8eb0079b9e418
36816998537,shots-tablet-portrait-b,tablet-portrait-b/settings-health__celestial_meridian__tablet-portrait__100.png,settings-health,celestial_meridian,tablet-portrait,100,English,1600,2392,e610d4f5ea2d02d864524417f6cd9fdf952676ce8fb7d727a93032b8ef44b0f6
36816998537,shots-tablet-portrait-b,tablet-portrait-b/settings-health__kiswah__tablet-portrait__100.png,settings-health,kiswah,tablet-portrait,100,English,1600,2392,5eefdb2e591747346561cefb1dfd338cb2140ad0f9e036476673fdc71c73d7cc
36816998537,shots-tablet-portrait-b,tablet-portrait-b/settings-health__miqaat__tablet-portrait__100.png,settings-health,miqaat,tablet-portrait,100,English,1600,2392,0e3714394064339ce509d803120cc15ade210ba369de4ff2f2266af05d35b102
36816998537,shots-tablet-portrait-b,tablet-portrait-b/settings-health__prayer_gallery__tablet-portrait__100.png,settings-health,prayer_gallery,tablet-portrait,100,English,1600,2392,ef968bbf9797192d4f95ba8dbece63fe9cdaddd4b22b2997f6787afa3b6bbbf3
36816998537,shots-tablet-portrait-b,tablet-portrait-b/settings-hijri__celestial_meridian__tablet-portrait__100.png,settings-hijri,celestial_meridian,tablet-portrait,100,English,1600,2392,626f5832f0c6a4b9e83bde773ffcacf75cd5557c02964a1d6a1f975a6f2a610b
36816998537,shots-tablet-portrait-b,tablet-portrait-b/settings-hijri__kiswah__tablet-portrait__100.png,settings-hijri,kiswah,tablet-portrait,100,English,1600,2392,89abe90232b7e1357ad077adef27d1d1292fb214e39018ebccc68348dbe3adff
36816998537,shots-tablet-portrait-b,tablet-portrait-b/settings-hijri__miqaat__tablet-portrait__100.png,settings-hijri,miqaat,tablet-portrait,100,English,1600,2392,33ad0b615717747e080858254820d8f2e986bd575fd00a4abacc92c63bcf9f7a
36816998537,shots-tablet-portrait-b,tablet-portrait-b/settings-hijri__prayer_gallery__tablet-portrait__100.png,settings-hijri,prayer_gallery,tablet-portrait,100,English,1600,2392,0b1c4819ddfb338b8b9f8acac88f507e674c3668cb4dfdb58bad4efffaea5e0a
36816998537,shots-tablet-portrait-b,tablet-portrait-b/settings-iqamah__celestial_meridian__tablet-portrait__100.png,settings-iqamah,celestial_meridian,tablet-portrait,100,English,1600,2392,2d8d04495f39f7d34ff33cbecce4ef2d53015bf132be692cd4049d91fdf4b2ae
36816998537,shots-tablet-portrait-b,tablet-portrait-b/settings-iqamah__kiswah__tablet-portrait__100.png,settings-iqamah,kiswah,tablet-portrait,100,English,1600,2392,b0c580d1f496a1507edfe2fae6c11839e8559dc8c00f2bf83ed6e03e220526fb
36816998537,shots-tablet-portrait-b,tablet-portrait-b/settings-iqamah__miqaat__tablet-portrait__100.png,settings-iqamah,miqaat,tablet-portrait,100,English,1600,2392,e5a02ce2346bb4f197876a2711fe94a0e5500da394cd615951abf6cddd04858c
36816998537,shots-tablet-portrait-b,tablet-portrait-b/settings-iqamah__prayer_gallery__tablet-portrait__100.png,settings-iqamah,prayer_gallery,tablet-portrait,100,English,1600,2392,7e0f9c1c67042ee40e9670ff75f58fea552329c9af4553536c98a8a779948319
36816998537,shots-tablet-portrait-b,tablet-portrait-b/settings-location__celestial_meridian__tablet-portrait__100.png,settings-location,celestial_meridian,tablet-portrait,100,English,1600,2392,9ece0330a2e874509f42cf46f2339395f8f62fa02c33e0e991a8e130a5be53de
36816998537,shots-tablet-portrait-b,tablet-portrait-b/settings-location__celestial_meridian__tablet-portrait__100__ur.png,settings-location,celestial_meridian,tablet-portrait,100,Urdu,1600,2392,89a33df62980cd5c692edbf2ac1add62debb580c9d2edecb9bc7d81ae5dee487
36816998537,shots-tablet-portrait-b,tablet-portrait-b/settings-location__kiswah__tablet-portrait__100.png,settings-location,kiswah,tablet-portrait,100,English,1600,2392,7fde998c530d3227a5a6e82fa738d8f0edf85d2455c71574ba85b8e8efb44e99
36816998537,shots-tablet-portrait-b,tablet-portrait-b/settings-location__kiswah__tablet-portrait__100__ur.png,settings-location,kiswah,tablet-portrait,100,Urdu,1600,2392,373adb1e85499a3539ba95ef4850900630c1c471e6e5ca722c5dcd3a9f41ef2a
36816998537,shots-tablet-portrait-b,tablet-portrait-b/settings-location__miqaat__tablet-portrait__100.png,settings-location,miqaat,tablet-portrait,100,English,1600,2392,d38cee9cb439cd04067b6218f723a64fccdda519e2ecd849e9286b0006dfa6cd
36816998537,shots-tablet-portrait-b,tablet-portrait-b/settings-location__miqaat__tablet-portrait__100__ur.png,settings-location,miqaat,tablet-portrait,100,Urdu,1600,2392,eaeb9d70082d5bf36b73bc6f92f83c9537276c4a96517c3ce1767992c7e12196
36816998537,shots-tablet-portrait-b,tablet-portrait-b/settings-location__prayer_gallery__tablet-portrait__100.png,settings-location,prayer_gallery,tablet-portrait,100,English,1600,2392,c0c64ee17c276055a0a5125d1b7f2ab30d4bcd6f3ed09b4fddbb2548a0475980
36816998537,shots-tablet-portrait-b,tablet-portrait-b/settings-location__prayer_gallery__tablet-portrait__100__ur.png,settings-location,prayer_gallery,tablet-portrait,100,Urdu,1600,2392,04cb841e34ee4d7a5c956315dee3bdd12d1d243dd96ff30d7cc497bfda1456f5
36816998537,shots-tablet-portrait-b,tablet-portrait-b/settings-privacy__celestial_meridian__tablet-portrait__100.png,settings-privacy,celestial_meridian,tablet-portrait,100,English,1600,2392,5544c12ba2e9cddae35b31a6d745587b2cd3be0a90270a40e54bf6fbd649b70c
36816998537,shots-tablet-portrait-b,tablet-portrait-b/settings-privacy__kiswah__tablet-portrait__100.png,settings-privacy,kiswah,tablet-portrait,100,English,1600,2392,202fcd8c7ce985685996cc5c784d5e1f1bd11a69dedb83d02700acf85156e9a3
36816998537,shots-tablet-portrait-b,tablet-portrait-b/settings-privacy__miqaat__tablet-portrait__100.png,settings-privacy,miqaat,tablet-portrait,100,English,1600,2392,948b444b4af0688d94d10c614ee1fb9cfd4df949b0a96e53c3ef5bacde25fe8c
36816998537,shots-tablet-portrait-b,tablet-portrait-b/settings-privacy__prayer_gallery__tablet-portrait__100.png,settings-privacy,prayer_gallery,tablet-portrait,100,English,1600,2392,4a917a79343e29ead737b1fe9b0811a78878f2e91e23473b50ca79bf8a96775d
36816998537,shots-tablet-portrait-b,tablet-portrait-b/settings-test__celestial_meridian__tablet-portrait__100.png,settings-test,celestial_meridian,tablet-portrait,100,English,1600,2392,653bdddf2e5a43677b654b2532ff3630997a46c01bb08b87b0cab95b48a90d9c
36816998537,shots-tablet-portrait-b,tablet-portrait-b/settings-test__celestial_meridian__tablet-portrait__200.png,settings-test,celestial_meridian,tablet-portrait,200,English,1600,2392,91c42daef63d4dcf297c57b79f072f470a8d55b19981259bd5dc5ee3c36793db
36816998537,shots-tablet-portrait-b,tablet-portrait-b/settings-test__kiswah__tablet-portrait__100.png,settings-test,kiswah,tablet-portrait,100,English,1600,2392,3403e136be396125562e13c09e9051fdb513c067061a575f9da9a93db80c88b3
36816998537,shots-tablet-portrait-b,tablet-portrait-b/settings-test__kiswah__tablet-portrait__200.png,settings-test,kiswah,tablet-portrait,200,English,1600,2392,a76e64e7531a8dc5d9b8d1ff453b5cdb677d73266ed0ced573bf98aa3032d8a1
36816998537,shots-tablet-portrait-b,tablet-portrait-b/settings-test__miqaat__tablet-portrait__100.png,settings-test,miqaat,tablet-portrait,100,English,1600,2392,dbea1c95514a0587d838e15e2f51920cec24b150af897e4609246106c0338686
36816998537,shots-tablet-portrait-b,tablet-portrait-b/settings-test__miqaat__tablet-portrait__200.png,settings-test,miqaat,tablet-portrait,200,English,1600,2392,202523e9eee3f37709e2951f6e1bab66a6eb5bc49351372a4352d70c0b827a54
36816998537,shots-tablet-portrait-b,tablet-portrait-b/settings-test__prayer_gallery__tablet-portrait__100.png,settings-test,prayer_gallery,tablet-portrait,100,English,1600,2392,b6b22ad203c387f5d22741876cc1d432c0b54a856c27539ffe49f71bceb8a494
36816998537,shots-tablet-portrait-b,tablet-portrait-b/settings-test__prayer_gallery__tablet-portrait__200.png,settings-test,prayer_gallery,tablet-portrait,200,English,1600,2392,65ee1c8cf69914120c24f5a0660388ac06fc6a071a6dfd730225bd311e14bcff
36816998537,shots-tablet-portrait-b,tablet-portrait-b/settings-times__celestial_meridian__tablet-portrait__100.png,settings-times,celestial_meridian,tablet-portrait,100,English,1600,2392,ee5e5f9d80c764a962de861e9c40816fa9f495915815195cdabd667f66af0125
36816998537,shots-tablet-portrait-b,tablet-portrait-b/settings-times__kiswah__tablet-portrait__100.png,settings-times,kiswah,tablet-portrait,100,English,1600,2392,7cd39b0f2ead2fe2f376d190de08ed434e784cdce067041d4cfa6528e47ea166
36816998537,shots-tablet-portrait-b,tablet-portrait-b/settings-times__miqaat__tablet-portrait__100.png,settings-times,miqaat,tablet-portrait,100,English,1600,2392,3f035db27b113d2393480a01ca02fbd67a21ffa51ed48945fbfd0d5bf3e4d8f3
36816998537,shots-tablet-portrait-b,tablet-portrait-b/settings-times__prayer_gallery__tablet-portrait__100.png,settings-times,prayer_gallery,tablet-portrait,100,English,1600,2392,63da75b83a13bad55b700c74fe1be8d7d1d58deb6f557bc85804a27fce9d404d
36816998537,shots-tablet-portrait-b,tablet-portrait-b/settings__celestial_meridian__tablet-portrait__100.png,settings,celestial_meridian,tablet-portrait,100,English,1600,2392,9ece0330a2e874509f42cf46f2339395f8f62fa02c33e0e991a8e130a5be53de
36816998537,shots-tablet-portrait-b,tablet-portrait-b/settings__celestial_meridian__tablet-portrait__100__ur.png,settings,celestial_meridian,tablet-portrait,100,Urdu,1600,2392,89a33df62980cd5c692edbf2ac1add62debb580c9d2edecb9bc7d81ae5dee487
36816998537,shots-tablet-portrait-b,tablet-portrait-b/settings__celestial_meridian__tablet-portrait__130.png,settings,celestial_meridian,tablet-portrait,130,English,1600,2392,0394b9fbbae6a482ff96019958be805fe9a7d5f3d9268d63ff923bec640554bf
36816998537,shots-tablet-portrait-b,tablet-portrait-b/settings__celestial_meridian__tablet-portrait__200.png,settings,celestial_meridian,tablet-portrait,200,English,1600,2392,01c781ac13c37ab29e3bb0ba154d2030f6ba4f0f50a05c4e02aebe269f103559
36816998537,shots-tablet-portrait-b,tablet-portrait-b/settings__kiswah__tablet-portrait__100.png,settings,kiswah,tablet-portrait,100,English,1600,2392,7fde998c530d3227a5a6e82fa738d8f0edf85d2455c71574ba85b8e8efb44e99
36816998537,shots-tablet-portrait-b,tablet-portrait-b/settings__kiswah__tablet-portrait__100__ur.png,settings,kiswah,tablet-portrait,100,Urdu,1600,2392,373adb1e85499a3539ba95ef4850900630c1c471e6e5ca722c5dcd3a9f41ef2a
36816998537,shots-tablet-portrait-b,tablet-portrait-b/settings__kiswah__tablet-portrait__130.png,settings,kiswah,tablet-portrait,130,English,1600,2392,5b7faf707196e07812032464d1575f5e188d733adc685efb0914c51a9a173fc9
36816998537,shots-tablet-portrait-b,tablet-portrait-b/settings__kiswah__tablet-portrait__200.png,settings,kiswah,tablet-portrait,200,English,1600,2392,72f5f472a6d8949ee3ad9171397d1779c6d7eedacea3b6dd76ffc8fc3176a196
36816998537,shots-tablet-portrait-b,tablet-portrait-b/settings__miqaat__tablet-portrait__100.png,settings,miqaat,tablet-portrait,100,English,1600,2392,d38cee9cb439cd04067b6218f723a64fccdda519e2ecd849e9286b0006dfa6cd
36816998537,shots-tablet-portrait-b,tablet-portrait-b/settings__miqaat__tablet-portrait__100__ur.png,settings,miqaat,tablet-portrait,100,Urdu,1600,2392,eaeb9d70082d5bf36b73bc6f92f83c9537276c4a96517c3ce1767992c7e12196
36816998537,shots-tablet-portrait-b,tablet-portrait-b/settings__miqaat__tablet-portrait__130.png,settings,miqaat,tablet-portrait,130,English,1600,2392,6fd69b514fa6bd98335d8f7d783b7e7610f56228eca358d143c2b8c2cdee6ac1
36816998537,shots-tablet-portrait-b,tablet-portrait-b/settings__miqaat__tablet-portrait__200.png,settings,miqaat,tablet-portrait,200,English,1600,2392,9006bdc3b0a0af62e861131909ae20124df5eb3eaa215168c847aad49090206c
36816998537,shots-tablet-portrait-b,tablet-portrait-b/settings__prayer_gallery__tablet-portrait__100.png,settings,prayer_gallery,tablet-portrait,100,English,1600,2392,c0c64ee17c276055a0a5125d1b7f2ab30d4bcd6f3ed09b4fddbb2548a0475980
36816998537,shots-tablet-portrait-b,tablet-portrait-b/settings__prayer_gallery__tablet-portrait__100__ur.png,settings,prayer_gallery,tablet-portrait,100,Urdu,1600,2392,04cb841e34ee4d7a5c956315dee3bdd12d1d243dd96ff30d7cc497bfda1456f5
36816998537,shots-tablet-portrait-b,tablet-portrait-b/settings__prayer_gallery__tablet-portrait__130.png,settings,prayer_gallery,tablet-portrait,130,English,1600,2392,9c1b265a70914c899d759881098fa77a928da9cc1a08af2468e7b0d5ba4fdff4
36816998537,shots-tablet-portrait-b,tablet-portrait-b/settings__prayer_gallery__tablet-portrait__200.png,settings,prayer_gallery,tablet-portrait,200,English,1600,2392,332a9f9fe607601a30d3f12ecb7982969d98c59ad633abadd0a93f8c044c695b
36816998537,shots-tablet-portrait-c,tablet-portrait-c/adhkar-evening__celestial_meridian__tablet-portrait__100.png,adhkar-evening,celestial_meridian,tablet-portrait,100,English,1600,2392,ebf27b614e706508ff1733e029ee164659cbc11f98da1f7d6431cacbdbae1f56
36816998537,shots-tablet-portrait-c,tablet-portrait-c/adhkar-evening__celestial_meridian__tablet-portrait__200.png,adhkar-evening,celestial_meridian,tablet-portrait,200,English,1600,2392,6bbe9a2f80d2bc29808d6a3abb349be48bb344d484a88a14b1e2e2f1845e6bdd
36816998537,shots-tablet-portrait-c,tablet-portrait-c/adhkar-evening__kiswah__tablet-portrait__100.png,adhkar-evening,kiswah,tablet-portrait,100,English,1600,2392,d7d60614a97593ac6589a77758c564039d2bc8c60553a009db71aa20e36d8eb7
36816998537,shots-tablet-portrait-c,tablet-portrait-c/adhkar-evening__kiswah__tablet-portrait__200.png,adhkar-evening,kiswah,tablet-portrait,200,English,1600,2392,27641f9245959efef046b9c91fcf791cf8c3c487eea2f354c4d095ae0cf20c68
36816998537,shots-tablet-portrait-c,tablet-portrait-c/adhkar-evening__miqaat__tablet-portrait__100.png,adhkar-evening,miqaat,tablet-portrait,100,English,1600,2392,ebea05565d593d896426db120eb38d6c2aadf5a198f436f332c1324903537580
36816998537,shots-tablet-portrait-c,tablet-portrait-c/adhkar-evening__miqaat__tablet-portrait__200.png,adhkar-evening,miqaat,tablet-portrait,200,English,1600,2392,403fec18979229e33c9309903614baa14f4777d7badab6ebdb41429b5c3368af
36816998537,shots-tablet-portrait-c,tablet-portrait-c/adhkar-evening__prayer_gallery__tablet-portrait__100.png,adhkar-evening,prayer_gallery,tablet-portrait,100,English,1600,2392,9b8919ada4c8e1baed86151e6e5afc3648ee4cdd01d4616da998bc23807468ad
36816998537,shots-tablet-portrait-c,tablet-portrait-c/adhkar-evening__prayer_gallery__tablet-portrait__200.png,adhkar-evening,prayer_gallery,tablet-portrait,200,English,1600,2392,aabee0004ae31cec8f50a1c4698139aa237ed190969cb63efe6242e5c0fc6510
36816998537,shots-tablet-portrait-c,tablet-portrait-c/adhkar-morning__celestial_meridian__tablet-portrait__100.png,adhkar-morning,celestial_meridian,tablet-portrait,100,English,1600,2392,646d00fec54323573f38368937418227c16dd1635a1f0988d95406ad43a83d76
36816998537,shots-tablet-portrait-c,tablet-portrait-c/adhkar-morning__celestial_meridian__tablet-portrait__100__ur.png,adhkar-morning,celestial_meridian,tablet-portrait,100,Urdu,1600,2392,e076265a44ebd9ef948ef15c22bfa584902dde015d02878ad9367cd979b68348
36816998537,shots-tablet-portrait-c,tablet-portrait-c/adhkar-morning__celestial_meridian__tablet-portrait__200.png,adhkar-morning,celestial_meridian,tablet-portrait,200,English,1600,2392,48159cd4da9acb865dbdce82690ea137d362e4f8e0716aa84d844a3e1f02b736
36816998537,shots-tablet-portrait-c,tablet-portrait-c/adhkar-morning__kiswah__tablet-portrait__100.png,adhkar-morning,kiswah,tablet-portrait,100,English,1600,2392,f6a4c0c7b438175b2360cdbd8649111b7ee827cfb36b4af82ff4c92ac9196192
36816998537,shots-tablet-portrait-c,tablet-portrait-c/adhkar-morning__kiswah__tablet-portrait__100__ur.png,adhkar-morning,kiswah,tablet-portrait,100,Urdu,1600,2392,f0bfda0f5dfef203be9b964f1e4a0b616d811dba7e1f860ab7db8d03cd42c801
36816998537,shots-tablet-portrait-c,tablet-portrait-c/adhkar-morning__kiswah__tablet-portrait__200.png,adhkar-morning,kiswah,tablet-portrait,200,English,1600,2392,237124d12dae222d0b4c6746ee3a16cf0f16925831619957e787c0f0ce48c2e4
36816998537,shots-tablet-portrait-c,tablet-portrait-c/adhkar-morning__miqaat__tablet-portrait__100.png,adhkar-morning,miqaat,tablet-portrait,100,English,1600,2392,4719f2aa6bf615309d715615e58f1bc17b590ec517087b4f79ea297843e14896
36816998537,shots-tablet-portrait-c,tablet-portrait-c/adhkar-morning__miqaat__tablet-portrait__100__ur.png,adhkar-morning,miqaat,tablet-portrait,100,Urdu,1600,2392,b7dcce05667a276f096407164d6269f0006c093bdc4d70716f4f1450da2531ea
36816998537,shots-tablet-portrait-c,tablet-portrait-c/adhkar-morning__miqaat__tablet-portrait__200.png,adhkar-morning,miqaat,tablet-portrait,200,English,1600,2392,fb717bcab9db6125e9a4e98e9d44b9ffa62ab21d2fe4153811c55db4b824d60b
36816998537,shots-tablet-portrait-c,tablet-portrait-c/adhkar-morning__prayer_gallery__tablet-portrait__100.png,adhkar-morning,prayer_gallery,tablet-portrait,100,English,1600,2392,ae84c7441243723de0d4aedd484a00f04068df0f197266ce7d3794ff4c732460
36816998537,shots-tablet-portrait-c,tablet-portrait-c/adhkar-morning__prayer_gallery__tablet-portrait__100__ur.png,adhkar-morning,prayer_gallery,tablet-portrait,100,Urdu,1600,2392,6c9fe1230a81728fa1f5f0ce59c4cf1bdbffdbcd687eeabb1436a70cbeeabdbf
36816998537,shots-tablet-portrait-c,tablet-portrait-c/adhkar-morning__prayer_gallery__tablet-portrait__200.png,adhkar-morning,prayer_gallery,tablet-portrait,200,English,1600,2392,cce07d2fd23c68db337c90b2b6af3eb5d5f3de6a820345680520daa6d6339c82
36816998537,shots-tablet-portrait-c,tablet-portrait-c/friday__celestial_meridian__tablet-portrait__100.png,friday,celestial_meridian,tablet-portrait,100,English,1600,2392,24f456cc39283d834c0f11733e32f02c25b27ff1e6e0c9a3a94fd76d344dcb10
36816998537,shots-tablet-portrait-c,tablet-portrait-c/friday__celestial_meridian__tablet-portrait__100__ur.png,friday,celestial_meridian,tablet-portrait,100,Urdu,1600,2392,a85ac3635e6c4876308263ccb45e0402033655cf58e485afc8ff00636dc44be5
36816998537,shots-tablet-portrait-c,tablet-portrait-c/friday__celestial_meridian__tablet-portrait__200.png,friday,celestial_meridian,tablet-portrait,200,English,1600,2392,97032e433c54e5ea5dc1df15bec9e38532cd43559d63c1c8b3ded51440894bb2
36816998537,shots-tablet-portrait-c,tablet-portrait-c/friday__kiswah__tablet-portrait__100.png,friday,kiswah,tablet-portrait,100,English,1600,2392,a66e2677b0a904cedbe50f970049e18d170abe912d0295f8b7d0e7a203d7886d
36816998537,shots-tablet-portrait-c,tablet-portrait-c/friday__kiswah__tablet-portrait__100__ur.png,friday,kiswah,tablet-portrait,100,Urdu,1600,2392,a047ce0f8392027079ffd02ae8e9be15b2c943cbe2405ff0bed400f41d6a75d7
36816998537,shots-tablet-portrait-c,tablet-portrait-c/friday__kiswah__tablet-portrait__200.png,friday,kiswah,tablet-portrait,200,English,1600,2392,da245100aac8fea85f848fdaa4bc66470718c2d30deab3c8d8ffc7160c9a07fe
36816998537,shots-tablet-portrait-c,tablet-portrait-c/friday__miqaat__tablet-portrait__100.png,friday,miqaat,tablet-portrait,100,English,1600,2392,6d7b95ebb75fbe072fc4f646afe040d53d433ae21a52a4a306fbb86685c51f95
36816998537,shots-tablet-portrait-c,tablet-portrait-c/friday__miqaat__tablet-portrait__100__ur.png,friday,miqaat,tablet-portrait,100,Urdu,1600,2392,74a5b6184141c16e2ecbbffe2f3f3357f8a44382bd1dc9468755b9e8b1504bbd
36816998537,shots-tablet-portrait-c,tablet-portrait-c/friday__miqaat__tablet-portrait__200.png,friday,miqaat,tablet-portrait,200,English,1600,2392,9c2b44a51a1b464fc0f31ac85ff5e5872dca3a9a74ed5572b676e7a98d517595
36816998537,shots-tablet-portrait-c,tablet-portrait-c/friday__prayer_gallery__tablet-portrait__100.png,friday,prayer_gallery,tablet-portrait,100,English,1600,2392,d69eec7e6a4fac49351d39be3c8552531d60e81b6b65bec902f73418b52ee290
36816998537,shots-tablet-portrait-c,tablet-portrait-c/friday__prayer_gallery__tablet-portrait__100__ur.png,friday,prayer_gallery,tablet-portrait,100,Urdu,1600,2392,93e4846f92bb53f899dce595607ad34fd56763efa4704f1c9867f294453debbf
36816998537,shots-tablet-portrait-c,tablet-portrait-c/friday__prayer_gallery__tablet-portrait__200.png,friday,prayer_gallery,tablet-portrait,200,English,1600,2392,bea120bf203ed5e7498cdd931363c08f0cbef4c592557b10959162ee3d6f0220
36816998537,shots-tablet-portrait-c,tablet-portrait-c/learn__celestial_meridian__tablet-portrait__100.png,learn,celestial_meridian,tablet-portrait,100,English,1600,2392,6d97377dfbf979b58f5f842f455fd012b229ad6770e8278f6c08ee1d6dc28a9f
36816998537,shots-tablet-portrait-c,tablet-portrait-c/learn__celestial_meridian__tablet-portrait__100__ur.png,learn,celestial_meridian,tablet-portrait,100,Urdu,1600,2392,eb623d04ab396e90c3ff1d3ba2c7d72bb1363a7f9ebd78ad6d94c1a9da44eeb3
36816998537,shots-tablet-portrait-c,tablet-portrait-c/learn__celestial_meridian__tablet-portrait__200.png,learn,celestial_meridian,tablet-portrait,200,English,1600,2392,fc0c40aa725e2631c1b20e75a0bd423a46823157b2dd075746632c47682651f5
36816998537,shots-tablet-portrait-c,tablet-portrait-c/learn__kiswah__tablet-portrait__100.png,learn,kiswah,tablet-portrait,100,English,1600,2392,fdad0fec309971b4add310200c5da6df269048671919014bd79d34d227c904f5
36816998537,shots-tablet-portrait-c,tablet-portrait-c/learn__kiswah__tablet-portrait__100__ur.png,learn,kiswah,tablet-portrait,100,Urdu,1600,2392,61da9dcfb89d117b5681dc22155c04d0df60eec37b43eb562acfa323b2f71c05
36816998537,shots-tablet-portrait-c,tablet-portrait-c/learn__kiswah__tablet-portrait__200.png,learn,kiswah,tablet-portrait,200,English,1600,2392,34dc899da8166c7d73978a5fe45fd85b83e6118b1d42647dd1806e55588dc4dc
36816998537,shots-tablet-portrait-c,tablet-portrait-c/learn__miqaat__tablet-portrait__100.png,learn,miqaat,tablet-portrait,100,English,1600,2392,5f2021d337f1bf8548e8babeaf8bd214ba8389308cf0aede8ff9d1e8e1400a13
36816998537,shots-tablet-portrait-c,tablet-portrait-c/learn__miqaat__tablet-portrait__100__ur.png,learn,miqaat,tablet-portrait,100,Urdu,1600,2392,7d569a57b5f58da01c665d1e50daeb7d8f4517ea929aa122a1f8779db4a51f4a
36816998537,shots-tablet-portrait-c,tablet-portrait-c/learn__miqaat__tablet-portrait__200.png,learn,miqaat,tablet-portrait,200,English,1600,2392,be830ef73b515ea10a798e773d3d52ea8eea1079c649691b915c6256f91e470e
36816998537,shots-tablet-portrait-c,tablet-portrait-c/learn__prayer_gallery__tablet-portrait__100.png,learn,prayer_gallery,tablet-portrait,100,English,1600,2392,fc32cab9ba4b65f59236b50b14ca39aa4c7162910eb672431253d9d3473783ed
36816998537,shots-tablet-portrait-c,tablet-portrait-c/learn__prayer_gallery__tablet-portrait__100__ur.png,learn,prayer_gallery,tablet-portrait,100,Urdu,1600,2392,e6e9694034ebf86a0d311cf6ce7098d1176852df347fe63d3d9ddda0a7f0f0e9
36816998537,shots-tablet-portrait-c,tablet-portrait-c/learn__prayer_gallery__tablet-portrait__200.png,learn,prayer_gallery,tablet-portrait,200,English,1600,2392,008a428540f114ede59e59ee431c30462cde497abd8d0b578beb88f297bc4216
36816998537,shots-tablet-portrait-c,tablet-portrait-c/qibla__celestial_meridian__tablet-portrait__100.png,qibla,celestial_meridian,tablet-portrait,100,English,1600,2392,456826639c32abaacd873d79934a0dd4cbd40003fd377dc21429955c52e4c946
36816998537,shots-tablet-portrait-c,tablet-portrait-c/qibla__celestial_meridian__tablet-portrait__100__ur.png,qibla,celestial_meridian,tablet-portrait,100,Urdu,1600,2392,1b7fa81816a20cdccd78dc7cd20fc333bcb3b04b5a521188dde9ca709929ad86
36816998537,shots-tablet-portrait-c,tablet-portrait-c/qibla__celestial_meridian__tablet-portrait__200.png,qibla,celestial_meridian,tablet-portrait,200,English,1600,2392,29786c8bd272078911b47ba62ff2a3536dc9b2a1bb2a585f6e281bc5af472ee8
36816998537,shots-tablet-portrait-c,tablet-portrait-c/qibla__kiswah__tablet-portrait__100.png,qibla,kiswah,tablet-portrait,100,English,1600,2392,0cad81bd17c1c4be5bd39aba41380d1519a1be0d7d48b608e54b3c5958ce8ff7
36816998537,shots-tablet-portrait-c,tablet-portrait-c/qibla__kiswah__tablet-portrait__100__ur.png,qibla,kiswah,tablet-portrait,100,Urdu,1600,2392,7255bb7f2326fb109b6d3b020f3d5f92abe2baacf620eab1587a9338a4aba4d0
36816998537,shots-tablet-portrait-c,tablet-portrait-c/qibla__kiswah__tablet-portrait__200.png,qibla,kiswah,tablet-portrait,200,English,1600,2392,74140ae5fb6ac847704dc8f72d6c8d79049b8ce5394d5664ea4e37bc74119f21
36816998537,shots-tablet-portrait-c,tablet-portrait-c/qibla__miqaat__tablet-portrait__100.png,qibla,miqaat,tablet-portrait,100,English,1600,2392,c480bf39a1f375096bde21f36adb127730fdf0e788af04371e716b41e1e5b47d
36816998537,shots-tablet-portrait-c,tablet-portrait-c/qibla__miqaat__tablet-portrait__100__ur.png,qibla,miqaat,tablet-portrait,100,Urdu,1600,2392,2d6fc01a6db0b730b0f8b34e0c58892008a2957a06b78178e29d713e805f9145
36816998537,shots-tablet-portrait-c,tablet-portrait-c/qibla__miqaat__tablet-portrait__200.png,qibla,miqaat,tablet-portrait,200,English,1600,2392,57678e5e06ef3d1a759a962e73d75510ecd4a1da437326eddd8959e2d49d12d5
36816998537,shots-tablet-portrait-c,tablet-portrait-c/qibla__prayer_gallery__tablet-portrait__100.png,qibla,prayer_gallery,tablet-portrait,100,English,1600,2392,9e546ffa6d7465d3eb64aebd1ac736062e797696686a8ef59a13ab8efd65a2cc
36816998537,shots-tablet-portrait-c,tablet-portrait-c/qibla__prayer_gallery__tablet-portrait__100__ur.png,qibla,prayer_gallery,tablet-portrait,100,Urdu,1600,2392,4185718754b3853dc5b1f6437804218bf862724c01a5f169627d1ff008805fc0
36816998537,shots-tablet-portrait-c,tablet-portrait-c/qibla__prayer_gallery__tablet-portrait__200.png,qibla,prayer_gallery,tablet-portrait,200,English,1600,2392,fe911759e363af0e564ee2e95d57ed224e12761a2e727d48540bebfb979b92bf
36816998537,shots-tablet-portrait-c,tablet-portrait-c/timetable__celestial_meridian__tablet-portrait__100.png,timetable,celestial_meridian,tablet-portrait,100,English,1600,2392,6efb480adbf7578da5294cbf25a487d115e4ac32690f0f54ea37a5bd5d5b3cf5
36816998537,shots-tablet-portrait-c,tablet-portrait-c/timetable__celestial_meridian__tablet-portrait__100__ur.png,timetable,celestial_meridian,tablet-portrait,100,Urdu,1600,2392,718bef0430ac7b7176b7bee48977c5cd3343989508343b1995c89e2a1ad16c05
36816998537,shots-tablet-portrait-c,tablet-portrait-c/timetable__celestial_meridian__tablet-portrait__200.png,timetable,celestial_meridian,tablet-portrait,200,English,1600,2392,adf87cb480e22f713ad050e15c114772866a91423ce3555708448c71ec2e24e5
36816998537,shots-tablet-portrait-c,tablet-portrait-c/timetable__kiswah__tablet-portrait__100.png,timetable,kiswah,tablet-portrait,100,English,1600,2392,07eda1494b132a8088fe58d2d00d1f4b63b6fd64e7b1c6baa94de7643857f729
36816998537,shots-tablet-portrait-c,tablet-portrait-c/timetable__kiswah__tablet-portrait__100__ur.png,timetable,kiswah,tablet-portrait,100,Urdu,1600,2392,103876aaf9208df8017bd129e68dbc5ff9b4352129ba0dc018dcd7a86a0c5121
36816998537,shots-tablet-portrait-c,tablet-portrait-c/timetable__kiswah__tablet-portrait__200.png,timetable,kiswah,tablet-portrait,200,English,1600,2392,c7f916663fa111076196ab57c9c93558503fc41f1d59d4cc9858d2b940e0bd2f
36816998537,shots-tablet-portrait-c,tablet-portrait-c/timetable__miqaat__tablet-portrait__100.png,timetable,miqaat,tablet-portrait,100,English,1600,2392,c5f7488ad2a3222f0812ac07910be3b7a63f9166ac51adb9cbbdbe411ad8b173
36816998537,shots-tablet-portrait-c,tablet-portrait-c/timetable__miqaat__tablet-portrait__100__ur.png,timetable,miqaat,tablet-portrait,100,Urdu,1600,2392,ff07c97afc97fd4f9b9d61e036b2c6fd937c1fa9b1e1bded45ccce61e585d19f
36816998537,shots-tablet-portrait-c,tablet-portrait-c/timetable__miqaat__tablet-portrait__200.png,timetable,miqaat,tablet-portrait,200,English,1600,2392,d3da3166c04a6218c1c79ea8cb008d14e51332b616b795e2ecd146297edf606c
36816998537,shots-tablet-portrait-c,tablet-portrait-c/timetable__prayer_gallery__tablet-portrait__100.png,timetable,prayer_gallery,tablet-portrait,100,English,1600,2392,9788287754c07a7c23e76d9f524fb0b68c86ee73acb4d3f6dae913a7acf79211
36816998537,shots-tablet-portrait-c,tablet-portrait-c/timetable__prayer_gallery__tablet-portrait__100__ur.png,timetable,prayer_gallery,tablet-portrait,100,Urdu,1600,2392,edcacec2d091863f97ec6b456ec082a0425b6caafb3568ee56bdb62b9648832e
36816998537,shots-tablet-portrait-c,tablet-portrait-c/timetable__prayer_gallery__tablet-portrait__200.png,timetable,prayer_gallery,tablet-portrait,200,English,1600,2392,f36f00cd3392c2c8c7d3c555de3ba5b594d47b9a442c378d4aacb959a03e6c5e
36816998537,shots-tablet-portrait-d,tablet-portrait-d/azaan__celestial_meridian__tablet-portrait__100.png,azaan,celestial_meridian,tablet-portrait,100,English,1600,2392,59e9bb2010a100661644b03ccee9b20c03e6438b0fed773b8d51907ebecb3b36
36816998537,shots-tablet-portrait-d,tablet-portrait-d/azaan__celestial_meridian__tablet-portrait__200.png,azaan,celestial_meridian,tablet-portrait,200,English,1600,2392,972e7c8bdb2ab66c9f5294903758f53dadaea9181f424d24e3dd26a1654845c6
36816998537,shots-tablet-portrait-d,tablet-portrait-d/azaan__kiswah__tablet-portrait__100.png,azaan,kiswah,tablet-portrait,100,English,1600,2392,62830d7c49da3fc79a2f4174e0d4ce426466215bd22d463424637175040908ea
36816998537,shots-tablet-portrait-d,tablet-portrait-d/azaan__kiswah__tablet-portrait__200.png,azaan,kiswah,tablet-portrait,200,English,1600,2392,837f368c0dd28f4d3896cc19f965f9ad2e918d1dfb3c2ca3cd357c28ab6542c6
36816998537,shots-tablet-portrait-d,tablet-portrait-d/azaan__miqaat__tablet-portrait__100.png,azaan,miqaat,tablet-portrait,100,English,1600,2392,90d114bcea59a2537b119a4ff5000cf9e3fa92853e3438e19e3f820ef80ccbd5
36816998537,shots-tablet-portrait-d,tablet-portrait-d/azaan__miqaat__tablet-portrait__200.png,azaan,miqaat,tablet-portrait,200,English,1600,2392,06663b8efc1f02f14e4a44e46f68fadbff0b89e700b33b98ee71caf113ffc2d5
36816998537,shots-tablet-portrait-d,tablet-portrait-d/azaan__prayer_gallery__tablet-portrait__100.png,azaan,prayer_gallery,tablet-portrait,100,English,1600,2392,af9caf568ab49c7b4637cf7b1f7691e03622ec57c7a1890c963a663770ef676f
36816998537,shots-tablet-portrait-d,tablet-portrait-d/azaan__prayer_gallery__tablet-portrait__200.png,azaan,prayer_gallery,tablet-portrait,200,English,1600,2392,aff2d0ea1f77201be356754d17e0b7a4bcaa1d23adb585923bc6b3704179087d
36816998537,shots-tablet-portrait-d,tablet-portrait-d/dua__celestial_meridian__tablet-portrait__100.png,dua,celestial_meridian,tablet-portrait,100,English,1600,2392,8aa4493567e1fb00a0fa56c772fed771620b9cb4ddfdcab56bc6a38b57946cab
36816998537,shots-tablet-portrait-d,tablet-portrait-d/dua__celestial_meridian__tablet-portrait__100__ur.png,dua,celestial_meridian,tablet-portrait,100,Urdu,1600,2392,8e882a36f04eb0e55b41336ddb4830954dab880498c005e3e099e2bf33c2a722
36816998537,shots-tablet-portrait-d,tablet-portrait-d/dua__celestial_meridian__tablet-portrait__200.png,dua,celestial_meridian,tablet-portrait,200,English,1600,2392,377a2299ab5d72e2107e25dc52f717f59c2691b17aceafb8ef60f94cf64f153e
36816998537,shots-tablet-portrait-d,tablet-portrait-d/dua__kiswah__tablet-portrait__100.png,dua,kiswah,tablet-portrait,100,English,1600,2392,db59abd8b1459daafc6bf1ff0aaa97984c2f23473bdb23ca7ffe9da6ef35498c
36816998537,shots-tablet-portrait-d,tablet-portrait-d/dua__kiswah__tablet-portrait__100__ur.png,dua,kiswah,tablet-portrait,100,Urdu,1600,2392,c0ccc0932953f4e9e00a68cbcda31d502785812e6b170c2dd34238f3e0dc6c05
36816998537,shots-tablet-portrait-d,tablet-portrait-d/dua__kiswah__tablet-portrait__200.png,dua,kiswah,tablet-portrait,200,English,1600,2392,4c9a56d74519ef6c0a93b6d13ad51ca2af6ee6d6b31e25f74bb80e261f2f6fc3
36816998537,shots-tablet-portrait-d,tablet-portrait-d/dua__miqaat__tablet-portrait__100.png,dua,miqaat,tablet-portrait,100,English,1600,2392,074d4b7d333d6e91ebce18ba7f055e4c9bf3808f8671a02a0c66a7fb840035f9
36816998537,shots-tablet-portrait-d,tablet-portrait-d/dua__miqaat__tablet-portrait__100__ur.png,dua,miqaat,tablet-portrait,100,Urdu,1600,2392,4ba77b73b8083e6f9bdafa46739a10702597a2bd4de140a6588864a72c355fbc
36816998537,shots-tablet-portrait-d,tablet-portrait-d/dua__miqaat__tablet-portrait__200.png,dua,miqaat,tablet-portrait,200,English,1600,2392,1af3231ef2776f659fe9b69ede07737ddc8c1946694f01e645771dbf297fcfd3
36816998537,shots-tablet-portrait-d,tablet-portrait-d/dua__prayer_gallery__tablet-portrait__100.png,dua,prayer_gallery,tablet-portrait,100,English,1600,2392,2288b01e19e0d85f78c846dbf08b7f8d00286892a52d1d597466041eb277a602
36816998537,shots-tablet-portrait-d,tablet-portrait-d/dua__prayer_gallery__tablet-portrait__100__ur.png,dua,prayer_gallery,tablet-portrait,100,Urdu,1600,2392,eb8670de61485b95f3d461eaaf8cdfde729ca20ea8cb7327d7aa965a23aefd86
36816998537,shots-tablet-portrait-d,tablet-portrait-d/dua__prayer_gallery__tablet-portrait__200.png,dua,prayer_gallery,tablet-portrait,200,English,1600,2392,4423e5adf81aebdd20e97b051c17238e334f437041e07a64993333459c86d769
36816998537,shots-tablet-portrait-d,tablet-portrait-d/hadith__celestial_meridian__tablet-portrait__100.png,hadith,celestial_meridian,tablet-portrait,100,English,1600,2392,ecdf75fd64c98c452d9142dc92b08ef940ecb5d8685e3d9c22f8cde193eee5e7
36816998537,shots-tablet-portrait-d,tablet-portrait-d/hadith__celestial_meridian__tablet-portrait__200.png,hadith,celestial_meridian,tablet-portrait,200,English,1600,2392,1a035fbbc5b4f48a8af9ead81c7deea1c9f50cdd2f866025d98f878f5d464782
36816998537,shots-tablet-portrait-d,tablet-portrait-d/hadith__kiswah__tablet-portrait__100.png,hadith,kiswah,tablet-portrait,100,English,1600,2392,ba610d135e968c308e57b738a1909f3f62c38a5c5ddc03448afdca262f2a08f5
36816998537,shots-tablet-portrait-d,tablet-portrait-d/hadith__kiswah__tablet-portrait__200.png,hadith,kiswah,tablet-portrait,200,English,1600,2392,3ebf4fa309a86015d5e53196de370bc3162351214011ba1f702766f509766465
36816998537,shots-tablet-portrait-d,tablet-portrait-d/hadith__miqaat__tablet-portrait__100.png,hadith,miqaat,tablet-portrait,100,English,1600,2392,32dcfac27ddfe12caac1c169af38346ecc7cd9f0d1bcdbb8d87e6dc0c9c86839
36816998537,shots-tablet-portrait-d,tablet-portrait-d/hadith__miqaat__tablet-portrait__200.png,hadith,miqaat,tablet-portrait,200,English,1600,2392,f71b0b375fefef613c0b05f670d9b862ff6b0b42c4be4211ce2b6b76947cfa7e
36816998537,shots-tablet-portrait-d,tablet-portrait-d/hadith__prayer_gallery__tablet-portrait__100.png,hadith,prayer_gallery,tablet-portrait,100,English,1600,2392,4a15faf93b9438efe6b3840f5ef505ee8d83b00df57e1256cf187c21ab66055c
36816998537,shots-tablet-portrait-d,tablet-portrait-d/hadith__prayer_gallery__tablet-portrait__200.png,hadith,prayer_gallery,tablet-portrait,200,English,1600,2392,9df4dfd33ac877d790649e25d45a7da1539e6410fb9e76365ebaecda43d1e3c9
36816998537,shots-tablet-portrait-d,tablet-portrait-d/iqamah__celestial_meridian__tablet-portrait__100.png,iqamah,celestial_meridian,tablet-portrait,100,English,1600,2392,758241d3c4f041c30dc1eb258fa726bd51c1be3c3f66640edfea25a8b11f79b5
36816998537,shots-tablet-portrait-d,tablet-portrait-d/iqamah__celestial_meridian__tablet-portrait__200.png,iqamah,celestial_meridian,tablet-portrait,200,English,1600,2392,95cb83deb3c4dec9e9e51575c7a05ca48fcba172646c4b178bc25558295d4c44
36816998537,shots-tablet-portrait-d,tablet-portrait-d/iqamah__kiswah__tablet-portrait__100.png,iqamah,kiswah,tablet-portrait,100,English,1600,2392,b366bb725097112ba277fb83903b07bdf7255bf1a44238849fe3096ea240ac8c
36816998537,shots-tablet-portrait-d,tablet-portrait-d/iqamah__kiswah__tablet-portrait__200.png,iqamah,kiswah,tablet-portrait,200,English,1600,2392,1d275dcb92ca209a6854ffb194482afa5093b17318f017885ae6ca3c19eccf5f
36816998537,shots-tablet-portrait-d,tablet-portrait-d/iqamah__miqaat__tablet-portrait__100.png,iqamah,miqaat,tablet-portrait,100,English,1600,2392,5c2d95d5d60cf107292ce44b124825523a8956ad096d019d0496ac6fbd05c263
36816998537,shots-tablet-portrait-d,tablet-portrait-d/iqamah__miqaat__tablet-portrait__200.png,iqamah,miqaat,tablet-portrait,200,English,1600,2392,dc2049ed1c57fb8d740a195424c6162228d2af101d1d73fbbe8cfba7cdcaf3b4
36816998537,shots-tablet-portrait-d,tablet-portrait-d/iqamah__prayer_gallery__tablet-portrait__100.png,iqamah,prayer_gallery,tablet-portrait,100,English,1600,2392,2e76f167e6c0fd5084172c4f498f02b50a54b4fa2fc517e96c03d6d8977e4294
36816998537,shots-tablet-portrait-d,tablet-portrait-d/iqamah__prayer_gallery__tablet-portrait__200.png,iqamah,prayer_gallery,tablet-portrait,200,English,1600,2392,d19c4a3f76347e042eefb8780bc0b570a502347f319f21b987c2e0d3906bba8b
36816998537,shots-tablet-portrait-d,tablet-portrait-d/lesson-bowing__celestial_meridian__tablet-portrait__100.png,lesson-bowing,celestial_meridian,tablet-portrait,100,English,1600,2392,a2df65547d663edb7dbe39c708916af63efc4b2b348170e21c1a25e6ed4c02c8
36816998537,shots-tablet-portrait-d,tablet-portrait-d/lesson-bowing__kiswah__tablet-portrait__100.png,lesson-bowing,kiswah,tablet-portrait,100,English,1600,2392,fa1ac3dea0724ec2585a4bac78bca8357725e8eede395bfc605901e6aeb575a2
36816998537,shots-tablet-portrait-d,tablet-portrait-d/lesson-bowing__miqaat__tablet-portrait__100.png,lesson-bowing,miqaat,tablet-portrait,100,English,1600,2392,580cb5493cd7f722a0fa2a72bb6b188d7909acb9da9db73cc31895e67afbce65
36816998537,shots-tablet-portrait-d,tablet-portrait-d/lesson-bowing__prayer_gallery__tablet-portrait__100.png,lesson-bowing,prayer_gallery,tablet-portrait,100,English,1600,2392,7ffbc1cac73be1392cab69d33081268c3976e9ec6208cfeda9f507729ad893e4
36816998537,shots-tablet-portrait-d,tablet-portrait-d/lesson-prostrating__celestial_meridian__tablet-portrait__100.png,lesson-prostrating,celestial_meridian,tablet-portrait,100,English,1600,2392,288a1899583818d886c8df72aaa919614cb9681a5c4e7af5cb537c9b7a954db9
36816998537,shots-tablet-portrait-d,tablet-portrait-d/lesson-prostrating__kiswah__tablet-portrait__100.png,lesson-prostrating,kiswah,tablet-portrait,100,English,1600,2392,f2c1e31e573c9aa93a197b7c78ac8af15f2d9beb50e7531f600643116f93ae0e
36816998537,shots-tablet-portrait-d,tablet-portrait-d/lesson-prostrating__miqaat__tablet-portrait__100.png,lesson-prostrating,miqaat,tablet-portrait,100,English,1600,2392,ebac36962c9ad31a263322ae0e09d732082fabc6a2d707eef863342492e85683
36816998537,shots-tablet-portrait-d,tablet-portrait-d/lesson-prostrating__prayer_gallery__tablet-portrait__100.png,lesson-prostrating,prayer_gallery,tablet-portrait,100,English,1600,2392,1ada3f4c4ab4c154e5dc1ec78300caa81750ce97d37c7a7e508d11989cb9c662
36816998537,shots-tablet-portrait-d,tablet-portrait-d/lesson-rising__celestial_meridian__tablet-portrait__100.png,lesson-rising,celestial_meridian,tablet-portrait,100,English,1600,2392,7e0a9a43e40afd40bed086918bd629169a344b0b684dfb3a28875d40213e7b2d
36816998537,shots-tablet-portrait-d,tablet-portrait-d/lesson-rising__kiswah__tablet-portrait__100.png,lesson-rising,kiswah,tablet-portrait,100,English,1600,2392,1de59b711a62897a0316a6e7ec96a3e87670172f9498fe2d0196de915f5a9187
36816998537,shots-tablet-portrait-d,tablet-portrait-d/lesson-rising__miqaat__tablet-portrait__100.png,lesson-rising,miqaat,tablet-portrait,100,English,1600,2392,e61a0a533fe6adbc606d4ee045cafa50dcd5321d7b56b76b6da5ff7adbf1c7e8
36816998537,shots-tablet-portrait-d,tablet-portrait-d/lesson-rising__prayer_gallery__tablet-portrait__100.png,lesson-rising,prayer_gallery,tablet-portrait,100,English,1600,2392,0530c51e2807354423e25522ee76c85cfb81550dbee7ac0dbfd19120cab45e16
36816998537,shots-tablet-portrait-d,tablet-portrait-d/lesson-salam__celestial_meridian__tablet-portrait__100.png,lesson-salam,celestial_meridian,tablet-portrait,100,English,1600,2392,80fa6a17524df5122fbd939cd37701c93c3db7dc8dc6d96e550736e93c11ce7b
36816998537,shots-tablet-portrait-d,tablet-portrait-d/lesson-salam__kiswah__tablet-portrait__100.png,lesson-salam,kiswah,tablet-portrait,100,English,1600,2392,d042c844d58bc49c249f060fcd622a6a952ddcb10b62b699c32c69bfe88727d5
36816998537,shots-tablet-portrait-d,tablet-portrait-d/lesson-salam__miqaat__tablet-portrait__100.png,lesson-salam,miqaat,tablet-portrait,100,English,1600,2392,8a209dd658e5916e4d241df08119b0182847840463ee8d4efc4a274e994bb8f5
36816998537,shots-tablet-portrait-d,tablet-portrait-d/lesson-salam__prayer_gallery__tablet-portrait__100.png,lesson-salam,prayer_gallery,tablet-portrait,100,English,1600,2392,73dc78d356ff61b85e3773cea9f6385ccec22301da8f19087433bb58f6011bf9
36816998537,shots-tablet-portrait-d,tablet-portrait-d/lesson-sitting__celestial_meridian__tablet-portrait__100.png,lesson-sitting,celestial_meridian,tablet-portrait,100,English,1600,2392,ab5be0b7ba310ca2f6bce89810c5f5025ea17bbb3c859711023b65760f47e580
36816998537,shots-tablet-portrait-d,tablet-portrait-d/lesson-sitting__kiswah__tablet-portrait__100.png,lesson-sitting,kiswah,tablet-portrait,100,English,1600,2392,5fc5227966baeabbd80d6b0931d12d3eb186d5ffc851248430276686c8060435
36816998537,shots-tablet-portrait-d,tablet-portrait-d/lesson-sitting__miqaat__tablet-portrait__100.png,lesson-sitting,miqaat,tablet-portrait,100,English,1600,2392,3a67dbc336f9a5abfe50262283d99fc399ac120c25d98ebf85ba8d2cb1f3f01d
36816998537,shots-tablet-portrait-d,tablet-portrait-d/lesson-sitting__prayer_gallery__tablet-portrait__100.png,lesson-sitting,prayer_gallery,tablet-portrait,100,English,1600,2392,63900004bff464dee0079fa27a767d832e377ac8376a0d01fd7f188912914469
36816998537,shots-tablet-portrait-d,tablet-portrait-d/lesson-standing__celestial_meridian__tablet-portrait__100.png,lesson-standing,celestial_meridian,tablet-portrait,100,English,1600,2392,d3994554a2a5f3097d2c267bfbbac1c5804077a833dc9234ca1b0ed0599bb116
36816998537,shots-tablet-portrait-d,tablet-portrait-d/lesson-standing__kiswah__tablet-portrait__100.png,lesson-standing,kiswah,tablet-portrait,100,English,1600,2392,d9e383c5f73740c813d218c6f5906ceff6afd35c24605a6159d58e5d8eefc09e
36816998537,shots-tablet-portrait-d,tablet-portrait-d/lesson-standing__miqaat__tablet-portrait__100.png,lesson-standing,miqaat,tablet-portrait,100,English,1600,2392,a7f3531be952f37a55889d33e2082f25b0c70c9d77275281a5438ed5681bc1a9
36816998537,shots-tablet-portrait-d,tablet-portrait-d/lesson-standing__prayer_gallery__tablet-portrait__100.png,lesson-standing,prayer_gallery,tablet-portrait,100,English,1600,2392,1bc53c24878fccbed1c28f43afb628837fd4dc0714e47334ba55a0f271d96425
36816998537,shots-tablet-portrait-d,tablet-portrait-d/lesson-takbir__celestial_meridian__tablet-portrait__100.png,lesson-takbir,celestial_meridian,tablet-portrait,100,English,1600,2392,d291e9a2a2fa500f7612d37c45f4c5063f355bf07b796721a0fc6156ab00ad0d
36816998537,shots-tablet-portrait-d,tablet-portrait-d/lesson-takbir__kiswah__tablet-portrait__100.png,lesson-takbir,kiswah,tablet-portrait,100,English,1600,2392,fa2714482f431402b42e8e4321daf2fcf5d785e1537db3052e8e6b8d1f9f962b
36816998537,shots-tablet-portrait-d,tablet-portrait-d/lesson-takbir__miqaat__tablet-portrait__100.png,lesson-takbir,miqaat,tablet-portrait,100,English,1600,2392,ba6326092fbdff9b36e48099ab33b92358bc5503224c465d1c629fe139bf6527
36816998537,shots-tablet-portrait-d,tablet-portrait-d/lesson-takbir__prayer_gallery__tablet-portrait__100.png,lesson-takbir,prayer_gallery,tablet-portrait,100,English,1600,2392,4895372dfaef38e434c04c1f7ceb6ea85191d98f287ecdabb3b22748fc1a9f81
36816998537,shots-tablet-portrait-d,tablet-portrait-d/lesson-tashahhud__celestial_meridian__tablet-portrait__100.png,lesson-tashahhud,celestial_meridian,tablet-portrait,100,English,1600,2392,b6787e636841287c183bf4bbdd33427436a15b97630036f22f1265d4bcd2fe78
36816998537,shots-tablet-portrait-d,tablet-portrait-d/lesson-tashahhud__kiswah__tablet-portrait__100.png,lesson-tashahhud,kiswah,tablet-portrait,100,English,1600,2392,45cf29952f3d59f016051053da040be1e01c6d537c11c4e12ef101fbff06d8f9
36816998537,shots-tablet-portrait-d,tablet-portrait-d/lesson-tashahhud__miqaat__tablet-portrait__100.png,lesson-tashahhud,miqaat,tablet-portrait,100,English,1600,2392,1087b65619b07e55be8ab32c8f9518dd7bab1f32ee0ac3683f4b4b93fc448352
36816998537,shots-tablet-portrait-d,tablet-portrait-d/lesson-tashahhud__prayer_gallery__tablet-portrait__100.png,lesson-tashahhud,prayer_gallery,tablet-portrait,100,English,1600,2392,fe3b574493b85c2f22849c7e66f88dc157cdf35ad5d49b7144e65fe7980da3d5
