{"ev": "env", "density": 2.0, "size": "Physical size: 2560x1600", "rot": "", "t": 0.0}
{"ev": "cold-start-ms", "ms": 2126, "t": 2.5}
{"ev": "setup-screen", "step": 0, "shot": "tablet-landscape-times__setup0.png", "key": "ef95ecc7e1", "labels": ["Location: ⁨⁩. Opens location settings", "Monday 5 October 2026  ·  12:01 PM", "·", "⁨٢٤ ربيع الآخر ١٤٤٨⁩", 
{"ev": "setup-tap", "label": "Begin", "t": 8.1}
{"ev": "setup-screen", "step": 1, "shot": "tablet-landscape-times__setup1.png", "key": "c2b3ef2f72", "labels": ["Location: ⁨⁩. Opens location settings", "Monday 5 October 2026  ·  12:01 PM", "·", "⁨٢٤ ربيع الآخر ١٤٤٨⁩", 
{"ev": "detect-result", "shot": "tablet-landscape-times__setup1_after-detect-20s.png", "labels": ["Location: ⁨⁩. Opens location settings", "Monday 5 October 2026  ·  12:01 PM", "·", "⁨٢٤ ربيع الآخر ١٤٤٨⁩", "Learn Salah",
{"ev": "setup-tap", "label": "Sydney, NSW (preset; detect did not complete)", "t": 38.3}
{"ev": "setup-screen", "step": 2, "shot": "tablet-landscape-times__setup2.png", "key": "a02a196d6c", "labels": ["Location: ⁨Sydney, NSW⁩. Opens location settings", "Sydney, NSW", "Monday 5 October 2026  ·  11:01 PM", "·"
{"ev": "setup-tap", "label": "Next", "t": 43.9}
{"ev": "setup-screen", "step": 3, "shot": "tablet-landscape-times__setup3.png", "key": "69451af314", "labels": ["Location: ⁨Sydney, NSW⁩. Opens location settings", "Sydney, NSW", "Monday 5 October 2026  ·  11:01 PM", "·"
{"ev": "setup-tap", "label": "These look right", "t": 49.1}
{"ev": "setup-screen", "step": 4, "shot": "tablet-landscape-times__setup4.png", "key": "2b922f071c", "labels": ["Location: ⁨Sydney, NSW⁩. Opens location settings", "Sydney, NSW", "Monday 5 October 2026  ·  11:01 PM", "·"
{"ev": "setup-tap", "label": "Finish", "t": 54.3}
{"ev": "setup-done", "step": 5, "t": 59.2}
{"ev": "setup-result", "ok": true, "t": 59.2}
{"ev": "adb-root", "out": "restarting adbd as root", "t": 60.4}
{"ev": "theme-set", "kw": "Miqaat", "t": 75.7}
{"ev": "set-time", "sc": "predawn-0430", "out": "Mon Oct  5 17:30:00 UTC 2026", "t": 83.4}
{"ev": "screen", "depth": 0, "path": [], "key": "3b01b5a9fc", "pos": 0, "shot": "tablet-landscape-times-Miqaat-predawn-0430__001__d0__p0.png", "labels": ["Location: ⁨Sydney, NSW⁩. Opens location settings", "Sydney, NSW",
{"ev": "screen", "depth": 1, "path": ["Learn Salah"], "key": "9079ff52e9", "pos": 0, "shot": "tablet-landscape-times-Miqaat-predawn-0430__002__d1__p0.png", "labels": ["Back", "Learn Salah", "الصَّلَاة", "One common form 
{"ev": "screen", "depth": 1, "path": ["Monthly timetable"], "key": "4d2923ea84", "pos": 0, "shot": "tablet-landscape-times-Miqaat-predawn-0430__003__d1__p0.png", "labels": ["Back", "October 2026", "Rabīʿ al-Thānī – Jumād
{"ev": "screen", "depth": 1, "path": ["Monthly timetable"], "key": "874850e240", "pos": 1, "shot": "tablet-landscape-times-Miqaat-predawn-0430__004__d1__p1.png", "labels": ["Back", "October 2026", "Rabīʿ al-Thānī – Jumād
{"ev": "screen", "depth": 1, "path": ["Settings"], "key": "d6b5acbb6f", "pos": 0, "shot": "tablet-landscape-times-Miqaat-predawn-0430__005__d1__p0.png", "labels": ["Back", "Settings", "Search settings", "Location", "Pray
{"ev": "screen", "depth": 1, "path": ["Settings"], "key": "d48eea8b55", "pos": 1, "shot": "tablet-landscape-times-Miqaat-predawn-0430__006__d1__p1.png", "labels": ["Back", "Settings", "Search settings", "Location", "Pray
{"ev": "screen", "depth": 1, "path": ["Settings"], "key": "8bb838a4c2", "pos": 2, "shot": "tablet-landscape-times-Miqaat-predawn-0430__007__d1__p2.png", "labels": ["Back", "Settings", "Search settings", "Location", "Pray
{"ev": "screen", "depth": 1, "path": ["Settings"], "key": "b536c27284", "pos": 3, "shot": "tablet-landscape-times-Miqaat-predawn-0430__008__d1__p3.png", "labels": ["Back", "Settings", "Search settings", "Location", "Pray
{"ev": "screen", "depth": 1, "path": ["Settings"], "key": "01acf7e5ab", "pos": 4, "shot": "tablet-landscape-times-Miqaat-predawn-0430__009__d1__p4.png", "labels": ["Back", "Settings", "Search settings", "Location", "Pray
{"ev": "screen", "depth": 1, "path": ["Settings"], "key": "4d1063f93f", "pos": 5, "shot": "tablet-landscape-times-Miqaat-predawn-0430__010__d1__p5.png", "labels": ["Back", "Settings", "Search settings", "Location", "Pray
{"ev": "screen", "depth": 1, "path": ["Why this time?"], "key": "16ff3f4be1", "pos": 0, "shot": "tablet-landscape-times-Miqaat-predawn-0430__011__d1__p0.png", "labels": ["Why 5:01? · Fajr الفجر", "CALCULATED FROM", "Sour
{"ev": "screen", "depth": 1, "path": ["Why this time?"], "key": "7847cbb208", "pos": 1, "shot": "tablet-landscape-times-Miqaat-predawn-0430__012__d1__p1.png", "labels": ["Why 5:01? · Fajr الفجر", "Source", "Calculated on
{"ev": "screen", "depth": 1, "path": ["Why this time?"], "key": "7336de8c88", "pos": 0, "shot": "tablet-landscape-times-Miqaat-predawn-0430__013__d1__p0.png", "labels": ["Why 6:26? · Sunrise الشروق", "CALCULATED FROM", "
{"ev": "screen", "depth": 1, "path": ["Why this time?"], "key": "0dd348cc73", "pos": 0, "shot": "tablet-landscape-times-Miqaat-predawn-0430__014__d1__p0.png", "labels": ["Why 12:44? · Dhuhr الظهر", "CALCULATED FROM", "So
{"ev": "screen", "depth": 1, "path": ["Why this time?"], "key": "03ec023472", "pos": 1, "shot": "tablet-landscape-times-Miqaat-predawn-0430__015__d1__p1.png", "labels": ["Why 12:44? · Dhuhr الظهر", "Source", "Calculated 
{"ev": "screen", "depth": 1, "path": ["Why this time?"], "key": "b3b331cdb2", "pos": 0, "shot": "tablet-landscape-times-Miqaat-predawn-0430__016__d1__p0.png", "labels": ["Why 4:17? · Asr العصر", "CALCULATED FROM", "Sourc
{"ev": "screen", "depth": 1, "path": ["Why this time?"], "key": "69e6dd5546", "pos": 1, "shot": "tablet-landscape-times-Miqaat-predawn-0430__017__d1__p1.png", "labels": ["Why 4:17? · Asr العصر", "Adhan library · Meeus as
{"ev": "screen", "depth": 1, "path": ["Why this time?"], "key": "1eb7faa623", "pos": 0, "shot": "tablet-landscape-times-Miqaat-predawn-0430__018__d1__p0.png", "labels": ["Why 7:01? · Maghrib المغرب", "CALCULATED FROM", "
{"ev": "screen", "depth": 1, "path": ["Why this time?"], "key": "d81e33b663", "pos": 1, "shot": "tablet-landscape-times-Miqaat-predawn-0430__019__d1__p1.png", "labels": ["Why 7:01? · Maghrib المغرب", "Source", "Calculate
{"ev": "screen", "depth": 1, "path": ["Why this time?"], "key": "5082421feb", "pos": 0, "shot": "tablet-landscape-times-Miqaat-predawn-0430__020__d1__p0.png", "labels": ["Why 8:21? · Isha العشاء", "CALCULATED FROM", "Sou
{"ev": "screen", "depth": 1, "path": ["Why this time?"], "key": "406cda5f10", "pos": 1, "shot": "tablet-landscape-times-Miqaat-predawn-0430__021__d1__p1.png", "labels": ["Why 8:21? · Isha العشاء", "Adhan library · Meeus 
{"ev": "screen", "depth": 1, "path": ["Qibla ⁨277° W⁩"], "key": "35f4f1cb86", "pos": 0, "shot": "tablet-landscape-times-Miqaat-predawn-0430__022__d1__p0.png", "labels": ["Back", "Qibla", "القبلة", "277°  W", "from true n
{"ev": "set-time", "sc": "morning-0545", "out": "Mon Oct  5 18:45:00 UTC 2026", "t": 310.1}
{"ev": "screen", "depth": 0, "path": [], "key": "44e369e1db", "pos": 0, "shot": "tablet-landscape-times-Miqaat-morning-0545__023__d0__p0.png", "labels": ["Location: ⁨Sydney, NSW⁩. Opens location settings", "Sydney, NSW",
{"ev": "screen", "depth": 1, "path": ["Learn Salah"], "key": "9079ff52e9", "pos": 0, "shot": "tablet-landscape-times-Miqaat-morning-0545__024__d1__p0.png", "labels": ["Back", "Learn Salah", "الصَّلَاة", "One common form 
{"ev": "screen", "depth": 1, "path": ["Monthly timetable"], "key": "4d2923ea84", "pos": 0, "shot": "tablet-landscape-times-Miqaat-morning-0545__025__d1__p0.png", "labels": ["Back", "October 2026", "Rabīʿ al-Thānī – Jumād
{"ev": "screen", "depth": 1, "path": ["Monthly timetable"], "key": "874850e240", "pos": 1, "shot": "tablet-landscape-times-Miqaat-morning-0545__026__d1__p1.png", "labels": ["Back", "October 2026", "Rabīʿ al-Thānī – Jumād
{"ev": "screen", "depth": 1, "path": ["Settings"], "key": "d82f8364d7", "pos": 0, "shot": "tablet-landscape-times-Miqaat-morning-0545__027__d1__p0.png", "labels": ["Back", "Settings", "Search settings", "Location", "Pray
{"ev": "screen", "depth": 1, "path": ["Settings"], "key": "875d00f81c", "pos": 1, "shot": "tablet-landscape-times-Miqaat-morning-0545__028__d1__p1.png", "labels": ["Back", "Settings", "Search settings", "Location", "Pray
{"ev": "screen", "depth": 1, "path": ["Settings"], "key": "b07f7f875d", "pos": 2, "shot": "tablet-landscape-times-Miqaat-morning-0545__029__d1__p2.png", "labels": ["Back", "Settings", "Search settings", "Location", "Pray
{"ev": "screen", "depth": 1, "path": ["Settings"], "key": "76f81beaa1", "pos": 3, "shot": "tablet-landscape-times-Miqaat-morning-0545__030__d1__p3.png", "labels": ["Back", "Settings", "Search settings", "Location", "Pray
{"ev": "screen", "depth": 1, "path": ["Settings"], "key": "512a4f6bc3", "pos": 4, "shot": "tablet-landscape-times-Miqaat-morning-0545__031__d1__p4.png", "labels": ["Back", "Settings", "Search settings", "Location", "Pray
{"ev": "screen", "depth": 1, "path": ["Settings"], "key": "4d1063f93f", "pos": 5, "shot": "tablet-landscape-times-Miqaat-morning-0545__032__d1__p5.png", "labels": ["Back", "Settings", "Search settings", "Location", "Pray
{"ev": "screen", "depth": 1, "path": ["Why this time?"], "key": "16ff3f4be1", "pos": 0, "shot": "tablet-landscape-times-Miqaat-morning-0545__033__d1__p0.png", "labels": ["Why 5:01? · Fajr الفجر", "CALCULATED FROM", "Sour
{"ev": "screen", "depth": 1, "path": ["Why this time?"], "key": "7847cbb208", "pos": 1, "shot": "tablet-landscape-times-Miqaat-morning-0545__034__d1__p1.png", "labels": ["Why 5:01? · Fajr الفجر", "Source", "Calculated on
{"ev": "screen", "depth": 1, "path": ["Why this time?"], "key": "7336de8c88", "pos": 0, "shot": "tablet-landscape-times-Miqaat-morning-0545__035__d1__p0.png", "labels": ["Why 6:26? · Sunrise الشروق", "CALCULATED FROM", "
{"ev": "back-mismatch", "label": "Why this time?", "path": [], "t": 432.8}
{"ev": "screen", "depth": 1, "path": ["Why this time?"], "key": "0dd348cc73", "pos": 0, "shot": "tablet-landscape-times-Miqaat-morning-0545__036__d1__p0.png", "labels": ["Why 12:44? · Dhuhr الظهر", "CALCULATED FROM", "So
{"ev": "screen", "depth": 1, "path": ["Why this time?"], "key": "03ec023472", "pos": 1, "shot": "tablet-landscape-times-Miqaat-morning-0545__037__d1__p1.png", "labels": ["Why 12:44? · Dhuhr الظهر", "Source", "Calculated 
{"ev": "back-mismatch", "label": "Why this time?", "path": [], "t": 463.2}
{"ev": "screen", "depth": 1, "path": ["Why this time?"], "key": "b3b331cdb2", "pos": 0, "shot": "tablet-landscape-times-Miqaat-morning-0545__038__d1__p0.png", "labels": ["Why 4:17? · Asr العصر", "CALCULATED FROM", "Sourc
{"ev": "screen", "depth": 1, "path": ["Why this time?"], "key": "69e6dd5546", "pos": 1, "shot": "tablet-landscape-times-Miqaat-morning-0545__039__d1__p1.png", "labels": ["Why 4:17? · Asr العصر", "Adhan library · Meeus as
{"ev": "back-mismatch", "label": "Why this time?", "path": [], "t": 491.6}
{"ev": "screen", "depth": 1, "path": ["Why this time?"], "key": "1eb7faa623", "pos": 0, "shot": "tablet-landscape-times-Miqaat-morning-0545__040__d1__p0.png", "labels": ["Why 7:01? · Maghrib المغرب", "CALCULATED FROM", "
{"ev": "screen", "depth": 1, "path": ["Why this time?"], "key": "d81e33b663", "pos": 1, "shot": "tablet-landscape-times-Miqaat-morning-0545__041__d1__p1.png", "labels": ["Why 7:01? · Maghrib المغرب", "Source", "Calculate
{"ev": "back-mismatch", "label": "Why this time?", "path": [], "t": 519.7}
{"ev": "screen", "depth": 1, "path": ["Why this time?"], "key": "5082421feb", "pos": 0, "shot": "tablet-landscape-times-Miqaat-morning-0545__042__d1__p0.png", "labels": ["Why 8:21? · Isha العشاء", "CALCULATED FROM", "Sou
{"ev": "screen", "depth": 1, "path": ["Why this time?"], "key": "406cda5f10", "pos": 1, "shot": "tablet-landscape-times-Miqaat-morning-0545__043__d1__p1.png", "labels": ["Why 8:21? · Isha العشاء", "Adhan library · Meeus 
{"ev": "back-mismatch", "label": "Why this time?", "path": [], "t": 548.0}
{"ev": "screen", "depth": 1, "path": ["Qibla ⁨277° W⁩"], "key": "35f4f1cb86", "pos": 0, "shot": "tablet-landscape-times-Miqaat-morning-0545__044__d1__p0.png", "labels": ["Back", "Qibla", "القبلة", "277°  W", "from true n
{"ev": "back-mismatch", "label": "Qibla ⁨277° W⁩", "path": [], "t": 579.1}
{"ev": "screen", "depth": 1, "path": ["Morning adhkār"], "key": "559eb149ac", "pos": 0, "shot": "tablet-landscape-times-Miqaat-morning-0545__045__d1__p0.png", "labels": ["Back", "Morning adhkār", "أذكار الصباح", "0 of 13
{"ev": "back-mismatch", "label": "Morning adhkār", "path": [], "t": 601.6}
{"ev": "set-time", "sc": "forenoon-0930", "out": "Mon Oct  5 22:30:00 UTC 2026", "t": 611.4}
{"ev": "screen", "depth": 0, "path": [], "key": "9f4c03f951", "pos": 0, "shot": "tablet-landscape-times-Miqaat-forenoon-0930__046__d0__p0.png", "labels": ["Location: ⁨Sydney, NSW⁩. Opens location settings", "Sydney, NSW"
{"ev": "screen", "depth": 1, "path": ["Learn Salah"], "key": "9079ff52e9", "pos": 0, "shot": "tablet-landscape-times-Miqaat-forenoon-0930__047__d1__p0.png", "labels": ["Back", "Learn Salah", "الصَّلَاة", "One common form
{"ev": "screen", "depth": 1, "path": ["Monthly timetable"], "key": "4d2923ea84", "pos": 0, "shot": "tablet-landscape-times-Miqaat-forenoon-0930__048__d1__p0.png", "labels": ["Back", "October 2026", "Rabīʿ al-Thānī – Jumā
{"ev": "screen", "depth": 1, "path": ["Monthly timetable"], "key": "874850e240", "pos": 1, "shot": "tablet-landscape-times-Miqaat-forenoon-0930__049__d1__p1.png", "labels": ["Back", "October 2026", "Rabīʿ al-Thānī – Jumā
{"ev": "screen", "depth": 1, "path": ["Settings"], "key": "d82f8364d7", "pos": 0, "shot": "tablet-landscape-times-Miqaat-forenoon-0930__050__d1__p0.png", "labels": ["Back", "Settings", "Search settings", "Location", "Pra
{"ev": "screen", "depth": 1, "path": ["Settings"], "key": "875d00f81c", "pos": 1, "shot": "tablet-landscape-times-Miqaat-forenoon-0930__051__d1__p1.png", "labels": ["Back", "Settings", "Search settings", "Location", "Pra
{"ev": "screen", "depth": 1, "path": ["Settings"], "key": "b07f7f875d", "pos": 2, "shot": "tablet-landscape-times-Miqaat-forenoon-0930__052__d1__p2.png", "labels": ["Back", "Settings", "Search settings", "Location", "Pra
{"ev": "screen", "depth": 1, "path": ["Settings"], "key": "793a84a1e9", "pos": 3, "shot": "tablet-landscape-times-Miqaat-forenoon-0930__053__d1__p3.png", "labels": ["Back", "Settings", "Search settings", "Location", "Pra
{"ev": "screen", "depth": 1, "path": ["Settings"], "key": "01acf7e5ab", "pos": 4, "shot": "tablet-landscape-times-Miqaat-forenoon-0930__054__d1__p4.png", "labels": ["Back", "Settings", "Search settings", "Location", "Pra
{"ev": "screen", "depth": 1, "path": ["Settings"], "key": "4d1063f93f", "pos": 5, "shot": "tablet-landscape-times-Miqaat-forenoon-0930__055__d1__p5.png", "labels": ["Back", "Settings", "Search settings", "Location", "Pra
{"ev": "screen", "depth": 1, "path": ["Why this time?"], "key": "16ff3f4be1", "pos": 0, "shot": "tablet-landscape-times-Miqaat-forenoon-0930__056__d1__p0.png", "labels": ["Why 5:01? · Fajr الفجر", "CALCULATED FROM", "Sou
{"ev": "screen", "depth": 1, "path": ["Why this time?"], "key": "7847cbb208", "pos": 1, "shot": "tablet-landscape-times-Miqaat-forenoon-0930__057__d1__p1.png", "labels": ["Why 5:01? · Fajr الفجر", "Source", "Calculated o
{"ev": "screen", "depth": 1, "path": ["Why this time?"], "key": "7336de8c88", "pos": 0, "shot": "tablet-landscape-times-Miqaat-forenoon-0930__058__d1__p0.png", "labels": ["Why 6:26? · Sunrise الشروق", "CALCULATED FROM", 
{"ev": "screen", "depth": 1, "path": ["Why this time?"], "key": "0dd348cc73", "pos": 0, "shot": "tablet-landscape-times-Miqaat-forenoon-0930__059__d1__p0.png", "labels": ["Why 12:44? · Dhuhr الظهر", "CALCULATED FROM", "S
{"ev": "screen", "depth": 1, "path": ["Why this time?"], "key": "03ec023472", "pos": 1, "shot": "tablet-landscape-times-Miqaat-forenoon-0930__060__d1__p1.png", "labels": ["Why 12:44? · Dhuhr الظهر", "Source", "Calculated
{"ev": "screen", "depth": 1, "path": ["Why this time?"], "key": "b3b331cdb2", "pos": 0, "shot": "tablet-landscape-times-Miqaat-forenoon-0930__061__d1__p0.png", "labels": ["Why 4:17? · Asr العصر", "CALCULATED FROM", "Sour
{"ev": "screen", "depth": 1, "path": ["Why this time?"], "key": "69e6dd5546", "pos": 1, "shot": "tablet-landscape-times-Miqaat-forenoon-0930__062__d1__p1.png", "labels": ["Why 4:17? · Asr العصر", "Adhan library · Meeus a
{"ev": "screen", "depth": 1, "path": ["Why this time?"], "key": "1eb7faa623", "pos": 0, "shot": "tablet-landscape-times-Miqaat-forenoon-0930__063__d1__p0.png", "labels": ["Why 7:01? · Maghrib المغرب", "CALCULATED FROM", 
{"ev": "screen", "depth": 1, "path": ["Why this time?"], "key": "d81e33b663", "pos": 1, "shot": "tablet-landscape-times-Miqaat-forenoon-0930__064__d1__p1.png", "labels": ["Why 7:01? · Maghrib المغرب", "Source", "Calculat
{"ev": "screen", "depth": 1, "path": ["Why this time?"], "key": "5082421feb", "pos": 0, "shot": "tablet-landscape-times-Miqaat-forenoon-0930__065__d1__p0.png", "labels": ["Why 8:21? · Isha العشاء", "CALCULATED FROM", "So
{"ev": "screen", "depth": 1, "path": ["Why this time?"], "key": "406cda5f10", "pos": 1, "shot": "tablet-landscape-times-Miqaat-forenoon-0930__066__d1__p1.png", "labels": ["Why 8:21? · Isha العشاء", "Adhan library · Meeus
{"ev": "screen", "depth": 1, "path": ["Qibla ⁨277° W⁩"], "key": "35f4f1cb86", "pos": 0, "shot": "tablet-landscape-times-Miqaat-forenoon-0930__067__d1__p0.png", "labels": ["Back", "Qibla", "القبلة", "277°  W", "from true 
{"ev": "screen", "depth": 1, "path": ["Morning adhkār"], "key": "559eb149ac", "pos": 0, "shot": "tablet-landscape-times-Miqaat-forenoon-0930__068__d1__p0.png", "labels": ["Back", "Morning adhkār", "أذكار الصباح", "0 of 1
{"ev": "set-time", "sc": "friday-1250", "out": "Fri Oct  9 01:50:00 UTC 2026", "t": 856.5}
{"ev": "screen", "depth": 0, "path": [], "key": "f2077628ec", "pos": 0, "shot": "tablet-landscape-times-Miqaat-friday-1250__069__d0__p0.png", "labels": ["Location: ⁨Sydney, NSW⁩. Opens location settings", "Sydney, NSW", 
{"ev": "screen", "depth": 1, "path": ["Learn Salah"], "key": "9079ff52e9", "pos": 0, "shot": "tablet-landscape-times-Miqaat-friday-1250__070__d1__p0.png", "labels": ["Back", "Learn Salah", "الصَّلَاة", "One common form o
{"ev": "screen", "depth": 1, "path": ["Monthly timetable"], "key": "09545df3ad", "pos": 0, "shot": "tablet-landscape-times-Miqaat-friday-1250__071__d1__p0.png", "labels": ["Back", "October 2026", "Rabīʿ al-Thānī – Jumādā
{"ev": "screen", "depth": 1, "path": ["Monthly timetable"], "key": "874850e240", "pos": 1, "shot": "tablet-landscape-times-Miqaat-friday-1250__072__d1__p1.png", "labels": ["Back", "October 2026", "Rabīʿ al-Thānī – Jumādā
{"ev": "screen", "depth": 1, "path": ["Settings"], "key": "ac1777d613", "pos": 0, "shot": "tablet-landscape-times-Miqaat-friday-1250__073__d1__p0.png", "labels": ["Back", "Settings", "Search settings", "Location", "Praye
{"ev": "screen", "depth": 1, "path": ["Settings"], "key": "d48eea8b55", "pos": 1, "shot": "tablet-landscape-times-Miqaat-friday-1250__074__d1__p1.png", "labels": ["Back", "Settings", "Search settings", "Location", "Praye
{"ev": "screen", "depth": 1, "path": ["Settings"], "key": "61f3e3b253", "pos": 2, "shot": "tablet-landscape-times-Miqaat-friday-1250__075__d1__p2.png", "labels": ["Back", "Settings", "Search settings", "Location", "Praye
{"ev": "screen", "depth": 1, "path": ["Settings"], "key": "793a84a1e9", "pos": 3, "shot": "tablet-landscape-times-Miqaat-friday-1250__076__d1__p3.png", "labels": ["Back", "Settings", "Search settings", "Location", "Praye
{"ev": "screen", "depth": 1, "path": ["Settings"], "key": "936ca7dbf0", "pos": 4, "shot": "tablet-landscape-times-Miqaat-friday-1250__077__d1__p4.png", "labels": ["Back", "Settings", "Search settings", "Location", "Praye
{"ev": "screen", "depth": 1, "path": ["Settings"], "key": "4d1063f93f", "pos": 5, "shot": "tablet-landscape-times-Miqaat-friday-1250__078__d1__p5.png", "labels": ["Back", "Settings", "Search settings", "Location", "Praye
{"ev": "screen", "depth": 1, "path": ["Why this time?"], "key": "16ff3f4be1", "pos": 0, "shot": "tablet-landscape-times-Miqaat-friday-1250__079__d1__p0.png", "labels": ["Why 4:57? · Fajr الفجر", "CALCULATED FROM", "Sourc
{"ev": "screen", "depth": 1, "path": ["Why this time?"], "key": "7847cbb208", "pos": 1, "shot": "tablet-landscape-times-Miqaat-friday-1250__080__d1__p1.png", "labels": ["Why 4:57? · Fajr الفجر", "Source", "Calculated on 
{"ev": "screen", "depth": 1, "path": ["Why this time?"], "key": "7336de8c88", "pos": 0, "shot": "tablet-landscape-times-Miqaat-friday-1250__081__d1__p0.png", "labels": ["Why 6:22? · Sunrise الشروق", "CALCULATED FROM", "S
{"ev": "screen", "depth": 1, "path": ["Why this time?"], "key": "0dd348cc73", "pos": 0, "shot": "tablet-landscape-times-Miqaat-friday-1250__082__d1__p0.png", "labels": ["Why 12:44? · Dhuhr الظهر", "CALCULATED FROM", "Sou
{"ev": "screen", "depth": 1, "path": ["Why this time?"], "key": "03ec023472", "pos": 1, "shot": "tablet-landscape-times-Miqaat-friday-1250__083__d1__p1.png", "labels": ["Why 12:44? · Dhuhr الظهر", "Source", "Calculated o
{"ev": "screen", "depth": 1, "path": ["Why this time?"], "key": "b3b331cdb2", "pos": 0, "shot": "tablet-landscape-times-Miqaat-friday-1250__084__d1__p0.png", "labels": ["Why 4:18? · Asr العصر", "CALCULATED FROM", "Source
{"ev": "screen", "depth": 1, "path": ["Why this time?"], "key": "69e6dd5546", "pos": 1, "shot": "tablet-landscape-times-Miqaat-friday-1250__085__d1__p1.png", "labels": ["Why 4:18? · Asr العصر", "Adhan library · Meeus ast
{"ev": "screen", "depth": 1, "path": ["Why this time?"], "key": "1eb7faa623", "pos": 0, "shot": "tablet-landscape-times-Miqaat-friday-1250__086__d1__p0.png", "labels": ["Why 7:04? · Maghrib المغرب", "CALCULATED FROM", "S
{"ev": "screen", "depth": 1, "path": ["Why this time?"], "key": "d81e33b663", "pos": 1, "shot": "tablet-landscape-times-Miqaat-friday-1250__087__d1__p1.png", "labels": ["Why 7:04? · Maghrib المغرب", "Source", "Calculated
{"ev": "screen", "depth": 1, "path": ["Why this time?"], "key": "92467bdfaa", "pos": 0, "shot": "tablet-landscape-times-Miqaat-friday-1250__088__d1__p0.png", "labels": ["Why 8:24? · Isha العشاء", "CALCULATED FROM", "Sour
{"ev": "screen", "depth": 1, "path": ["Why this time?"], "key": "3a032c7b33", "pos": 1, "shot": "tablet-landscape-times-Miqaat-friday-1250__089__d1__p1.png", "labels": ["Why 8:24? · Isha العشاء", "Adhan library · Meeus a
{"ev": "tap-fail", "label": "Friday 9 October 2026  ·  12:50 PM", "t": 1062.3}
{"ev": "screen", "depth": 1, "path": ["Qibla ⁨277° W⁩"], "key": "35f4f1cb86", "pos": 0, "shot": "tablet-landscape-times-Miqaat-friday-1250__090__d1__p0.png", "labels": ["Back", "Qibla", "القبلة", "277°  W", "from true no
{"ev": "set-time", "sc": "afternoon-1630", "out": "Wed Oct  7 05:30:00 UTC 2026", "t": 1094.8}
{"ev": "screen", "depth": 0, "path": [], "key": "2bebbc38f4", "pos": 0, "shot": "tablet-landscape-times-Miqaat-afternoon-1630__091__d0__p0.png", "labels": ["Location: ⁨Sydney, NSW⁩. Opens location settings", "Sydney, NSW
{"ev": "screen", "depth": 1, "path": ["Learn Salah"], "key": "9079ff52e9", "pos": 0, "shot": "tablet-landscape-times-Miqaat-afternoon-1630__092__d1__p0.png", "labels": ["Back", "Learn Salah", "الصَّلَاة", "One common for
{"ev": "screen", "depth": 1, "path": ["Monthly timetable"], "key": "bb1ec75c88", "pos": 0, "shot": "tablet-landscape-times-Miqaat-afternoon-1630__093__d1__p0.png", "labels": ["Back", "October 2026", "Rabīʿ al-Thānī – Jum
{"ev": "screen", "depth": 1, "path": ["Monthly timetable"], "key": "874850e240", "pos": 1, "shot": "tablet-landscape-times-Miqaat-afternoon-1630__094__d1__p1.png", "labels": ["Back", "October 2026", "Rabīʿ al-Thānī – Jum
{"ev": "screen", "depth": 1, "path": ["Settings"], "key": "4facd12f31", "pos": 0, "shot": "tablet-landscape-times-Miqaat-afternoon-1630__095__d1__p0.png", "labels": ["Back", "Settings", "Search settings", "Location", "Pr
{"ev": "screen", "depth": 1, "path": ["Settings"], "key": "5362b74f03", "pos": 1, "shot": "tablet-landscape-times-Miqaat-afternoon-1630__096__d1__p1.png", "labels": ["Back", "Settings", "Search settings", "Location", "Pr
{"ev": "screen", "depth": 1, "path": ["Settings"], "key": "61f3e3b253", "pos": 2, "shot": "tablet-landscape-times-Miqaat-afternoon-1630__097__d1__p2.png", "labels": ["Back", "Settings", "Search settings", "Location", "Pr
{"ev": "screen", "depth": 1, "path": ["Settings"], "key": "793a84a1e9", "pos": 3, "shot": "tablet-landscape-times-Miqaat-afternoon-1630__098__d1__p3.png", "labels": ["Back", "Settings", "Search settings", "Location", "Pr
{"ev": "screen", "depth": 1, "path": ["Settings"], "key": "db64ef364c", "pos": 4, "shot": "tablet-landscape-times-Miqaat-afternoon-1630__099__d1__p4.png", "labels": ["Back", "Settings", "Search settings", "Location", "Pr
{"ev": "screen", "depth": 1, "path": ["Settings"], "key": "4d1063f93f", "pos": 5, "shot": "tablet-landscape-times-Miqaat-afternoon-1630__100__d1__p5.png", "labels": ["Back", "Settings", "Search settings", "Location", "Pr
{"ev": "screen", "depth": 1, "path": ["Why this time?"], "key": "16ff3f4be1", "pos": 0, "shot": "tablet-landscape-times-Miqaat-afternoon-1630__101__d1__p0.png", "labels": ["Why 5:00? · Fajr الفجر", "CALCULATED FROM", "So
{"ev": "screen", "depth": 1, "path": ["Why this time?"], "key": "7847cbb208", "pos": 1, "shot": "tablet-landscape-times-Miqaat-afternoon-1630__102__d1__p1.png", "labels": ["Why 5:00? · Fajr الفجر", "Source", "Calculated 
{"ev": "screen", "depth": 1, "path": ["Why this time?"], "key": "7336de8c88", "pos": 0, "shot": "tablet-landscape-times-Miqaat-afternoon-1630__103__d1__p0.png", "labels": ["Why 6:25? · Sunrise الشروق", "CALCULATED FROM",
{"ev": "screen", "depth": 1, "path": ["Why this time?"], "key": "0dd348cc73", "pos": 0, "shot": "tablet-landscape-times-Miqaat-afternoon-1630__104__d1__p0.png", "labels": ["Why 12:44? · Dhuhr الظهر", "CALCULATED FROM", "
{"ev": "screen", "depth": 1, "path": ["Why this time?"], "key": "03ec023472", "pos": 1, "shot": "tablet-landscape-times-Miqaat-afternoon-1630__105__d1__p1.png", "labels": ["Why 12:44? · Dhuhr الظهر", "Source", "Calculate
{"ev": "screen", "depth": 1, "path": ["Why this time?"], "key": "b3b331cdb2", "pos": 0, "shot": "tablet-landscape-times-Miqaat-afternoon-1630__106__d1__p0.png", "labels": ["Why 4:17? · Asr العصر", "CALCULATED FROM", "Sou
{"ev": "screen", "depth": 1, "path": ["Why this time?"], "key": "69e6dd5546", "pos": 1, "shot": "tablet-landscape-times-Miqaat-afternoon-1630__107__d1__p1.png", "labels": ["Why 4:17? · Asr العصر", "Adhan library · Meeus 
{"ev": "screen", "depth": 1, "path": ["Why this time?"], "key": "1eb7faa623", "pos": 0, "shot": "tablet-landscape-times-Miqaat-afternoon-1630__108__d1__p0.png", "labels": ["Why 7:02? · Maghrib المغرب", "CALCULATED FROM",
{"ev": "screen", "depth": 1, "path": ["Why this time?"], "key": "d81e33b663", "pos": 1, "shot": "tablet-landscape-times-Miqaat-afternoon-1630__109__d1__p1.png", "labels": ["Why 7:02? · Maghrib المغرب", "Source", "Calcula
{"ev": "screen", "depth": 1, "path": ["Why this time?"], "key": "5082421feb", "pos": 0, "shot": "tablet-landscape-times-Miqaat-afternoon-1630__110__d1__p0.png", "labels": ["Why 8:22? · Isha العشاء", "CALCULATED FROM", "S
{"ev": "screen", "depth": 1, "path": ["Why this time?"], "key": "406cda5f10", "pos": 1, "shot": "tablet-landscape-times-Miqaat-afternoon-1630__111__d1__p1.png", "labels": ["Why 8:22? · Isha العشاء", "Adhan library · Meeu
{"ev": "screen", "depth": 1, "path": ["Qibla ⁨277° W⁩"], "key": "35f4f1cb86", "pos": 0, "shot": "tablet-landscape-times-Miqaat-afternoon-1630__112__d1__p0.png", "labels": ["Back", "Qibla", "القبلة", "277°  W", "from true
{"ev": "screen", "depth": 1, "path": ["Evening adhkār"], "key": "da917ac395", "pos": 0, "shot": "tablet-landscape-times-Miqaat-afternoon-1630__113__d1__p0.png", "labels": ["Back", "Evening adhkār", "أذكار المساء", "0 of 
{"ev": "set-time", "sc": "maghrib-1915", "out": "Wed Oct  7 08:15:00 UTC 2026", "t": 1336.4}
{"ev": "screen", "depth": 0, "path": [], "key": "8ad6c164c5", "pos": 0, "shot": "tablet-landscape-times-Miqaat-maghrib-1915__114__d0__p0.png", "labels": ["Location: ⁨Sydney, NSW⁩. Opens location settings", "Sydney, NSW",
{"ev": "screen", "depth": 1, "path": ["Learn Salah"], "key": "9079ff52e9", "pos": 0, "shot": "tablet-landscape-times-Miqaat-maghrib-1915__115__d1__p0.png", "labels": ["Back", "Learn Salah", "الصَّلَاة", "One common form 
{"ev": "screen", "depth": 1, "path": ["Monthly timetable"], "key": "bb1ec75c88", "pos": 0, "shot": "tablet-landscape-times-Miqaat-maghrib-1915__116__d1__p0.png", "labels": ["Back", "October 2026", "Rabīʿ al-Thānī – Jumād
{"ev": "screen", "depth": 1, "path": ["Monthly timetable"], "key": "874850e240", "pos": 1, "shot": "tablet-landscape-times-Miqaat-maghrib-1915__117__d1__p1.png", "labels": ["Back", "October 2026", "Rabīʿ al-Thānī – Jumād
{"ev": "screen", "depth": 1, "path": ["Settings"], "key": "6069cd2347", "pos": 0, "shot": "tablet-landscape-times-Miqaat-maghrib-1915__118__d1__p0.png", "labels": ["Back", "Settings", "Search settings", "Location", "Pray
{"ev": "screen", "depth": 1, "path": ["Settings"], "key": "5362b74f03", "pos": 1, "shot": "tablet-landscape-times-Miqaat-maghrib-1915__119__d1__p1.png", "labels": ["Back", "Settings", "Search settings", "Location", "Pray
{"ev": "screen", "depth": 1, "path": ["Settings"], "key": "b07f7f875d", "pos": 2, "shot": "tablet-landscape-times-Miqaat-maghrib-1915__120__d1__p2.png", "labels": ["Back", "Settings", "Search settings", "Location", "Pray
{"ev": "screen", "depth": 1, "path": ["Settings"], "key": "793a84a1e9", "pos": 3, "shot": "tablet-landscape-times-Miqaat-maghrib-1915__121__d1__p3.png", "labels": ["Back", "Settings", "Search settings", "Location", "Pray
{"ev": "screen", "depth": 1, "path": ["Settings"], "key": "512a4f6bc3", "pos": 4, "shot": "tablet-landscape-times-Miqaat-maghrib-1915__122__d1__p4.png", "labels": ["Back", "Settings", "Search settings", "Location", "Pray
{"ev": "screen", "depth": 1, "path": ["Settings"], "key": "4d1063f93f", "pos": 5, "shot": "tablet-landscape-times-Miqaat-maghrib-1915__123__d1__p5.png", "labels": ["Back", "Settings", "Search settings", "Location", "Pray
{"ev": "screen", "depth": 1, "path": ["Why this time?"], "key": "16ff3f4be1", "pos": 0, "shot": "tablet-landscape-times-Miqaat-maghrib-1915__124__d1__p0.png", "labels": ["Why 5:00? · Fajr الفجر", "CALCULATED FROM", "Sour
{"ev": "screen", "depth": 1, "path": ["Why this time?"], "key": "7847cbb208", "pos": 1, "shot": "tablet-landscape-times-Miqaat-maghrib-1915__125__d1__p1.png", "labels": ["Why 5:00? · Fajr الفجر", "Source", "Calculated on
{"ev": "screen", "depth": 1, "path": ["Why this time?"], "key": "7336de8c88", "pos": 0, "shot": "tablet-landscape-times-Miqaat-maghrib-1915__126__d1__p0.png", "labels": ["Why 6:25? · Sunrise الشروق", "CALCULATED FROM", "
{"ev": "screen", "depth": 1, "path": ["Why this time?"], "key": "0dd348cc73", "pos": 0, "shot": "tablet-landscape-times-Miqaat-maghrib-1915__127__d1__p0.png", "labels": ["Why 12:44? · Dhuhr الظهر", "CALCULATED FROM", "So
{"ev": "screen", "depth": 1, "path": ["Why this time?"], "key": "03ec023472", "pos": 1, "shot": "tablet-landscape-times-Miqaat-maghrib-1915__128__d1__p1.png", "labels": ["Why 12:44? · Dhuhr الظهر", "Source", "Calculated 
{"ev": "screen", "depth": 1, "path": ["Why this time?"], "key": "b3b331cdb2", "pos": 0, "shot": "tablet-landscape-times-Miqaat-maghrib-1915__129__d1__p0.png", "labels": ["Why 4:17? · Asr العصر", "CALCULATED FROM", "Sourc
{"ev": "screen", "depth": 1, "path": ["Why this time?"], "key": "69e6dd5546", "pos": 1, "shot": "tablet-landscape-times-Miqaat-maghrib-1915__130__d1__p1.png", "labels": ["Why 4:17? · Asr العصر", "Adhan library · Meeus as
{"ev": "screen", "depth": 1, "path": ["Why this time?"], "key": "1eb7faa623", "pos": 0, "shot": "tablet-landscape-times-Miqaat-maghrib-1915__131__d1__p0.png", "labels": ["Why 7:02? · Maghrib المغرب", "CALCULATED FROM", "
{"ev": "screen", "depth": 1, "path": ["Why this time?"], "key": "d81e33b663", "pos": 1, "shot": "tablet-landscape-times-Miqaat-maghrib-1915__132__d1__p1.png", "labels": ["Why 7:02? · Maghrib المغرب", "Source", "Calculate
{"ev": "back-mismatch", "label": "Why this time?", "path": [], "t": 1520.4}
{"ev": "screen", "depth": 1, "path": ["Why this time?"], "key": "5082421feb", "pos": 0, "shot": "tablet-landscape-times-Miqaat-maghrib-1915__133__d1__p0.png", "labels": ["Why 8:22? · Isha العشاء", "CALCULATED FROM", "Sou
{"ev": "screen", "depth": 1, "path": ["Why this time?"], "key": "406cda5f10", "pos": 1, "shot": "tablet-landscape-times-Miqaat-maghrib-1915__134__d1__p1.png", "labels": ["Why 8:22? · Isha العشاء", "Adhan library · Meeus 
{"ev": "screen", "depth": 1, "path": ["Qibla ⁨277° W⁩"], "key": "35f4f1cb86", "pos": 0, "shot": "tablet-landscape-times-Miqaat-maghrib-1915__135__d1__p0.png", "labels": ["Back", "Qibla", "القبلة", "277°  W", "from true n
{"ev": "screen", "depth": 1, "path": ["Evening adhkār"], "key": "da917ac395", "pos": 0, "shot": "tablet-landscape-times-Miqaat-maghrib-1915__136__d1__p0.png", "labels": ["Back", "Evening adhkār", "أذكار المساء", "0 of 14
{"ev": "set-time", "sc": "night-2230", "out": "Wed Oct  7 11:30:00 UTC 2026", "t": 1587.5}
{"ev": "screen", "depth": 0, "path": [], "key": "c00bea3e32", "pos": 0, "shot": "tablet-landscape-times-Miqaat-night-2230__137__d0__p0.png", "labels": ["Location: ⁨Sydney, NSW⁩. Opens location settings", "Sydney, NSW", "
{"ev": "screen", "depth": 1, "path": ["Learn Salah"], "key": "9079ff52e9", "pos": 0, "shot": "tablet-landscape-times-Miqaat-night-2230__138__d1__p0.png", "labels": ["Back", "Learn Salah", "الصَّلَاة", "One common form of
{"ev": "screen", "depth": 1, "path": ["Monthly timetable"], "key": "bb1ec75c88", "pos": 0, "shot": "tablet-landscape-times-Miqaat-night-2230__139__d1__p0.png", "labels": ["Back", "October 2026", "Rabīʿ al-Thānī – Jumādā 
{"ev": "screen", "depth": 1, "path": ["Monthly timetable"], "key": "874850e240", "pos": 1, "shot": "tablet-landscape-times-Miqaat-night-2230__140__d1__p1.png", "labels": ["Back", "October 2026", "Rabīʿ al-Thānī – Jumādā 
{"ev": "screen", "depth": 1, "path": ["Settings"], "key": "9fabed1753", "pos": 0, "shot": "tablet-landscape-times-Miqaat-night-2230__141__d1__p0.png", "labels": ["Back", "Settings", "Search settings", "Location", "Prayer
{"ev": "screen", "depth": 1, "path": ["Settings"], "key": "d48eea8b55", "pos": 1, "shot": "tablet-landscape-times-Miqaat-night-2230__142__d1__p1.png", "labels": ["Back", "Settings", "Search settings", "Location", "Prayer
{"ev": "screen", "depth": 1, "path": ["Settings"], "key": "cd0238ad67", "pos": 2, "shot": "tablet-landscape-times-Miqaat-night-2230__143__d1__p2.png", "labels": ["Back", "Settings", "Search settings", "Location", "Prayer
{"ev": "screen", "depth": 1, "path": ["Settings"], "key": "7bdd896e6b", "pos": 3, "shot": "tablet-landscape-times-Miqaat-night-2230__144__d1__p3.png", "labels": ["Back", "Settings", "Search settings", "Location", "Prayer
{"ev": "screen", "depth": 1, "path": ["Settings"], "key": "512a4f6bc3", "pos": 4, "shot": "tablet-landscape-times-Miqaat-night-2230__145__d1__p4.png", "labels": ["Back", "Settings", "Search settings", "Location", "Prayer
{"ev": "screen", "depth": 1, "path": ["Settings"], "key": "4d1063f93f", "pos": 5, "shot": "tablet-landscape-times-Miqaat-night-2230__146__d1__p5.png", "labels": ["Back", "Settings", "Search settings", "Location", "Prayer
{"ev": "screen", "depth": 1, "path": ["Why this time?"], "key": "16ff3f4be1", "pos": 0, "shot": "tablet-landscape-times-Miqaat-night-2230__147__d1__p0.png", "labels": ["Why 5:00? · Fajr الفجر", "CALCULATED FROM", "Source
{"ev": "screen", "depth": 1, "path": ["Why this time?"], "key": "7847cbb208", "pos": 1, "shot": "tablet-landscape-times-Miqaat-night-2230__148__d1__p1.png", "labels": ["Why 5:00? · Fajr الفجر", "Source", "Calculated on t
{"ev": "screen", "depth": 1, "path": ["Why this time?"], "key": "7336de8c88", "pos": 0, "shot": "tablet-landscape-times-Miqaat-night-2230__149__d1__p0.png", "labels": ["Why 6:25? · Sunrise الشروق", "CALCULATED FROM", "So
{"ev": "screen", "depth": 1, "path": ["Why this time?"], "key": "0dd348cc73", "pos": 0, "shot": "tablet-landscape-times-Miqaat-night-2230__150__d1__p0.png", "labels": ["Why 12:44? · Dhuhr الظهر", "CALCULATED FROM", "Sour
{"ev": "screen", "depth": 1, "path": ["Why this time?"], "key": "03ec023472", "pos": 1, "shot": "tablet-landscape-times-Miqaat-night-2230__151__d1__p1.png", "labels": ["Why 12:44? · Dhuhr الظهر", "Source", "Calculated on
{"ev": "screen", "depth": 1, "path": ["Why this time?"], "key": "b3b331cdb2", "pos": 0, "shot": "tablet-landscape-times-Miqaat-night-2230__152__d1__p0.png", "labels": ["Why 4:17? · Asr العصر", "CALCULATED FROM", "Source"
{"ev": "screen", "depth": 1, "path": ["Why this time?"], "key": "69e6dd5546", "pos": 1, "shot": "tablet-landscape-times-Miqaat-night-2230__153__d1__p1.png", "labels": ["Why 4:17? · Asr العصر", "Adhan library · Meeus astr
{"ev": "screen", "depth": 1, "path": ["Why this time?"], "key": "1eb7faa623", "pos": 0, "shot": "tablet-landscape-times-Miqaat-night-2230__154__d1__p0.png", "labels": ["Why 7:02? · Maghrib المغرب", "CALCULATED FROM", "So
{"ev": "screen", "depth": 1, "path": ["Why this time?"], "key": "d81e33b663", "pos": 1, "shot": "tablet-landscape-times-Miqaat-night-2230__155__d1__p1.png", "labels": ["Why 7:02? · Maghrib المغرب", "Source", "Calculated 
{"ev": "screen", "depth": 1, "path": ["Why this time?"], "key": "5082421feb", "pos": 0, "shot": "tablet-landscape-times-Miqaat-night-2230__156__d1__p0.png", "labels": ["Why 8:22? · Isha العشاء", "CALCULATED FROM", "Sourc
{"ev": "screen", "depth": 1, "path": ["Why this time?"], "key": "406cda5f10", "pos": 1, "shot": "tablet-landscape-times-Miqaat-night-2230__157__d1__p1.png", "labels": ["Why 8:22? · Isha العشاء", "Adhan library · Meeus as
{"ev": "screen", "depth": 1, "path": ["Qibla ⁨277° W⁩"], "key": "35f4f1cb86", "pos": 0, "shot": "tablet-landscape-times-Miqaat-night-2230__158__d1__p0.png", "labels": ["Back", "Qibla", "القبلة", "277°  W", "from true nor
{"ev": "theme-set", "kw": "Kiswah", "t": 1825.8}
{"ev": "set-time", "sc": "predawn-0430", "out": "Mon Oct  5 17:30:00 UTC 2026", "t": 1833.5}
{"ev": "screen", "depth": 0, "path": [], "key": "c1f88695b2", "pos": 0, "shot": "tablet-landscape-times-Kiswah-predawn-0430__159__d0__p0.png", "labels": ["Location: ⁨Sydney, NSW⁩. Opens location settings", "SYDNEY, NSW",
{"ev": "screen", "depth": 1, "path": ["Learn Salah"], "key": "ec3e18f4cf", "pos": 0, "shot": "tablet-landscape-times-Kiswah-predawn-0430__160__d1__p0.png", "labels": ["Back", "LEARN SALAH", "الصَّلَاة", "One common form 
{"ev": "screen", "depth": 1, "path": ["Monthly timetable"], "key": "4d2923ea84", "pos": 0, "shot": "tablet-landscape-times-Kiswah-predawn-0430__161__d1__p0.png", "labels": ["Back", "October 2026", "Rabīʿ al-Thānī – Jumād
{"ev": "screen", "depth": 1, "path": ["Monthly timetable"], "key": "874850e240", "pos": 1, "shot": "tablet-landscape-times-Kiswah-predawn-0430__162__d1__p1.png", "labels": ["Back", "October 2026", "Rabīʿ al-Thānī – Jumād
{"ev": "screen", "depth": 1, "path": ["Settings"], "key": "d6b5acbb6f", "pos": 0, "shot": "tablet-landscape-times-Kiswah-predawn-0430__163__d1__p0.png", "labels": ["Back", "Settings", "Search settings", "Location", "Pray
{"ev": "screen", "depth": 1, "path": ["Settings"], "key": "875d00f81c", "pos": 1, "shot": "tablet-landscape-times-Kiswah-predawn-0430__164__d1__p1.png", "labels": ["Back", "Settings", "Search settings", "Location", "Pray
{"ev": "screen", "depth": 1, "path": ["Settings"], "key": "cd0238ad67", "pos": 2, "shot": "tablet-landscape-times-Kiswah-predawn-0430__165__d1__p2.png", "labels": ["Back", "Settings", "Search settings", "Location", "Pray
{"ev": "screen", "depth": 1, "path": ["Settings"], "key": "793a84a1e9", "pos": 3, "shot": "tablet-landscape-times-Kiswah-predawn-0430__166__d1__p3.png", "labels": ["Back", "Settings", "Search settings", "Location", "Pray
{"ev": "screen", "depth": 1, "path": ["Settings"], "key": "db64ef364c", "pos": 4, "shot": "tablet-landscape-times-Kiswah-predawn-0430__167__d1__p4.png", "labels": ["Back", "Settings", "Search settings", "Location", "Pray
{"ev": "screen", "depth": 1, "path": ["Settings"], "key": "4d1063f93f", "pos": 5, "shot": "tablet-landscape-times-Kiswah-predawn-0430__168__d1__p5.png", "labels": ["Back", "Settings", "Search settings", "Location", "Pray
{"ev": "screen", "depth": 1, "path": ["Why this time?"], "key": "16ff3f4be1", "pos": 0, "shot": "tablet-landscape-times-Kiswah-predawn-0430__169__d1__p0.png", "labels": ["Why 5:01? · Fajr الفجر", "CALCULATED FROM", "Sour
{"ev": "screen", "depth": 1, "path": ["Why this time?"], "key": "7847cbb208", "pos": 1, "shot": "tablet-landscape-times-Kiswah-predawn-0430__170__d1__p1.png", "labels": ["Why 5:01? · Fajr الفجر", "Source", "Calculated on
{"ev": "screen", "depth": 1, "path": ["Why this time?"], "key": "7336de8c88", "pos": 0, "shot": "tablet-landscape-times-Kiswah-predawn-0430__171__d1__p0.png", "labels": ["Why 6:26? · Sunrise الشروق", "CALCULATED FROM", "
{"ev": "screen", "depth": 1, "path": ["Why this time?"], "key": "0dd348cc73", "pos": 0, "shot": "tablet-landscape-times-Kiswah-predawn-0430__172__d1__p0.png", "labels": ["Why 12:44? · Dhuhr الظهر", "CALCULATED FROM", "So
{"ev": "screen", "depth": 1, "path": ["Why this time?"], "key": "03ec023472", "pos": 1, "shot": "tablet-landscape-times-Kiswah-predawn-0430__173__d1__p1.png", "labels": ["Why 12:44? · Dhuhr الظهر", "Source", "Calculated 
{"ev": "screen", "depth": 1, "path": ["Why this time?"], "key": "b3b331cdb2", "pos": 0, "shot": "tablet-landscape-times-Kiswah-predawn-0430__174__d1__p0.png", "labels": ["Why 4:17? · Asr العصر", "CALCULATED FROM", "Sourc
{"ev": "screen", "depth": 1, "path": ["Why this time?"], "key": "69e6dd5546", "pos": 1, "shot": "tablet-landscape-times-Kiswah-predawn-0430__175__d1__p1.png", "labels": ["Why 4:17? · Asr العصر", "Adhan library · Meeus as
{"ev": "screen", "depth": 1, "path": ["Why this time?"], "key": "1eb7faa623", "pos": 0, "shot": "tablet-landscape-times-Kiswah-predawn-0430__176__d1__p0.png", "labels": ["Why 7:01? · Maghrib المغرب", "CALCULATED FROM", "
{"ev": "screen", "depth": 1, "path": ["Why this time?"], "key": "d81e33b663", "pos": 1, "shot": "tablet-landscape-times-Kiswah-predawn-0430__177__d1__p1.png", "labels": ["Why 7:01? · Maghrib المغرب", "Source", "Calculate
{"ev": "screen", "depth": 1, "path": ["Why this time?"], "key": "5082421feb", "pos": 0, "shot": "tablet-landscape-times-Kiswah-predawn-0430__178__d1__p0.png", "labels": ["Why 8:21? · Isha العشاء", "CALCULATED FROM", "Sou
{"ev": "screen", "depth": 1, "path": ["Why this time?"], "key": "406cda5f10", "pos": 1, "shot": "tablet-landscape-times-Kiswah-predawn-0430__179__d1__p1.png", "labels": ["Why 8:21? · Isha العشاء", "Adhan library · Meeus 
{"ev": "set-time", "sc": "morning-0545", "out": "Mon Oct  5 18:45:00 UTC 2026", "t": 2035.1}
{"ev": "screen", "depth": 0, "path": [], "key": "be0532cec7", "pos": 0, "shot": "tablet-landscape-times-Kiswah-morning-0545__180__d0__p0.png", "labels": ["Location: ⁨Sydney, NSW⁩. Opens location settings", "SYDNEY, NSW",
{"ev": "screen", "depth": 1, "path": ["Learn Salah"], "key": "ec3e18f4cf", "pos": 0, "shot": "tablet-landscape-times-Kiswah-morning-0545__181__d1__p0.png", "labels": ["Back", "LEARN SALAH", "الصَّلَاة", "One common form 
{"ev": "screen", "depth": 1, "path": ["Monthly timetable"], "key": "4d2923ea84", "pos": 0, "shot": "tablet-landscape-times-Kiswah-morning-0545__182__d1__p0.png", "labels": ["Back", "October 2026", "Rabīʿ al-Thānī – Jumād
{"ev": "screen", "depth": 1, "path": ["Monthly timetable"], "key": "874850e240", "pos": 1, "shot": "tablet-landscape-times-Kiswah-morning-0545__183__d1__p1.png", "labels": ["Back", "October 2026", "Rabīʿ al-Thānī – Jumād
{"ev": "screen", "depth": 1, "path": ["Settings"], "key": "d82f8364d7", "pos": 0, "shot": "tablet-landscape-times-Kiswah-morning-0545__184__d1__p0.png", "labels": ["Back", "Settings", "Search settings", "Location", "Pray
{"ev": "screen", "depth": 1, "path": ["Settings"], "key": "5362b74f03", "pos": 1, "shot": "tablet-landscape-times-Kiswah-morning-0545__185__d1__p1.png", "labels": ["Back", "Settings", "Search settings", "Location", "Pray
{"ev": "screen", "depth": 1, "path": ["Settings"], "key": "8bb838a4c2", "pos": 2, "shot": "tablet-landscape-times-Kiswah-morning-0545__186__d1__p2.png", "labels": ["Back", "Settings", "Search settings", "Location", "Pray
{"ev": "screen", "depth": 1, "path": ["Settings"], "key": "793a84a1e9", "pos": 3, "shot": "tablet-landscape-times-Kiswah-morning-0545__187__d1__p3.png", "labels": ["Back", "Settings", "Search settings", "Location", "Pray
{"ev": "screen", "depth": 1, "path": ["Settings"], "key": "db64ef364c", "pos": 4, "shot": "tablet-landscape-times-Kiswah-morning-0545__188__d1__p4.png", "labels": ["Back", "Settings", "Search settings", "Location", "Pray
{"ev": "screen", "depth": 1, "path": ["Settings"], "key": "4d1063f93f", "pos": 5, "shot": "tablet-landscape-times-Kiswah-morning-0545__189__d1__p5.png", "labels": ["Back", "Settings", "Search settings", "Location", "Pray
{"ev": "screen", "depth": 1, "path": ["Why this time?"], "key": "16ff3f4be1", "pos": 0, "shot": "tablet-landscape-times-Kiswah-morning-0545__190__d1__p0.png", "labels": ["Why 5:01? · Fajr الفجر", "CALCULATED FROM", "Sour
{"ev": "screen", "depth": 1, "path": ["Why this time?"], "key": "7847cbb208", "pos": 1, "shot": "tablet-landscape-times-Kiswah-morning-0545__191__d1__p1.png", "labels": ["Why 5:01? · Fajr الفجر", "Source", "Calculated on
{"ev": "screen", "depth": 1, "path": ["Why this time?"], "key": "7336de8c88", "pos": 0, "shot": "tablet-landscape-times-Kiswah-morning-0545__192__d1__p0.png", "labels": ["Why 6:26? · Sunrise الشروق", "CALCULATED FROM", "
{"ev": "screen", "depth": 1, "path": ["Why this time?"], "key": "0dd348cc73", "pos": 0, "shot": "tablet-landscape-times-Kiswah-morning-0545__193__d1__p0.png", "labels": ["Why 12:44? · Dhuhr الظهر", "CALCULATED FROM", "So
{"ev": "screen", "depth": 1, "path": ["Why this time?"], "key": "03ec023472", "pos": 1, "shot": "tablet-landscape-times-Kiswah-morning-0545__194__d1__p1.png", "labels": ["Why 12:44? · Dhuhr الظهر", "Source", "Calculated 
{"ev": "back-mismatch", "label": "Why this time?", "path": [], "t": 2175.8}
{"ev": "screen", "depth": 1, "path": ["Why this time?"], "key": "b3b331cdb2", "pos": 0, "shot": "tablet-landscape-times-Kiswah-morning-0545__195__d1__p0.png", "labels": ["Why 4:17? · Asr العصر", "CALCULATED FROM", "Sourc
{"ev": "screen", "depth": 1, "path": ["Why this time?"], "key": "69e6dd5546", "pos": 1, "shot": "tablet-landscape-times-Kiswah-morning-0545__196__d1__p1.png", "labels": ["Why 4:17? · Asr العصر", "Adhan library · Meeus as
{"ev": "back-mismatch", "label": "Why this time?", "path": [], "t": 2202.4}
{"ev": "screen", "depth": 1, "path": ["Why this time?"], "key": "1eb7faa623", "pos": 0, "shot": "tablet-landscape-times-Kiswah-morning-0545__197__d1__p0.png", "labels": ["Why 7:01? · Maghrib المغرب", "CALCULATED FROM", "
{"ev": "screen", "depth": 1, "path": ["Why this time?"], "key": "d81e33b663", "pos": 1, "shot": "tablet-landscape-times-Kiswah-morning-0545__198__d1__p1.png", "labels": ["Why 7:01? · Maghrib المغرب", "Source", "Calculate
{"ev": "back-mismatch", "label": "Why this time?", "path": [], "t": 2229.0}
{"ev": "screen", "depth": 1, "path": ["Why this time?"], "key": "5082421feb", "pos": 0, "shot": "tablet-landscape-times-Kiswah-morning-0545__199__d1__p0.png", "labels": ["Why 8:21? · Isha العشاء", "CALCULATED FROM", "Sou
{"ev": "screen", "depth": 1, "path": ["Why this time?"], "key": "406cda5f10", "pos": 1, "shot": "tablet-landscape-times-Kiswah-morning-0545__200__d1__p1.png", "labels": ["Why 8:21? · Isha العشاء", "Adhan library · Meeus 
{"ev": "back-mismatch", "label": "Why this time?", "path": [], "t": 2255.2}
{"ev": "set-time", "sc": "forenoon-0930", "out": "Mon Oct  5 22:30:00 UTC 2026", "t": 2263.7}
{"ev": "screen", "depth": 0, "path": [], "key": "72f1b6847c", "pos": 0, "shot": "tablet-landscape-times-Kiswah-forenoon-0930__201__d0__p0.png", "labels": ["Location: ⁨Sydney, NSW⁩. Opens location settings", "SYDNEY, NSW"
{"ev": "screen", "depth": 1, "path": ["Learn Salah"], "key": "ec3e18f4cf", "pos": 0, "shot": "tablet-landscape-times-Kiswah-forenoon-0930__202__d1__p0.png", "labels": ["Back", "LEARN SALAH", "الصَّلَاة", "One common form
{"ev": "screen", "depth": 1, "path": ["Monthly timetable"], "key": "4d2923ea84", "pos": 0, "shot": "tablet-landscape-times-Kiswah-forenoon-0930__203__d1__p0.png", "labels": ["Back", "October 2026", "Rabīʿ al-Thānī – Jumā
{"ev": "screen", "depth": 1, "path": ["Monthly timetable"], "key": "874850e240", "pos": 1, "shot": "tablet-landscape-times-Kiswah-forenoon-0930__204__d1__p1.png", "labels": ["Back", "October 2026", "Rabīʿ al-Thānī – Jumā
{"ev": "screen", "depth": 1, "path": ["Settings"], "key": "d82f8364d7", "pos": 0, "shot": "tablet-landscape-times-Kiswah-forenoon-0930__205__d1__p0.png", "labels": ["Back", "Settings", "Search settings", "Location", "Pra
{"ev": "screen", "depth": 1, "path": ["Settings"], "key": "875d00f81c", "pos": 1, "shot": "tablet-landscape-times-Kiswah-forenoon-0930__206__d1__p1.png", "labels": ["Back", "Settings", "Search settings", "Location", "Pra
{"ev": "screen", "depth": 1, "path": ["Settings"], "key": "cd0238ad67", "pos": 2, "shot": "tablet-landscape-times-Kiswah-forenoon-0930__207__d1__p2.png", "labels": ["Back", "Settings", "Search settings", "Location", "Pra
{"ev": "screen", "depth": 1, "path": ["Settings"], "key": "793a84a1e9", "pos": 3, "shot": "tablet-landscape-times-Kiswah-forenoon-0930__208__d1__p3.png", "labels": ["Back", "Settings", "Search settings", "Location", "Pra
{"ev": "screen", "depth": 1, "path": ["Settings"], "key": "db64ef364c", "pos": 4, "shot": "tablet-landscape-times-Kiswah-forenoon-0930__209__d1__p4.png", "labels": ["Back", "Settings", "Search settings", "Location", "Pra
{"ev": "screen", "depth": 1, "path": ["Settings"], "key": "4d1063f93f", "pos": 5, "shot": "tablet-landscape-times-Kiswah-forenoon-0930__210__d1__p5.png", "labels": ["Back", "Settings", "Search settings", "Location", "Pra
{"ev": "screen", "depth": 1, "path": ["Why this time?"], "key": "16ff3f4be1", "pos": 0, "shot": "tablet-landscape-times-Kiswah-forenoon-0930__211__d1__p0.png", "labels": ["Why 5:01? · Fajr الفجر", "CALCULATED FROM", "Sou
{"ev": "screen", "depth": 1, "path": ["Why this time?"], "key": "7847cbb208", "pos": 1, "shot": "tablet-landscape-times-Kiswah-forenoon-0930__212__d1__p1.png", "labels": ["Why 5:01? · Fajr الفجر", "Source", "Calculated o
{"ev": "screen", "depth": 1, "path": ["Why this time?"], "key": "7336de8c88", "pos": 0, "shot": "tablet-landscape-times-Kiswah-forenoon-0930__213__d1__p0.png", "labels": ["Why 6:26? · Sunrise الشروق", "CALCULATED FROM", 
{"ev": "screen", "depth": 1, "path": ["Why this time?"], "key": "0dd348cc73", "pos": 0, "shot": "tablet-landscape-times-Kiswah-forenoon-0930__214__d1__p0.png", "labels": ["Why 12:44? · Dhuhr الظهر", "CALCULATED FROM", "S
{"ev": "screen", "depth": 1, "path": ["Why this time?"], "key": "03ec023472", "pos": 1, "shot": "tablet-landscape-times-Kiswah-forenoon-0930__215__d1__p1.png", "labels": ["Why 12:44? · Dhuhr الظهر", "Source", "Calculated
{"ev": "screen", "depth": 1, "path": ["Why this time?"], "key": "b3b331cdb2", "pos": 0, "shot": "tablet-landscape-times-Kiswah-forenoon-0930__216__d1__p0.png", "labels": ["Why 4:17? · Asr العصر", "CALCULATED FROM", "Sour
{"ev": "screen", "depth": 1, "path": ["Why this time?"], "key": "69e6dd5546", "pos": 1, "shot": "tablet-landscape-times-Kiswah-forenoon-0930__217__d1__p1.png", "labels": ["Why 4:17? · Asr العصر", "Adhan library · Meeus a
{"ev": "screen", "depth": 1, "path": ["Why this time?"], "key": "1eb7faa623", "pos": 0, "shot": "tablet-landscape-times-Kiswah-forenoon-0930__218__d1__p0.png", "labels": ["Why 7:01? · Maghrib المغرب", "CALCULATED FROM", 
{"ev": "screen", "depth": 1, "path": ["Why this time?"], "key": "d81e33b663", "pos": 1, "shot": "tablet-landscape-times-Kiswah-forenoon-0930__219__d1__p1.png", "labels": ["Why 7:01? · Maghrib المغرب", "Source", "Calculat
{"ev": "screen", "depth": 1, "path": ["Why this time?"], "key": "5082421feb", "pos": 0, "shot": "tablet-landscape-times-Kiswah-forenoon-0930__220__d1__p0.png", "labels": ["Why 8:21? · Isha العشاء", "CALCULATED FROM", "So
{"ev": "screen", "depth": 1, "path": ["Why this time?"], "key": "406cda5f10", "pos": 1, "shot": "tablet-landscape-times-Kiswah-forenoon-0930__221__d1__p1.png", "labels": ["Why 8:21? · Isha العشاء", "Adhan library · Meeus
{"ev": "set-time", "sc": "friday-1250", "out": "Fri Oct  9 01:50:00 UTC 2026", "t": 2465.6}
{"ev": "screen", "depth": 0, "path": [], "key": "97d0d25e9e", "pos": 0, "shot": "tablet-landscape-times-Kiswah-friday-1250__222__d0__p0.png", "labels": ["Location: ⁨Sydney, NSW⁩. Opens location settings", "SYDNEY, NSW", 
{"ev": "screen", "depth": 1, "path": ["Learn Salah"], "key": "ec3e18f4cf", "pos": 0, "shot": "tablet-landscape-times-Kiswah-friday-1250__223__d1__p0.png", "labels": ["Back", "LEARN SALAH", "الصَّلَاة", "One common form o
{"ev": "screen", "depth": 1, "path": ["Monthly timetable"], "key": "09545df3ad", "pos": 0, "shot": "tablet-landscape-times-Kiswah-friday-1250__224__d1__p0.png", "labels": ["Back", "October 2026", "Rabīʿ al-Thānī – Jumādā
{"ev": "screen", "depth": 1, "path": ["Monthly timetable"], "key": "874850e240", "pos": 1, "shot": "tablet-landscape-times-Kiswah-friday-1250__225__d1__p1.png", "labels": ["Back", "October 2026", "Rabīʿ al-Thānī – Jumādā
{"ev": "screen", "depth": 1, "path": ["Settings"], "key": "ac1777d613", "pos": 0, "shot": "tablet-landscape-times-Kiswah-friday-1250__226__d1__p0.png", "labels": ["Back", "Settings", "Search settings", "Location", "Praye
{"ev": "screen", "depth": 1, "path": ["Settings"], "key": "875d00f81c", "pos": 1, "shot": "tablet-landscape-times-Kiswah-friday-1250__227__d1__p1.png", "labels": ["Back", "Settings", "Search settings", "Location", "Praye
{"ev": "screen", "depth": 1, "path": ["Settings"], "key": "20b4f199f8", "pos": 2, "shot": "tablet-landscape-times-Kiswah-friday-1250__228__d1__p2.png", "labels": ["Back", "Settings", "Search settings", "Location", "Praye
{"ev": "screen", "depth": 1, "path": ["Settings"], "key": "76f81beaa1", "pos": 3, "shot": "tablet-landscape-times-Kiswah-friday-1250__229__d1__p3.png", "labels": ["Back", "Settings", "Search settings", "Location", "Praye
{"ev": "screen", "depth": 1, "path": ["Settings"], "key": "2d2c4b4de2", "pos": 4, "shot": "tablet-landscape-times-Kiswah-friday-1250__230__d1__p4.png", "labels": ["Back", "Settings", "Search settings", "Location", "Praye
{"ev": "screen", "depth": 1, "path": ["Settings"], "key": "4d1063f93f", "pos": 5, "shot": "tablet-landscape-times-Kiswah-friday-1250__231__d1__p5.png", "labels": ["Back", "Settings", "Search settings", "Location", "Praye
{"ev": "screen", "depth": 1, "path": ["Why this time?"], "key": "16ff3f4be1", "pos": 0, "shot": "tablet-landscape-times-Kiswah-friday-1250__232__d1__p0.png", "labels": ["Why 4:57? · Fajr الفجر", "CALCULATED FROM", "Sourc
{"ev": "screen", "depth": 1, "path": ["Why this time?"], "key": "7847cbb208", "pos": 1, "shot": "tablet-landscape-times-Kiswah-friday-1250__233__d1__p1.png", "labels": ["Why 4:57? · Fajr الفجر", "Source", "Calculated on 
{"ev": "screen", "depth": 1, "path": ["Why this time?"], "key": "7336de8c88", "pos": 0, "shot": "tablet-landscape-times-Kiswah-friday-1250__234__d1__p0.png", "labels": ["Why 6:22? · Sunrise الشروق", "CALCULATED FROM", "S
{"ev": "screen", "depth": 1, "path": ["Why this time?"], "key": "0dd348cc73", "pos": 0, "shot": "tablet-landscape-times-Kiswah-friday-1250__235__d1__p0.png", "labels": ["Why 12:44? · Dhuhr الظهر", "CALCULATED FROM", "Sou
{"ev": "screen", "depth": 1, "path": ["Why this time?"], "key": "03ec023472", "pos": 1, "shot": "tablet-landscape-times-Kiswah-friday-1250__236__d1__p1.png", "labels": ["Why 12:44? · Dhuhr الظهر", "Source", "Calculated o
{"ev": "screen", "depth": 1, "path": ["Why this time?"], "key": "b3b331cdb2", "pos": 0, "shot": "tablet-landscape-times-Kiswah-friday-1250__237__d1__p0.png", "labels": ["Why 4:18? · Asr العصر", "CALCULATED FROM", "Source
{"ev": "screen", "depth": 1, "path": ["Why this time?"], "key": "69e6dd5546", "pos": 1, "shot": "tablet-landscape-times-Kiswah-friday-1250__238__d1__p1.png", "labels": ["Why 4:18? · Asr العصر", "Adhan library · Meeus ast
{"ev": "screen", "depth": 1, "path": ["Why this time?"], "key": "1eb7faa623", "pos": 0, "shot": "tablet-landscape-times-Kiswah-friday-1250__239__d1__p0.png", "labels": ["Why 7:04? · Maghrib المغرب", "CALCULATED FROM", "S
{"ev": "screen", "depth": 1, "path": ["Why this time?"], "key": "d81e33b663", "pos": 1, "shot": "tablet-landscape-times-Kiswah-friday-1250__240__d1__p1.png", "labels": ["Why 7:04? · Maghrib المغرب", "Source", "Calculated
{"ev": "screen", "depth": 1, "path": ["Why this time?"], "key": "92467bdfaa", "pos": 0, "shot": "tablet-landscape-times-Kiswah-friday-1250__241__d1__p0.png", "labels": ["Why 8:24? · Isha العشاء", "CALCULATED FROM", "Sour
{"ev": "screen", "depth": 1, "path": ["Why this time?"], "key": "3a032c7b33", "pos": 1, "shot": "tablet-landscape-times-Kiswah-friday-1250__242__d1__p1.png", "labels": ["Why 8:24? · Isha العشاء", "Adhan library · Meeus a
{"ev": "set-time", "sc": "afternoon-1630", "out": "Wed Oct  7 05:30:00 UTC 2026", "t": 2668.2}
{"ev": "screen", "depth": 0, "path": [], "key": "17f659faa4", "pos": 0, "shot": "tablet-landscape-times-Kiswah-afternoon-1630__243__d0__p0.png", "labels": ["Location: ⁨Sydney, NSW⁩. Opens location settings", "SYDNEY, NSW
{"ev": "screen", "depth": 1, "path": ["Learn Salah"], "key": "ec3e18f4cf", "pos": 0, "shot": "tablet-landscape-times-Kiswah-afternoon-1630__244__d1__p0.png", "labels": ["Back", "LEARN SALAH", "الصَّلَاة", "One common for
{"ev": "screen", "depth": 1, "path": ["Monthly timetable"], "key": "bb1ec75c88", "pos": 0, "shot": "tablet-landscape-times-Kiswah-afternoon-1630__245__d1__p0.png", "labels": ["Back", "October 2026", "Rabīʿ al-Thānī – Jum
{"ev": "screen", "depth": 1, "path": ["Monthly timetable"], "key": "874850e240", "pos": 1, "shot": "tablet-landscape-times-Kiswah-afternoon-1630__246__d1__p1.png", "labels": ["Back", "October 2026", "Rabīʿ al-Thānī – Jum
{"ev": "screen", "depth": 1, "path": ["Settings"], "key": "4facd12f31", "pos": 0, "shot": "tablet-landscape-times-Kiswah-afternoon-1630__247__d1__p0.png", "labels": ["Back", "Settings", "Search settings", "Location", "Pr
{"ev": "screen", "depth": 1, "path": ["Settings"], "key": "875d00f81c", "pos": 1, "shot": "tablet-landscape-times-Kiswah-afternoon-1630__248__d1__p1.png", "labels": ["Back", "Settings", "Search settings", "Location", "Pr
{"ev": "screen", "depth": 1, "path": ["Settings"], "key": "8bb838a4c2", "pos": 2, "shot": "tablet-landscape-times-Kiswah-afternoon-1630__249__d1__p2.png", "labels": ["Back", "Settings", "Search settings", "Location", "Pr
{"ev": "screen", "depth": 1, "path": ["Settings"], "key": "0e9fc6de8d", "pos": 3, "shot": "tablet-landscape-times-Kiswah-afternoon-1630__250__d1__p3.png", "labels": ["Back", "Settings", "Search settings", "Location", "Pr
{"ev": "screen", "depth": 1, "path": ["Settings"], "key": "2e7724855c", "pos": 4, "shot": "tablet-landscape-times-Kiswah-afternoon-1630__251__d1__p4.png", "labels": ["Back", "Settings", "Search settings", "Location", "Pr
{"ev": "screen", "depth": 1, "path": ["Settings"], "key": "4d1063f93f", "pos": 5, "shot": "tablet-landscape-times-Kiswah-afternoon-1630__252__d1__p5.png", "labels": ["Back", "Settings", "Search settings", "Location", "Pr
{"ev": "screen", "depth": 1, "path": ["Why this time?"], "key": "16ff3f4be1", "pos": 0, "shot": "tablet-landscape-times-Kiswah-afternoon-1630__253__d1__p0.png", "labels": ["Why 5:00? · Fajr الفجر", "CALCULATED FROM", "So
{"ev": "screen", "depth": 1, "path": ["Why this time?"], "key": "7847cbb208", "pos": 1, "shot": "tablet-landscape-times-Kiswah-afternoon-1630__254__d1__p1.png", "labels": ["Why 5:00? · Fajr الفجر", "Source", "Calculated 
{"ev": "screen", "depth": 1, "path": ["Why this time?"], "key": "7336de8c88", "pos": 0, "shot": "tablet-landscape-times-Kiswah-afternoon-1630__255__d1__p0.png", "labels": ["Why 6:25? · Sunrise الشروق", "CALCULATED FROM",
{"ev": "screen", "depth": 1, "path": ["Why this time?"], "key": "0dd348cc73", "pos": 0, "shot": "tablet-landscape-times-Kiswah-afternoon-1630__256__d1__p0.png", "labels": ["Why 12:44? · Dhuhr الظهر", "CALCULATED FROM", "
{"ev": "screen", "depth": 1, "path": ["Why this time?"], "key": "03ec023472", "pos": 1, "shot": "tablet-landscape-times-Kiswah-afternoon-1630__257__d1__p1.png", "labels": ["Why 12:44? · Dhuhr الظهر", "Source", "Calculate
{"ev": "screen", "depth": 1, "path": ["Why this time?"], "key": "b3b331cdb2", "pos": 0, "shot": "tablet-landscape-times-Kiswah-afternoon-1630__258__d1__p0.png", "labels": ["Why 4:17? · Asr العصر", "CALCULATED FROM", "Sou
{"ev": "screen", "depth": 1, "path": ["Why this time?"], "key": "69e6dd5546", "pos": 1, "shot": "tablet-landscape-times-Kiswah-afternoon-1630__259__d1__p1.png", "labels": ["Why 4:17? · Asr العصر", "Adhan library · Meeus 
{"ev": "screen", "depth": 1, "path": ["Why this time?"], "key": "1eb7faa623", "pos": 0, "shot": "tablet-landscape-times-Kiswah-afternoon-1630__260__d1__p0.png", "labels": ["Why 7:02? · Maghrib المغرب", "CALCULATED FROM",
{"ev": "screen", "depth": 1, "path": ["Why this time?"], "key": "d81e33b663", "pos": 1, "shot": "tablet-landscape-times-Kiswah-afternoon-1630__261__d1__p1.png", "labels": ["Why 7:02? · Maghrib المغرب", "Source", "Calcula
{"ev": "screen", "depth": 1, "path": ["Why this time?"], "key": "5082421feb", "pos": 0, "shot": "tablet-landscape-times-Kiswah-afternoon-1630__262__d1__p0.png", "labels": ["Why 8:22? · Isha العشاء", "CALCULATED FROM", "S
{"ev": "screen", "depth": 1, "path": ["Why this time?"], "key": "406cda5f10", "pos": 1, "shot": "tablet-landscape-times-Kiswah-afternoon-1630__263__d1__p1.png", "labels": ["Why 8:22? · Isha العشاء", "Adhan library · Meeu
{"ev": "set-time", "sc": "maghrib-1915", "out": "Wed Oct  7 08:15:00 UTC 2026", "t": 2870.3}
{"ev": "screen", "depth": 0, "path": [], "key": "dc8cc27e9f", "pos": 0, "shot": "tablet-landscape-times-Kiswah-maghrib-1915__264__d0__p0.png", "labels": ["Location: ⁨Sydney, NSW⁩. Opens location settings", "SYDNEY, NSW",
{"ev": "screen", "depth": 1, "path": ["Learn Salah"], "key": "ec3e18f4cf", "pos": 0, "shot": "tablet-landscape-times-Kiswah-maghrib-1915__265__d1__p0.png", "labels": ["Back", "LEARN SALAH", "الصَّلَاة", "One common form 
{"ev": "screen", "depth": 1, "path": ["Monthly timetable"], "key": "bb1ec75c88", "pos": 0, "shot": "tablet-landscape-times-Kiswah-maghrib-1915__266__d1__p0.png", "labels": ["Back", "October 2026", "Rabīʿ al-Thānī – Jumād
{"ev": "screen", "depth": 1, "path": ["Monthly timetable"], "key": "874850e240", "pos": 1, "shot": "tablet-landscape-times-Kiswah-maghrib-1915__267__d1__p1.png", "labels": ["Back", "October 2026", "Rabīʿ al-Thānī – Jumād
{"ev": "screen", "depth": 1, "path": ["Settings"], "key": "6069cd2347", "pos": 0, "shot": "tablet-landscape-times-Kiswah-maghrib-1915__268__d1__p0.png", "labels": ["Back", "Settings", "Search settings", "Location", "Pray
{"ev": "screen", "depth": 1, "path": ["Settings"], "key": "5362b74f03", "pos": 1, "shot": "tablet-landscape-times-Kiswah-maghrib-1915__269__d1__p1.png", "labels": ["Back", "Settings", "Search settings", "Location", "Pray
{"ev": "screen", "depth": 1, "path": ["Settings"], "key": "cd0238ad67", "pos": 2, "shot": "tablet-landscape-times-Kiswah-maghrib-1915__270__d1__p2.png", "labels": ["Back", "Settings", "Search settings", "Location", "Pray
{"ev": "screen", "depth": 1, "path": ["Settings"], "key": "793a84a1e9", "pos": 3, "shot": "tablet-landscape-times-Kiswah-maghrib-1915__271__d1__p3.png", "labels": ["Back", "Settings", "Search settings", "Location", "Pray
{"ev": "screen", "depth": 1, "path": ["Settings"], "key": "936ca7dbf0", "pos": 4, "shot": "tablet-landscape-times-Kiswah-maghrib-1915__272__d1__p4.png", "labels": ["Back", "Settings", "Search settings", "Location", "Pray
{"ev": "screen", "depth": 1, "path": ["Settings"], "key": "4d1063f93f", "pos": 5, "shot": "tablet-landscape-times-Kiswah-maghrib-1915__273__d1__p5.png", "labels": ["Back", "Settings", "Search settings", "Location", "Pray
{"ev": "screen", "depth": 1, "path": ["Why this time?"], "key": "16ff3f4be1", "pos": 0, "shot": "tablet-landscape-times-Kiswah-maghrib-1915__274__d1__p0.png", "labels": ["Why 5:00? · Fajr الفجر", "CALCULATED FROM", "Sour
{"ev": "screen", "depth": 1, "path": ["Why this time?"], "key": "7847cbb208", "pos": 1, "shot": "tablet-landscape-times-Kiswah-maghrib-1915__275__d1__p1.png", "labels": ["Why 5:00? · Fajr الفجر", "Source", "Calculated on
{"ev": "screen", "depth": 1, "path": ["Why this time?"], "key": "7336de8c88", "pos": 0, "shot": "tablet-landscape-times-Kiswah-maghrib-1915__276__d1__p0.png", "labels": ["Why 6:25? · Sunrise الشروق", "CALCULATED FROM", "
{"ev": "screen", "depth": 1, "path": ["Why this time?"], "key": "0dd348cc73", "pos": 0, "shot": "tablet-landscape-times-Kiswah-maghrib-1915__277__d1__p0.png", "labels": ["Why 12:44? · Dhuhr الظهر", "CALCULATED FROM", "So
{"ev": "screen", "depth": 1, "path": ["Why this time?"], "key": "03ec023472", "pos": 1, "shot": "tablet-landscape-times-Kiswah-maghrib-1915__278__d1__p1.png", "labels": ["Why 12:44? · Dhuhr الظهر", "Source", "Calculated 
{"ev": "screen", "depth": 1, "path": ["Why this time?"], "key": "b3b331cdb2", "pos": 0, "shot": "tablet-landscape-times-Kiswah-maghrib-1915__279__d1__p0.png", "labels": ["Why 4:17? · Asr العصر", "CALCULATED FROM", "Sourc
{"ev": "screen", "depth": 1, "path": ["Why this time?"], "key": "69e6dd5546", "pos": 1, "shot": "tablet-landscape-times-Kiswah-maghrib-1915__280__d1__p1.png", "labels": ["Why 4:17? · Asr العصر", "Adhan library · Meeus as
{"ev": "screen", "depth": 1, "path": ["Why this time?"], "key": "1eb7faa623", "pos": 0, "shot": "tablet-landscape-times-Kiswah-maghrib-1915__281__d1__p0.png", "labels": ["Why 7:02? · Maghrib المغرب", "CALCULATED FROM", "
{"ev": "screen", "depth": 1, "path": ["Why this time?"], "key": "d81e33b663", "pos": 1, "shot": "tablet-landscape-times-Kiswah-maghrib-1915__282__d1__p1.png", "labels": ["Why 7:02? · Maghrib المغرب", "Source", "Calculate
{"ev": "back-mismatch", "label": "Why this time?", "path": [], "t": 3051.9}
{"ev": "screen", "depth": 1, "path": ["Why this time?"], "key": "5082421feb", "pos": 0, "shot": "tablet-landscape-times-Kiswah-maghrib-1915__283__d1__p0.png", "labels": ["Why 8:22? · Isha العشاء", "CALCULATED FROM", "Sou
{"ev": "screen", "depth": 1, "path": ["Why this time?"], "key": "406cda5f10", "pos": 1, "shot": "tablet-landscape-times-Kiswah-maghrib-1915__284__d1__p1.png", "labels": ["Why 8:22? · Isha العشاء", "Adhan library · Meeus 
{"ev": "set-time", "sc": "night-2230", "out": "Wed Oct  7 11:30:00 UTC 2026", "t": 3080.2}
{"ev": "screen", "depth": 0, "path": [], "key": "79f53c33cd", "pos": 0, "shot": "tablet-landscape-times-Kiswah-night-2230__285__d0__p0.png", "labels": ["Location: ⁨Sydney, NSW⁩. Opens location settings", "SYDNEY, NSW", "
{"ev": "screen", "depth": 1, "path": ["Learn Salah"], "key": "ec3e18f4cf", "pos": 0, "shot": "tablet-landscape-times-Kiswah-night-2230__286__d1__p0.png", "labels": ["Back", "LEARN SALAH", "الصَّلَاة", "One common form of
{"ev": "screen", "depth": 1, "path": ["Monthly timetable"], "key": "bb1ec75c88", "pos": 0, "shot": "tablet-landscape-times-Kiswah-night-2230__287__d1__p0.png", "labels": ["Back", "October 2026", "Rabīʿ al-Thānī – Jumādā 
{"ev": "screen", "depth": 1, "path": ["Monthly timetable"], "key": "874850e240", "pos": 1, "shot": "tablet-landscape-times-Kiswah-night-2230__288__d1__p1.png", "labels": ["Back", "October 2026", "Rabīʿ al-Thānī – Jumādā 
{"ev": "screen", "depth": 1, "path": ["Settings"], "key": "9fabed1753", "pos": 0, "shot": "tablet-landscape-times-Kiswah-night-2230__289__d1__p0.png", "labels": ["Back", "Settings", "Search settings", "Location", "Prayer
{"ev": "screen", "depth": 1, "path": ["Settings"], "key": "d48eea8b55", "pos": 1, "shot": "tablet-landscape-times-Kiswah-night-2230__290__d1__p1.png", "labels": ["Back", "Settings", "Search settings", "Location", "Prayer
{"ev": "screen", "depth": 1, "path": ["Settings"], "key": "cd0238ad67", "pos": 2, "shot": "tablet-landscape-times-Kiswah-night-2230__291__d1__p2.png", "labels": ["Back", "Settings", "Search settings", "Location", "Prayer
{"ev": "screen", "depth": 1, "path": ["Settings"], "key": "793a84a1e9", "pos": 3, "shot": "tablet-landscape-times-Kiswah-night-2230__292__d1__p3.png", "labels": ["Back", "Settings", "Search settings", "Location", "Prayer
{"ev": "screen", "depth": 1, "path": ["Settings"], "key": "936ca7dbf0", "pos": 4, "shot": "tablet-landscape-times-Kiswah-night-2230__293__d1__p4.png", "labels": ["Back", "Settings", "Search settings", "Location", "Prayer
{"ev": "screen", "depth": 1, "path": ["Settings"], "key": "4d1063f93f", "pos": 5, "shot": "tablet-landscape-times-Kiswah-night-2230__294__d1__p5.png", "labels": ["Back", "Settings", "Search settings", "Location", "Prayer
{"ev": "screen", "depth": 1, "path": ["Why this time?"], "key": "16ff3f4be1", "pos": 0, "shot": "tablet-landscape-times-Kiswah-night-2230__295__d1__p0.png", "labels": ["Why 5:00? · Fajr الفجر", "CALCULATED FROM", "Source
{"ev": "screen", "depth": 1, "path": ["Why this time?"], "key": "7847cbb208", "pos": 1, "shot": "tablet-landscape-times-Kiswah-night-2230__296__d1__p1.png", "labels": ["Why 5:00? · Fajr الفجر", "Source", "Calculated on t
{"ev": "screen", "depth": 1, "path": ["Why this time?"], "key": "7336de8c88", "pos": 0, "shot": "tablet-landscape-times-Kiswah-night-2230__297__d1__p0.png", "labels": ["Why 6:25? · Sunrise الشروق", "CALCULATED FROM", "So
{"ev": "screen", "depth": 1, "path": ["Why this time?"], "key": "0dd348cc73", "pos": 0, "shot": "tablet-landscape-times-Kiswah-night-2230__298__d1__p0.png", "labels": ["Why 12:44? · Dhuhr الظهر", "CALCULATED FROM", "Sour
{"ev": "screen", "depth": 1, "path": ["Why this time?"], "key": "03ec023472", "pos": 1, "shot": "tablet-landscape-times-Kiswah-night-2230__299__d1__p1.png", "labels": ["Why 12:44? · Dhuhr الظهر", "Source", "Calculated on
{"ev": "screen", "depth": 1, "path": ["Why this time?"], "key": "b3b331cdb2", "pos": 0, "shot": "tablet-landscape-times-Kiswah-night-2230__300__d1__p0.png", "labels": ["Why 4:17? · Asr العصر", "CALCULATED FROM", "Source"
{"ev": "screen", "depth": 1, "path": ["Why this time?"], "key": "69e6dd5546", "pos": 1, "shot": "tablet-landscape-times-Kiswah-night-2230__301__d1__p1.png", "labels": ["Why 4:17? · Asr العصر", "Adhan library · Meeus astr
{"ev": "screen", "depth": 1, "path": ["Why this time?"], "key": "1eb7faa623", "pos": 0, "shot": "tablet-landscape-times-Kiswah-night-2230__302__d1__p0.png", "labels": ["Why 7:02? · Maghrib المغرب", "CALCULATED FROM", "So
{"ev": "screen", "depth": 1, "path": ["Why this time?"], "key": "d81e33b663", "pos": 1, "shot": "tablet-landscape-times-Kiswah-night-2230__303__d1__p1.png", "labels": ["Why 7:02? · Maghrib المغرب", "Source", "Calculated 
{"ev": "screen", "depth": 1, "path": ["Why this time?"], "key": "5082421feb", "pos": 0, "shot": "tablet-landscape-times-Kiswah-night-2230__304__d1__p0.png", "labels": ["Why 8:22? · Isha العشاء", "CALCULATED FROM", "Sourc
{"ev": "screen", "depth": 1, "path": ["Why this time?"], "key": "406cda5f10", "pos": 1, "shot": "tablet-landscape-times-Kiswah-night-2230__305__d1__p1.png", "labels": ["Why 8:22? · Isha العشاء", "Adhan library · Meeus as
{"ev": "theme-set", "kw": "Celestial", "t": 3293.8}
{"ev": "set-time", "sc": "predawn-0430", "out": "Mon Oct  5 17:30:00 UTC 2026", "t": 3301.5}
{"ev": "screen", "depth": 0, "path": [], "key": "9164a5146a", "pos": 0, "shot": "tablet-landscape-times-Celestial-predawn-0430__306__d0__p0.png", "labels": ["Location: ⁨Sydney, NSW⁩. Opens location settings", "Sydney, NS
{"ev": "screen", "depth": 1, "path": ["Why this time?"], "key": "16ff3f4be1", "pos": 0, "shot": "tablet-landscape-times-Celestial-predawn-0430__307__d1__p0.png", "labels": ["Why 5:01? · Fajr الفجر", "CALCULATED FROM", "S
{"ev": "screen", "depth": 1, "path": ["Why this time?"], "key": "7847cbb208", "pos": 1, "shot": "tablet-landscape-times-Celestial-predawn-0430__308__d1__p1.png", "labels": ["Why 5:01? · Fajr الفجر", "Source", "Calculated
{"ev": "screen", "depth": 1, "path": ["Why this time?"], "key": "7336de8c88", "pos": 0, "shot": "tablet-landscape-times-Celestial-predawn-0430__309__d1__p0.png", "labels": ["Why 6:26? · Sunrise الشروق", "CALCULATED FROM"
{"ev": "screen", "depth": 1, "path": ["Why this time?"], "key": "0dd348cc73", "pos": 0, "shot": "tablet-landscape-times-Celestial-predawn-0430__310__d1__p0.png", "labels": ["Why 12:44? · Dhuhr الظهر", "CALCULATED FROM", 
{"ev": "screen", "depth": 1, "path": ["Why this time?"], "key": "03ec023472", "pos": 1, "shot": "tablet-landscape-times-Celestial-predawn-0430__311__d1__p1.png", "labels": ["Why 12:44? · Dhuhr الظهر", "Source", "Calculat
{"ev": "screen", "depth": 1, "path": ["Why this time?"], "key": "b3b331cdb2", "pos": 0, "shot": "tablet-landscape-times-Celestial-predawn-0430__312__d1__p0.png", "labels": ["Why 4:17? · Asr العصر", "CALCULATED FROM", "So
{"ev": "screen", "depth": 1, "path": ["Why this time?"], "key": "69e6dd5546", "pos": 1, "shot": "tablet-landscape-times-Celestial-predawn-0430__313__d1__p1.png", "labels": ["Why 4:17? · Asr العصر", "Adhan library · Meeus
{"ev": "screen", "depth": 1, "path": ["Why this time?"], "key": "1eb7faa623", "pos": 0, "shot": "tablet-landscape-times-Celestial-predawn-0430__314__d1__p0.png", "labels": ["Why 7:01? · Maghrib المغرب", "CALCULATED FROM"
{"ev": "screen", "depth": 1, "path": ["Why this time?"], "key": "d81e33b663", "pos": 1, "shot": "tablet-landscape-times-Celestial-predawn-0430__315__d1__p1.png", "labels": ["Why 7:01? · Maghrib المغرب", "Source", "Calcul
{"ev": "screen", "depth": 1, "path": ["Why this time?"], "key": "5082421feb", "pos": 0, "shot": "tablet-landscape-times-Celestial-predawn-0430__316__d1__p0.png", "labels": ["Why 8:21? · Isha العشاء", "CALCULATED FROM", "
{"ev": "screen", "depth": 1, "path": ["Why this time?"], "key": "406cda5f10", "pos": 1, "shot": "tablet-landscape-times-Celestial-predawn-0430__317__d1__p1.png", "labels": ["Why 8:21? · Isha العشاء", "Adhan library · Mee
{"ev": "screen", "depth": 1, "path": ["Qibla ⁨277° W⁩"], "key": "35f4f1cb86", "pos": 0, "shot": "tablet-landscape-times-Celestial-predawn-0430__318__d1__p0.png", "labels": ["Back", "Qibla", "القبلة", "277°  W", "from tru
{"ev": "set-time", "sc": "morning-0545", "out": "Mon Oct  5 18:45:00 UTC 2026", "t": 3459.7}
{"ev": "screen", "depth": 0, "path": [], "key": "d2da2e7f7b", "pos": 0, "shot": "tablet-landscape-times-Celestial-morning-0545__319__d0__p0.png", "labels": ["Location: ⁨Sydney, NSW⁩. Opens location settings", "Sydney, NS
{"ev": "screen", "depth": 1, "path": ["Why this time?"], "key": "16ff3f4be1", "pos": 0, "shot": "tablet-landscape-times-Celestial-morning-0545__320__d1__p0.png", "labels": ["Why 5:01? · Fajr الفجر", "CALCULATED FROM", "S
{"ev": "screen", "depth": 1, "path": ["Why this time?"], "key": "7847cbb208", "pos": 1, "shot": "tablet-landscape-times-Celestial-morning-0545__321__d1__p1.png", "labels": ["Why 5:01? · Fajr الفجر", "Source", "Calculated
{"ev": "screen", "depth": 1, "path": ["Why this time?"], "key": "7336de8c88", "pos": 0, "shot": "tablet-landscape-times-Celestial-morning-0545__322__d1__p0.png", "labels": ["Why 6:26? · Sunrise الشروق", "CALCULATED FROM"
{"ev": "screen", "depth": 1, "path": ["Why this time?"], "key": "0dd348cc73", "pos": 0, "shot": "tablet-landscape-times-Celestial-morning-0545__323__d1__p0.png", "labels": ["Why 12:44? · Dhuhr الظهر", "CALCULATED FROM", 
{"ev": "screen", "depth": 1, "path": ["Why this time?"], "key": "03ec023472", "pos": 1, "shot": "tablet-landscape-times-Celestial-morning-0545__324__d1__p1.png", "labels": ["Why 12:44? · Dhuhr الظهر", "Source", "Calculat
{"ev": "screen", "depth": 1, "path": ["Why this time?"], "key": "b3b331cdb2", "pos": 0, "shot": "tablet-landscape-times-Celestial-morning-0545__325__d1__p0.png", "labels": ["Why 4:17? · Asr العصر", "CALCULATED FROM", "So
{"ev": "screen", "depth": 1, "path": ["Why this time?"], "key": "69e6dd5546", "pos": 1, "shot": "tablet-landscape-times-Celestial-morning-0545__326__d1__p1.png", "labels": ["Why 4:17? · Asr العصر", "Adhan library · Meeus
{"ev": "screen", "depth": 1, "path": ["Why this time?"], "key": "1eb7faa623", "pos": 0, "shot": "tablet-landscape-times-Celestial-morning-0545__327__d1__p0.png", "labels": ["Why 7:01? · Maghrib المغرب", "CALCULATED FROM"
{"ev": "screen", "depth": 1, "path": ["Why this time?"], "key": "d81e33b663", "pos": 1, "shot": "tablet-landscape-times-Celestial-morning-0545__328__d1__p1.png", "labels": ["Why 7:01? · Maghrib المغرب", "Source", "Calcul
{"ev": "screen", "depth": 1, "path": ["Why this time?"], "key": "5082421feb", "pos": 0, "shot": "tablet-landscape-times-Celestial-morning-0545__329__d1__p0.png", "labels": ["Why 8:21? · Isha العشاء", "CALCULATED FROM", "
{"ev": "screen", "depth": 1, "path": ["Why this time?"], "key": "406cda5f10", "pos": 1, "shot": "tablet-landscape-times-Celestial-morning-0545__330__d1__p1.png", "labels": ["Why 8:21? · Isha العشاء", "Adhan library · Mee
{"ev": "back-mismatch", "label": "Why this time?", "path": [], "t": 3588.2}
{"ev": "screen", "depth": 1, "path": ["Qibla ⁨277° W⁩"], "key": "35f4f1cb86", "pos": 0, "shot": "tablet-landscape-times-Celestial-morning-0545__331__d1__p0.png", "labels": ["Back", "Qibla", "القبلة", "277°  W", "from tru
{"ev": "back-mismatch", "label": "Qibla ⁨277° W⁩", "path": [], "t": 3619.6}
{"ev": "screen", "depth": 1, "path": ["Morning adhkār"], "key": "559eb149ac", "pos": 0, "shot": "tablet-landscape-times-Celestial-morning-0545__332__d1__p0.png", "labels": ["Back", "Morning adhkār", "أذكار الصباح", "0 of
{"ev": "back-mismatch", "label": "Morning adhkār", "path": [], "t": 3641.7}
{"ev": "set-time", "sc": "forenoon-0930", "out": "Mon Oct  5 22:30:00 UTC 2026", "t": 3650.3}
{"ev": "screen", "depth": 0, "path": [], "key": "35576d38f4", "pos": 0, "shot": "tablet-landscape-times-Celestial-forenoon-0930__333__d0__p0.png", "labels": ["Location: ⁨Sydney, NSW⁩. Opens location settings", "Sydney, N
{"ev": "screen", "depth": 1, "path": ["Why this time?"], "key": "16ff3f4be1", "pos": 0, "shot": "tablet-landscape-times-Celestial-forenoon-0930__334__d1__p0.png", "labels": ["Why 5:01? · Fajr الفجر", "CALCULATED FROM", "
{"ev": "screen", "depth": 1, "path": ["Why this time?"], "key": "7847cbb208", "pos": 1, "shot": "tablet-landscape-times-Celestial-forenoon-0930__335__d1__p1.png", "labels": ["Why 5:01? · Fajr الفجر", "Source", "Calculate
{"ev": "screen", "depth": 1, "path": ["Why this time?"], "key": "7336de8c88", "pos": 0, "shot": "tablet-landscape-times-Celestial-forenoon-0930__336__d1__p0.png", "labels": ["Why 6:26? · Sunrise الشروق", "CALCULATED FROM
{"ev": "screen", "depth": 1, "path": ["Why this time?"], "key": "0dd348cc73", "pos": 0, "shot": "tablet-landscape-times-Celestial-forenoon-0930__337__d1__p0.png", "labels": ["Why 12:44? · Dhuhr الظهر", "CALCULATED FROM",
{"ev": "screen", "depth": 1, "path": ["Why this time?"], "key": "03ec023472", "pos": 1, "shot": "tablet-landscape-times-Celestial-forenoon-0930__338__d1__p1.png", "labels": ["Why 12:44? · Dhuhr الظهر", "Source", "Calcula
{"ev": "screen", "depth": 1, "path": ["Why this time?"], "key": "b3b331cdb2", "pos": 0, "shot": "tablet-landscape-times-Celestial-forenoon-0930__339__d1__p0.png", "labels": ["Why 4:17? · Asr العصر", "CALCULATED FROM", "S
{"ev": "screen", "depth": 1, "path": ["Why this time?"], "key": "69e6dd5546", "pos": 1, "shot": "tablet-landscape-times-Celestial-forenoon-0930__340__d1__p1.png", "labels": ["Why 4:17? · Asr العصر", "Adhan library · Meeu
{"ev": "screen", "depth": 1, "path": ["Why this time?"], "key": "1eb7faa623", "pos": 0, "shot": "tablet-landscape-times-Celestial-forenoon-0930__341__d1__p0.png", "labels": ["Why 7:01? · Maghrib المغرب", "CALCULATED FROM
{"ev": "screen", "depth": 1, "path": ["Why this time?"], "key": "d81e33b663", "pos": 1, "shot": "tablet-landscape-times-Celestial-forenoon-0930__342__d1__p1.png", "labels": ["Why 7:01? · Maghrib المغرب", "Source", "Calcu
{"ev": "screen", "depth": 1, "path": ["Why this time?"], "key": "5082421feb", "pos": 0, "shot": "tablet-landscape-times-Celestial-forenoon-0930__343__d1__p0.png", "labels": ["Why 8:21? · Isha العشاء", "CALCULATED FROM", 
{"ev": "screen", "depth": 1, "path": ["Why this time?"], "key": "406cda5f10", "pos": 1, "shot": "tablet-landscape-times-Celestial-forenoon-0930__344__d1__p1.png", "labels": ["Why 8:21? · Isha العشاء", "Adhan library · Me
{"ev": "screen", "depth": 1, "path": ["Qibla ⁨277° W⁩"], "key": "35f4f1cb86", "pos": 0, "shot": "tablet-landscape-times-Celestial-forenoon-0930__345__d1__p0.png", "labels": ["Back", "Qibla", "القبلة", "277°  W", "from tr
{"ev": "screen", "depth": 1, "path": ["Morning adhkār"], "key": "559eb149ac", "pos": 0, "shot": "tablet-landscape-times-Celestial-forenoon-0930__346__d1__p0.png", "labels": ["Back", "Morning adhkār", "أذكار الصباح", "0 o
{"ev": "set-time", "sc": "friday-1250", "out": "Fri Oct  9 01:50:00 UTC 2026", "t": 3821.5}
{"ev": "screen", "depth": 0, "path": [], "key": "824cf20782", "pos": 0, "shot": "tablet-landscape-times-Celestial-friday-1250__347__d0__p0.png", "labels": ["Location: ⁨Sydney, NSW⁩. Opens location settings", "Sydney, NSW
{"ev": "screen", "depth": 1, "path": ["Why this time?"], "key": "16ff3f4be1", "pos": 0, "shot": "tablet-landscape-times-Celestial-friday-1250__348__d1__p0.png", "labels": ["Why 4:57? · Fajr الفجر", "CALCULATED FROM", "So
{"ev": "screen", "depth": 1, "path": ["Why this time?"], "key": "7847cbb208", "pos": 1, "shot": "tablet-landscape-times-Celestial-friday-1250__349__d1__p1.png", "labels": ["Why 4:57? · Fajr الفجر", "Source", "Calculated 
{"ev": "screen", "depth": 1, "path": ["Why this time?"], "key": "7336de8c88", "pos": 0, "shot": "tablet-landscape-times-Celestial-friday-1250__350__d1__p0.png", "labels": ["Why 6:22? · Sunrise الشروق", "CALCULATED FROM",
{"ev": "screen", "depth": 1, "path": ["Why this time?"], "key": "0dd348cc73", "pos": 0, "shot": "tablet-landscape-times-Celestial-friday-1250__351__d1__p0.png", "labels": ["Why 12:44? · Dhuhr الظهر", "CALCULATED FROM", "
{"ev": "screen", "depth": 1, "path": ["Why this time?"], "key": "03ec023472", "pos": 1, "shot": "tablet-landscape-times-Celestial-friday-1250__352__d1__p1.png", "labels": ["Why 12:44? · Dhuhr الظهر", "Source", "Calculate
{"ev": "screen", "depth": 1, "path": ["Why this time?"], "key": "b3b331cdb2", "pos": 0, "shot": "tablet-landscape-times-Celestial-friday-1250__353__d1__p0.png", "labels": ["Why 4:18? · Asr العصر", "CALCULATED FROM", "Sou
{"ev": "screen", "depth": 1, "path": ["Why this time?"], "key": "69e6dd5546", "pos": 1, "shot": "tablet-landscape-times-Celestial-friday-1250__354__d1__p1.png", "labels": ["Why 4:18? · Asr العصر", "Adhan library · Meeus 
{"ev": "screen", "depth": 1, "path": ["Why this time?"], "key": "1eb7faa623", "pos": 0, "shot": "tablet-landscape-times-Celestial-friday-1250__355__d1__p0.png", "labels": ["Why 7:04? · Maghrib المغرب", "CALCULATED FROM",
{"ev": "screen", "depth": 1, "path": ["Why this time?"], "key": "d81e33b663", "pos": 1, "shot": "tablet-landscape-times-Celestial-friday-1250__356__d1__p1.png", "labels": ["Why 7:04? · Maghrib المغرب", "Source", "Calcula
{"ev": "screen", "depth": 1, "path": ["Why this time?"], "key": "92467bdfaa", "pos": 0, "shot": "tablet-landscape-times-Celestial-friday-1250__357__d1__p0.png", "labels": ["Why 8:24? · Isha العشاء", "CALCULATED FROM", "S
{"ev": "screen", "depth": 1, "path": ["Why this time?"], "key": "3a032c7b33", "pos": 1, "shot": "tablet-landscape-times-Celestial-friday-1250__358__d1__p1.png", "labels": ["Why 8:24? · Isha العشاء", "Adhan library · Meeu
{"ev": "no-change", "label": "Friday 9 October 2026", "shot": "tablet-landscape-times-Celestial-friday-1250__359__same__Friday_9_October_2026.png", "path": [], "t": 3956.8}
{"ev": "screen", "depth": 1, "path": ["Qibla ⁨277° W⁩"], "key": "35f4f1cb86", "pos": 0, "shot": "tablet-landscape-times-Celestial-friday-1250__360__d1__p0.png", "labels": ["Back", "Qibla", "القبلة", "277°  W", "from true
{"ev": "screen", "depth": 1, "path": ["Jumuʿah · al-Kahf · ṣalawāt"], "key": "57830d3e4b", "pos": 0, "shot": "tablet-landscape-times-Celestial-friday-1250__361__d1__p0.png", "labels": ["Back", "Jumuʿah", "يوم الجمعة  ·  
{"ev": "screen", "depth": 1, "path": ["Jumuʿah · al-Kahf · ṣalawāt"], "key": "116fbee060", "pos": 1, "shot": "tablet-landscape-times-Celestial-friday-1250__362__d1__p1.png", "labels": ["يوم الجمعة  ·  9 October", "\"The 
{"ev": "set-time", "sc": "afternoon-1630", "out": "Wed Oct  7 05:30:00 UTC 2026", "t": 4006.2}
{"ev": "screen", "depth": 0, "path": [], "key": "af81b312d3", "pos": 0, "shot": "tablet-landscape-times-Celestial-afternoon-1630__363__d0__p0.png", "labels": ["Location: ⁨Sydney, NSW⁩. Opens location settings", "Sydney, 
{"ev": "screen", "depth": 1, "path": ["Why this time?"], "key": "16ff3f4be1", "pos": 0, "shot": "tablet-landscape-times-Celestial-afternoon-1630__364__d1__p0.png", "labels": ["Why 5:00? · Fajr الفجر", "CALCULATED FROM", 
{"ev": "screen", "depth": 1, "path": ["Why this time?"], "key": "7847cbb208", "pos": 1, "shot": "tablet-landscape-times-Celestial-afternoon-1630__365__d1__p1.png", "labels": ["Why 5:00? · Fajr الفجر", "Source", "Calculat
{"ev": "screen", "depth": 1, "path": ["Why this time?"], "key": "7336de8c88", "pos": 0, "shot": "tablet-landscape-times-Celestial-afternoon-1630__366__d1__p0.png", "labels": ["Why 6:25? · Sunrise الشروق", "CALCULATED FRO
{"ev": "screen", "depth": 1, "path": ["Why this time?"], "key": "0dd348cc73", "pos": 0, "shot": "tablet-landscape-times-Celestial-afternoon-1630__367__d1__p0.png", "labels": ["Why 12:44? · Dhuhr الظهر", "CALCULATED FROM"
{"ev": "screen", "depth": 1, "path": ["Why this time?"], "key": "03ec023472", "pos": 1, "shot": "tablet-landscape-times-Celestial-afternoon-1630__368__d1__p1.png", "labels": ["Why 12:44? · Dhuhr الظهر", "Source", "Calcul
{"ev": "screen", "depth": 1, "path": ["Why this time?"], "key": "b3b331cdb2", "pos": 0, "shot": "tablet-landscape-times-Celestial-afternoon-1630__369__d1__p0.png", "labels": ["Why 4:17? · Asr العصر", "CALCULATED FROM", "
{"ev": "screen", "depth": 1, "path": ["Why this time?"], "key": "69e6dd5546", "pos": 1, "shot": "tablet-landscape-times-Celestial-afternoon-1630__370__d1__p1.png", "labels": ["Why 4:17? · Asr العصر", "Adhan library · Mee
{"ev": "screen", "depth": 1, "path": ["Why this time?"], "key": "1eb7faa623", "pos": 0, "shot": "tablet-landscape-times-Celestial-afternoon-1630__371__d1__p0.png", "labels": ["Why 7:02? · Maghrib المغرب", "CALCULATED FRO
{"ev": "screen", "depth": 1, "path": ["Why this time?"], "key": "d81e33b663", "pos": 1, "shot": "tablet-landscape-times-Celestial-afternoon-1630__372__d1__p1.png", "labels": ["Why 7:02? · Maghrib المغرب", "Source", "Calc
{"ev": "screen", "depth": 1, "path": ["Why this time?"], "key": "5082421feb", "pos": 0, "shot": "tablet-landscape-times-Celestial-afternoon-1630__373__d1__p0.png", "labels": ["Why 8:22? · Isha العشاء", "CALCULATED FROM",
{"ev": "screen", "depth": 1, "path": ["Why this time?"], "key": "406cda5f10", "pos": 1, "shot": "tablet-landscape-times-Celestial-afternoon-1630__374__d1__p1.png", "labels": ["Why 8:22? · Isha العشاء", "Adhan library · M
{"ev": "screen", "depth": 1, "path": ["Qibla ⁨277° W⁩"], "key": "35f4f1cb86", "pos": 0, "shot": "tablet-landscape-times-Celestial-afternoon-1630__375__d1__p0.png", "labels": ["Back", "Qibla", "القبلة", "277°  W", "from t
{"ev": "screen", "depth": 1, "path": ["Evening adhkār"], "key": "da917ac395", "pos": 0, "shot": "tablet-landscape-times-Celestial-afternoon-1630__376__d1__p0.png", "labels": ["Back", "Evening adhkār", "أذكار المساء", "0 
{"ev": "set-time", "sc": "maghrib-1915", "out": "Wed Oct  7 08:15:00 UTC 2026", "t": 4178.0}
{"ev": "screen", "depth": 0, "path": [], "key": "1fb61a3c7a", "pos": 0, "shot": "tablet-landscape-times-Celestial-maghrib-1915__377__d0__p0.png", "labels": ["Location: ⁨Sydney, NSW⁩. Opens location settings", "Sydney, NS
{"ev": "screen", "depth": 1, "path": ["Why this time?"], "key": "16ff3f4be1", "pos": 0, "shot": "tablet-landscape-times-Celestial-maghrib-1915__378__d1__p0.png", "labels": ["Why 5:00? · Fajr الفجر", "CALCULATED FROM", "S
{"ev": "screen", "depth": 1, "path": ["Why this time?"], "key": "7847cbb208", "pos": 1, "shot": "tablet-landscape-times-Celestial-maghrib-1915__379__d1__p1.png", "labels": ["Why 5:00? · Fajr الفجر", "Source", "Calculated
{"ev": "screen", "depth": 1, "path": ["Why this time?"], "key": "7336de8c88", "pos": 0, "shot": "tablet-landscape-times-Celestial-maghrib-1915__380__d1__p0.png", "labels": ["Why 6:25? · Sunrise الشروق", "CALCULATED FROM"
{"ev": "screen", "depth": 1, "path": ["Why this time?"], "key": "0dd348cc73", "pos": 0, "shot": "tablet-landscape-times-Celestial-maghrib-1915__381__d1__p0.png", "labels": ["Why 12:44? · Dhuhr الظهر", "CALCULATED FROM", 
{"ev": "screen", "depth": 1, "path": ["Why this time?"], "key": "03ec023472", "pos": 1, "shot": "tablet-landscape-times-Celestial-maghrib-1915__382__d1__p1.png", "labels": ["Why 12:44? · Dhuhr الظهر", "Source", "Calculat
{"ev": "screen", "depth": 1, "path": ["Why this time?"], "key": "b3b331cdb2", "pos": 0, "shot": "tablet-landscape-times-Celestial-maghrib-1915__383__d1__p0.png", "labels": ["Why 4:17? · Asr العصر", "CALCULATED FROM", "So
{"ev": "screen", "depth": 1, "path": ["Why this time?"], "key": "69e6dd5546", "pos": 1, "shot": "tablet-landscape-times-Celestial-maghrib-1915__384__d1__p1.png", "labels": ["Why 4:17? · Asr العصر", "Adhan library · Meeus
{"ev": "screen", "depth": 1, "path": ["Why this time?"], "key": "1eb7faa623", "pos": 0, "shot": "tablet-landscape-times-Celestial-maghrib-1915__385__d1__p0.png", "labels": ["Why 7:02? · Maghrib المغرب", "CALCULATED FROM"
{"ev": "screen", "depth": 1, "path": ["Why this time?"], "key": "d81e33b663", "pos": 1, "shot": "tablet-landscape-times-Celestial-maghrib-1915__386__d1__p1.png", "labels": ["Why 7:02? · Maghrib المغرب", "Source", "Calcul
{"ev": "screen", "depth": 1, "path": ["Why this time?"], "key": "5082421feb", "pos": 0, "shot": "tablet-landscape-times-Celestial-maghrib-1915__387__d1__p0.png", "labels": ["Why 8:22? · Isha العشاء", "CALCULATED FROM", "
{"ev": "screen", "depth": 1, "path": ["Why this time?"], "key": "406cda5f10", "pos": 1, "shot": "tablet-landscape-times-Celestial-maghrib-1915__388__d1__p1.png", "labels": ["Why 8:22? · Isha العشاء", "Adhan library · Mee
{"ev": "screen", "depth": 1, "path": ["Qibla ⁨277° W⁩"], "key": "35f4f1cb86", "pos": 0, "shot": "tablet-landscape-times-Celestial-maghrib-1915__389__d1__p0.png", "labels": ["Back", "Qibla", "القبلة", "277°  W", "from tru
{"ev": "screen", "depth": 1, "path": ["Evening adhkār"], "key": "da917ac395", "pos": 0, "shot": "tablet-landscape-times-Celestial-maghrib-1915__390__d1__p0.png", "labels": ["Back", "Evening adhkār", "أذكار المساء", "0 of
{"ev": "set-time", "sc": "night-2230", "out": "Wed Oct  7 11:30:00 UTC 2026", "t": 4348.1}
{"ev": "screen", "depth": 0, "path": [], "key": "4fdc48f162", "pos": 0, "shot": "tablet-landscape-times-Celestial-night-2230__391__d0__p0.png", "labels": ["Location: ⁨Sydney, NSW⁩. Opens location settings", "Sydney, NSW"
{"ev": "screen", "depth": 1, "path": ["Why this time?"], "key": "16ff3f4be1", "pos": 0, "shot": "tablet-landscape-times-Celestial-night-2230__392__d1__p0.png", "labels": ["Why 5:00? · Fajr الفجر", "CALCULATED FROM", "Sou
{"ev": "screen", "depth": 1, "path": ["Why this time?"], "key": "7847cbb208", "pos": 1, "shot": "tablet-landscape-times-Celestial-night-2230__393__d1__p1.png", "labels": ["Why 5:00? · Fajr الفجر", "Source", "Calculated o
{"ev": "screen", "depth": 1, "path": ["Why this time?"], "key": "7336de8c88", "pos": 0, "shot": "tablet-landscape-times-Celestial-night-2230__394__d1__p0.png", "labels": ["Why 6:25? · Sunrise الشروق", "CALCULATED FROM", 
{"ev": "screen", "depth": 1, "path": ["Why this time?"], "key": "0dd348cc73", "pos": 0, "shot": "tablet-landscape-times-Celestial-night-2230__395__d1__p0.png", "labels": ["Why 12:44? · Dhuhr الظهر", "CALCULATED FROM", "S
{"ev": "screen", "depth": 1, "path": ["Why this time?"], "key": "03ec023472", "pos": 1, "shot": "tablet-landscape-times-Celestial-night-2230__396__d1__p1.png", "labels": ["Why 12:44? · Dhuhr الظهر", "Source", "Calculated
{"ev": "screen", "depth": 1, "path": ["Why this time?"], "key": "b3b331cdb2", "pos": 0, "shot": "tablet-landscape-times-Celestial-night-2230__397__d1__p0.png", "labels": ["Why 4:17? · Asr العصر", "CALCULATED FROM", "Sour
{"ev": "screen", "depth": 1, "path": ["Why this time?"], "key": "69e6dd5546", "pos": 1, "shot": "tablet-landscape-times-Celestial-night-2230__398__d1__p1.png", "labels": ["Why 4:17? · Asr العصر", "Adhan library · Meeus a
{"ev": "screen", "depth": 1, "path": ["Why this time?"], "key": "1eb7faa623", "pos": 0, "shot": "tablet-landscape-times-Celestial-night-2230__399__d1__p0.png", "labels": ["Why 7:02? · Maghrib المغرب", "CALCULATED FROM", 
{"ev": "screen", "depth": 1, "path": ["Why this time?"], "key": "d81e33b663", "pos": 1, "shot": "tablet-landscape-times-Celestial-night-2230__400__d1__p1.png", "labels": ["Why 7:02? · Maghrib المغرب", "Source", "Calculat
{"ev": "screen", "depth": 1, "path": ["Why this time?"], "key": "5082421feb", "pos": 0, "shot": "tablet-landscape-times-Celestial-night-2230__401__d1__p0.png", "labels": ["Why 8:22? · Isha العشاء", "CALCULATED FROM", "So
{"ev": "screen", "depth": 1, "path": ["Why this time?"], "key": "406cda5f10", "pos": 1, "shot": "tablet-landscape-times-Celestial-night-2230__402__d1__p1.png", "labels": ["Why 8:22? · Isha العشاء", "Adhan library · Meeus
{"ev": "screen", "depth": 1, "path": ["Qibla ⁨277° W⁩"], "key": "35f4f1cb86", "pos": 0, "shot": "tablet-landscape-times-Celestial-night-2230__403__d1__p0.png", "labels": ["Back", "Qibla", "القبلة", "277°  W", "from true 
{"ev": "theme-set", "kw": "Gallery", "t": 4515.2}
{"ev": "set-time", "sc": "predawn-0430", "out": "Mon Oct  5 17:30:00 UTC 2026", "t": 4522.8}
{"ev": "screen", "depth": 0, "path": [], "key": "7f2c144078", "pos": 0, "shot": "tablet-landscape-times-Gallery-predawn-0430__404__d0__p0.png", "labels": ["Miqaat", "Location: ⁨Sydney, NSW⁩. Opens location settings", "Sy
{"ev": "screen", "depth": 1, "path": ["Why this time?"], "key": "16ff3f4be1", "pos": 0, "shot": "tablet-landscape-times-Gallery-predawn-0430__405__d1__p0.png", "labels": ["Why 5:01? · Fajr الفجر", "CALCULATED FROM", "Sou
{"ev": "screen", "depth": 1, "path": ["Why this time?"], "key": "7847cbb208", "pos": 1, "shot": "tablet-landscape-times-Gallery-predawn-0430__406__d1__p1.png", "labels": ["Why 5:01? · Fajr الفجر", "Source", "Calculated o
{"ev": "screen", "depth": 1, "path": ["Why this time?"], "key": "7336de8c88", "pos": 0, "shot": "tablet-landscape-times-Gallery-predawn-0430__407__d1__p0.png", "labels": ["Why 6:26? · Sunrise الشروق", "CALCULATED FROM", 
{"ev": "screen", "depth": 1, "path": ["Why this time?"], "key": "0dd348cc73", "pos": 0, "shot": "tablet-landscape-times-Gallery-predawn-0430__408__d1__p0.png", "labels": ["Why 12:44? · Dhuhr الظهر", "CALCULATED FROM", "S
{"ev": "screen", "depth": 1, "path": ["Why this time?"], "key": "03ec023472", "pos": 1, "shot": "tablet-landscape-times-Gallery-predawn-0430__409__d1__p1.png", "labels": ["Why 12:44? · Dhuhr الظهر", "Source", "Calculated
{"ev": "screen", "depth": 1, "path": ["Why this time?"], "key": "b3b331cdb2", "pos": 0, "shot": "tablet-landscape-times-Gallery-predawn-0430__410__d1__p0.png", "labels": ["Why 4:17? · Asr العصر", "CALCULATED FROM", "Sour
{"ev": "screen", "depth": 1, "path": ["Why this time?"], "key": "69e6dd5546", "pos": 1, "shot": "tablet-landscape-times-Gallery-predawn-0430__411__d1__p1.png", "labels": ["Why 4:17? · Asr العصر", "Adhan library · Meeus a
{"ev": "screen", "depth": 1, "path": ["Why this time?"], "key": "1eb7faa623", "pos": 0, "shot": "tablet-landscape-times-Gallery-predawn-0430__412__d1__p0.png", "labels": ["Why 7:01? · Maghrib المغرب", "CALCULATED FROM", 
{"ev": "screen", "depth": 1, "path": ["Why this time?"], "key": "d81e33b663", "pos": 1, "shot": "tablet-landscape-times-Gallery-predawn-0430__413__d1__p1.png", "labels": ["Why 7:01? · Maghrib المغرب", "Source", "Calculat
{"ev": "screen", "depth": 1, "path": ["Why this time?"], "key": "5082421feb", "pos": 0, "shot": "tablet-landscape-times-Gallery-predawn-0430__414__d1__p0.png", "labels": ["Why 8:21? · Isha العشاء", "CALCULATED FROM", "So
{"ev": "screen", "depth": 1, "path": ["Why this time?"], "key": "406cda5f10", "pos": 1, "shot": "tablet-landscape-times-Gallery-predawn-0430__415__d1__p1.png", "labels": ["Why 8:21? · Isha العشاء", "Adhan library · Meeus
{"ev": "no-change", "label": "Fajr", "shot": "tablet-landscape-times-Gallery-predawn-0430__416__same__Fajr.png", "path": [], "t": 4662.6}
{"ev": "screen", "depth": 1, "path": ["Fajr"], "key": "f44839bc93", "pos": 0, "shot": "tablet-landscape-times-Gallery-predawn-0430__417__d1__p0.png", "labels": ["Miqaat", "Location: ⁨Sydney, NSW⁩. Opens location settings
{"ev": "back-mismatch", "label": "Fajr", "path": [], "t": 4678.3}
{"ev": "no-change", "label": "Maghrib", "shot": "tablet-landscape-times-Gallery-predawn-0430__418__same__Maghrib.png", "path": [], "t": 4691.3}
{"ev": "screen", "depth": 1, "path": ["Qibla ⁨277° W⁩"], "key": "35f4f1cb86", "pos": 0, "shot": "tablet-landscape-times-Gallery-predawn-0430__419__d1__p0.png", "labels": ["Back", "Qibla", "القبلة", "277°  W", "from true 
{"ev": "set-time", "sc": "morning-0545", "out": "Mon Oct  5 18:45:00 UTC 2026", "t": 4714.0}
{"ev": "screen", "depth": 0, "path": [], "key": "99f3b1a1ba", "pos": 0, "shot": "tablet-landscape-times-Gallery-morning-0545__420__d0__p0.png", "labels": ["Miqaat", "Location: ⁨Sydney, NSW⁩. Opens location settings", "Sy
{"ev": "screen", "depth": 1, "path": ["Why this time?"], "key": "16ff3f4be1", "pos": 0, "shot": "tablet-landscape-times-Gallery-morning-0545__421__d1__p0.png", "labels": ["Why 5:01? · Fajr الفجر", "CALCULATED FROM", "Sou
{"ev": "screen", "depth": 1, "path": ["Why this time?"], "key": "7847cbb208", "pos": 1, "shot": "tablet-landscape-times-Gallery-morning-0545__422__d1__p1.png", "labels": ["Why 5:01? · Fajr الفجر", "Source", "Calculated o
{"ev": "screen", "depth": 1, "path": ["Why this time?"], "key": "7336de8c88", "pos": 0, "shot": "tablet-landscape-times-Gallery-morning-0545__423__d1__p0.png", "labels": ["Why 6:26? · Sunrise الشروق", "CALCULATED FROM", 
{"ev": "screen", "depth": 1, "path": ["Why this time?"], "key": "0dd348cc73", "pos": 0, "shot": "tablet-landscape-times-Gallery-morning-0545__424__d1__p0.png", "labels": ["Why 12:44? · Dhuhr الظهر", "CALCULATED FROM", "S
{"ev": "screen", "depth": 1, "path": ["Why this time?"], "key": "03ec023472", "pos": 1, "shot": "tablet-landscape-times-Gallery-morning-0545__425__d1__p1.png", "labels": ["Why 12:44? · Dhuhr الظهر", "Source", "Calculated
{"ev": "screen", "depth": 1, "path": ["Why this time?"], "key": "b3b331cdb2", "pos": 0, "shot": "tablet-landscape-times-Gallery-morning-0545__426__d1__p0.png", "labels": ["Why 4:17? · Asr العصر", "CALCULATED FROM", "Sour
{"ev": "screen", "depth": 1, "path": ["Why this time?"], "key": "69e6dd5546", "pos": 1, "shot": "tablet-landscape-times-Gallery-morning-0545__427__d1__p1.png", "labels": ["Why 4:17? · Asr العصر", "Adhan library · Meeus a
{"ev": "screen", "depth": 1, "path": ["Why this time?"], "key": "1eb7faa623", "pos": 0, "shot": "tablet-landscape-times-Gallery-morning-0545__428__d1__p0.png", "labels": ["Why 7:01? · Maghrib المغرب", "CALCULATED FROM", 
{"ev": "screen", "depth": 1, "path": ["Why this time?"], "key": "d81e33b663", "pos": 1, "shot": "tablet-landscape-times-Gallery-morning-0545__429__d1__p1.png", "labels": ["Why 7:01? · Maghrib المغرب", "Source", "Calculat
{"ev": "screen", "depth": 1, "path": ["Why this time?"], "key": "5082421feb", "pos": 0, "shot": "tablet-landscape-times-Gallery-morning-0545__430__d1__p0.png", "labels": ["Why 8:21? · Isha العشاء", "CALCULATED FROM", "So
{"ev": "screen", "depth": 1, "path": ["Why this time?"], "key": "406cda5f10", "pos": 1, "shot": "tablet-landscape-times-Gallery-morning-0545__431__d1__p1.png", "labels": ["Why 8:21? · Isha العشاء", "Adhan library · Meeus
{"ev": "back-mismatch", "label": "Why this time?", "path": [], "t": 4847.9}
{"ev": "screen", "depth": 1, "path": ["Fajr"], "key": "f72de10fb0", "pos": 0, "shot": "tablet-landscape-times-Gallery-morning-0545__432__d1__p0.png", "labels": ["Miqaat", "Location: ⁨Sydney, NSW⁩. Opens location settings
{"ev": "back-mismatch", "label": "Fajr", "path": [], "t": 4870.1}
{"ev": "tap-fail", "label": "Fajr", "t": 4877.9}
{"ev": "screen", "depth": 1, "path": ["Maghrib"], "key": "32340d893c", "pos": 0, "shot": "tablet-landscape-times-Gallery-morning-0545__433__d1__p0.png", "labels": ["Miqaat", "Location: ⁨Sydney, NSW⁩. Opens location setti
{"ev": "back-mismatch", "label": "Maghrib", "path": [], "t": 4893.6}
{"ev": "screen", "depth": 1, "path": ["Qibla ⁨277° W⁩"], "key": "35f4f1cb86", "pos": 0, "shot": "tablet-landscape-times-Gallery-morning-0545__434__d1__p0.png", "labels": ["Back", "Qibla", "القبلة", "277°  W", "from true 
{"ev": "back-mismatch", "label": "Qibla ⁨277° W⁩", "path": [], "t": 4921.6}
{"ev": "screen", "depth": 1, "path": ["Morning adhkār"], "key": "559eb149ac", "pos": 0, "shot": "tablet-landscape-times-Gallery-morning-0545__435__d1__p0.png", "labels": ["Back", "Morning adhkār", "أذكار الصباح", "0 of 1
{"ev": "back-mismatch", "label": "Morning adhkār", "path": [], "t": 4942.9}
{"ev": "set-time", "sc": "forenoon-0930", "out": "Mon Oct  5 22:30:00 UTC 2026", "t": 4951.7}
{"ev": "screen", "depth": 0, "path": [], "key": "311e00f38a", "pos": 0, "shot": "tablet-landscape-times-Gallery-forenoon-0930__436__d0__p0.png", "labels": ["Miqaat", "Location: ⁨Sydney, NSW⁩. Opens location settings", "S
{"ev": "screen", "depth": 1, "path": ["Why this time?"], "key": "16ff3f4be1", "pos": 0, "shot": "tablet-landscape-times-Gallery-forenoon-0930__437__d1__p0.png", "labels": ["Why 5:01? · Fajr الفجر", "CALCULATED FROM", "So
{"ev": "screen", "depth": 1, "path": ["Why this time?"], "key": "7847cbb208", "pos": 1, "shot": "tablet-landscape-times-Gallery-forenoon-0930__438__d1__p1.png", "labels": ["Why 5:01? · Fajr الفجر", "Source", "Calculated 
{"ev": "screen", "depth": 1, "path": ["Why this time?"], "key": "7336de8c88", "pos": 0, "shot": "tablet-landscape-times-Gallery-forenoon-0930__439__d1__p0.png", "labels": ["Why 6:26? · Sunrise الشروق", "CALCULATED FROM",
{"ev": "screen", "depth": 1, "path": ["Why this time?"], "key": "0dd348cc73", "pos": 0, "shot": "tablet-landscape-times-Gallery-forenoon-0930__440__d1__p0.png", "labels": ["Why 12:44? · Dhuhr الظهر", "CALCULATED FROM", "
{"ev": "screen", "depth": 1, "path": ["Why this time?"], "key": "03ec023472", "pos": 1, "shot": "tablet-landscape-times-Gallery-forenoon-0930__441__d1__p1.png", "labels": ["Why 12:44? · Dhuhr الظهر", "Source", "Calculate
{"ev": "screen", "depth": 1, "path": ["Why this time?"], "key": "b3b331cdb2", "pos": 0, "shot": "tablet-landscape-times-Gallery-forenoon-0930__442__d1__p0.png", "labels": ["Why 4:17? · Asr العصر", "CALCULATED FROM", "Sou
{"ev": "screen", "depth": 1, "path": ["Why this time?"], "key": "69e6dd5546", "pos": 1, "shot": "tablet-landscape-times-Gallery-forenoon-0930__443__d1__p1.png", "labels": ["Why 4:17? · Asr العصر", "Adhan library · Meeus 
{"ev": "screen", "depth": 1, "path": ["Why this time?"], "key": "1eb7faa623", "pos": 0, "shot": "tablet-landscape-times-Gallery-forenoon-0930__444__d1__p0.png", "labels": ["Why 7:01? · Maghrib المغرب", "CALCULATED FROM",
{"ev": "screen", "depth": 1, "path": ["Why this time?"], "key": "d81e33b663", "pos": 1, "shot": "tablet-landscape-times-Gallery-forenoon-0930__445__d1__p1.png", "labels": ["Why 7:01? · Maghrib المغرب", "Source", "Calcula
{"ev": "screen", "depth": 1, "path": ["Why this time?"], "key": "5082421feb", "pos": 0, "shot": "tablet-landscape-times-Gallery-forenoon-0930__446__d1__p0.png", "labels": ["Why 8:21? · Isha العشاء", "CALCULATED FROM", "S
{"ev": "screen", "depth": 1, "path": ["Why this time?"], "key": "406cda5f10", "pos": 1, "shot": "tablet-landscape-times-Gallery-forenoon-0930__447__d1__p1.png", "labels": ["Why 8:21? · Isha العشاء", "Adhan library · Meeu
{"ev": "screen", "depth": 1, "path": ["Fajr"], "key": "47db128f2d", "pos": 0, "shot": "tablet-landscape-times-Gallery-forenoon-0930__448__d1__p0.png", "labels": ["Miqaat", "Location: ⁨Sydney, NSW⁩. Opens location setting
{"ev": "back-mismatch", "label": "Fajr", "path": [], "t": 5101.8}
{"ev": "no-change", "label": "Maghrib", "shot": "tablet-landscape-times-Gallery-forenoon-0930__449__same__Maghrib.png", "path": [], "t": 5114.9}
{"ev": "screen", "depth": 1, "path": ["Qibla ⁨277° W⁩"], "key": "35f4f1cb86", "pos": 0, "shot": "tablet-landscape-times-Gallery-forenoon-0930__450__d1__p0.png", "labels": ["Back", "Qibla", "القبلة", "277°  W", "from true
{"ev": "screen", "depth": 1, "path": ["Morning adhkār"], "key": "559eb149ac", "pos": 0, "shot": "tablet-landscape-times-Gallery-forenoon-0930__451__d1__p0.png", "labels": ["Back", "Morning adhkār", "أذكار الصباح", "0 of 
{"ev": "set-time", "sc": "friday-1250", "out": "Fri Oct  9 01:50:00 UTC 2026", "t": 5151.4}
{"ev": "screen", "depth": 0, "path": [], "key": "ac7d179ef4", "pos": 0, "shot": "tablet-landscape-times-Gallery-friday-1250__452__d0__p0.png", "labels": ["Miqaat", "Location: ⁨Sydney, NSW⁩. Opens location settings", "Syd
{"ev": "screen", "depth": 1, "path": ["Why this time?"], "key": "16ff3f4be1", "pos": 0, "shot": "tablet-landscape-times-Gallery-friday-1250__453__d1__p0.png", "labels": ["Why 4:57? · Fajr الفجر", "CALCULATED FROM", "Sour
{"ev": "screen", "depth": 1, "path": ["Why this time?"], "key": "7847cbb208", "pos": 1, "shot": "tablet-landscape-times-Gallery-friday-1250__454__d1__p1.png", "labels": ["Why 4:57? · Fajr الفجر", "Source", "Calculated on
{"ev": "screen", "depth": 1, "path": ["Why this time?"], "key": "7336de8c88", "pos": 0, "shot": "tablet-landscape-times-Gallery-friday-1250__455__d1__p0.png", "labels": ["Why 6:22? · Sunrise الشروق", "CALCULATED FROM", "
{"ev": "screen", "depth": 1, "path": ["Why this time?"], "key": "0dd348cc73", "pos": 0, "shot": "tablet-landscape-times-Gallery-friday-1250__456__d1__p0.png", "labels": ["Why 12:44? · Dhuhr الظهر", "CALCULATED FROM", "So
{"ev": "screen", "depth": 1, "path": ["Why this time?"], "key": "03ec023472", "pos": 1, "shot": "tablet-landscape-times-Gallery-friday-1250__457__d1__p1.png", "labels": ["Why 12:44? · Dhuhr الظهر", "Source", "Calculated 
{"ev": "screen", "depth": 1, "path": ["Why this time?"], "key": "b3b331cdb2", "pos": 0, "shot": "tablet-landscape-times-Gallery-friday-1250__458__d1__p0.png", "labels": ["Why 4:18? · Asr العصر", "CALCULATED FROM", "Sourc
{"ev": "screen", "depth": 1, "path": ["Why this time?"], "key": "69e6dd5546", "pos": 1, "shot": "tablet-landscape-times-Gallery-friday-1250__459__d1__p1.png", "labels": ["Why 4:18? · Asr العصر", "Adhan library · Meeus as
{"ev": "screen", "depth": 1, "path": ["Why this time?"], "key": "1eb7faa623", "pos": 0, "shot": "tablet-landscape-times-Gallery-friday-1250__460__d1__p0.png", "labels": ["Why 7:04? · Maghrib المغرب", "CALCULATED FROM", "
{"ev": "screen", "depth": 1, "path": ["Why this time?"], "key": "d81e33b663", "pos": 1, "shot": "tablet-landscape-times-Gallery-friday-1250__461__d1__p1.png", "labels": ["Why 7:04? · Maghrib المغرب", "Source", "Calculate
{"ev": "screen", "depth": 1, "path": ["Why this time?"], "key": "92467bdfaa", "pos": 0, "shot": "tablet-landscape-times-Gallery-friday-1250__462__d1__p0.png", "labels": ["Why 8:24? · Isha العشاء", "CALCULATED FROM", "Sou
{"ev": "screen", "depth": 1, "path": ["Why this time?"], "key": "3a032c7b33", "pos": 1, "shot": "tablet-landscape-times-Gallery-friday-1250__463__d1__p1.png", "labels": ["Why 8:24? · Isha العشاء", "Adhan library · Meeus 
{"ev": "no-change", "label": "Friday 9 October 2026", "shot": "tablet-landscape-times-Gallery-friday-1250__464__same__Friday_9_October_2026.png", "path": [], "t": 5292.9}
{"ev": "screen", "depth": 1, "path": ["Fajr"], "key": "ec0a42ebad", "pos": 0, "shot": "tablet-landscape-times-Gallery-friday-1250__465__d1__p0.png", "labels": ["Miqaat", "Location: ⁨Sydney, NSW⁩. Opens location settings"
{"ev": "back-mismatch", "label": "Fajr", "path": [], "t": 5308.6}
{"ev": "no-change", "label": "Maghrib", "shot": "tablet-landscape-times-Gallery-friday-1250__466__same__Maghrib.png", "path": [], "t": 5321.7}
{"ev": "screen", "depth": 1, "path": ["Qibla ⁨277° W⁩"], "key": "35f4f1cb86", "pos": 0, "shot": "tablet-landscape-times-Gallery-friday-1250__467__d1__p0.png", "labels": ["Back", "Qibla", "القبلة", "277°  W", "from true n
{"ev": "screen", "depth": 1, "path": ["Jumuʿah · al-Kahf · ṣalawāt"], "key": "57830d3e4b", "pos": 0, "shot": "tablet-landscape-times-Gallery-friday-1250__468__d1__p0.png", "labels": ["Back", "Jumuʿah", "يوم الجمعة  ·  9 
{"ev": "screen", "depth": 1, "path": ["Jumuʿah · al-Kahf · ṣalawāt"], "key": "116fbee060", "pos": 1, "shot": "tablet-landscape-times-Gallery-friday-1250__469__d1__p1.png", "labels": ["يوم الجمعة  ·  9 October", "\"The be
{"ev": "set-time", "sc": "afternoon-1630", "out": "Wed Oct  7 05:30:00 UTC 2026", "t": 5365.1}
{"ev": "screen", "depth": 0, "path": [], "key": "01d1f9403d", "pos": 0, "shot": "tablet-landscape-times-Gallery-afternoon-1630__470__d0__p0.png", "labels": ["Miqaat", "Location: ⁨Sydney, NSW⁩. Opens location settings", "
{"ev": "screen", "depth": 1, "path": ["Why this time?"], "key": "16ff3f4be1", "pos": 0, "shot": "tablet-landscape-times-Gallery-afternoon-1630__471__d1__p0.png", "labels": ["Why 5:00? · Fajr الفجر", "CALCULATED FROM", "S
{"ev": "screen", "depth": 1, "path": ["Why this time?"], "key": "7847cbb208", "pos": 1, "shot": "tablet-landscape-times-Gallery-afternoon-1630__472__d1__p1.png", "labels": ["Why 5:00? · Fajr الفجر", "Source", "Calculated
{"ev": "screen", "depth": 1, "path": ["Why this time?"], "key": "7336de8c88", "pos": 0, "shot": "tablet-landscape-times-Gallery-afternoon-1630__473__d1__p0.png", "labels": ["Why 6:25? · Sunrise الشروق", "CALCULATED FROM"
{"ev": "screen", "depth": 1, "path": ["Why this time?"], "key": "0dd348cc73", "pos": 0, "shot": "tablet-landscape-times-Gallery-afternoon-1630__474__d1__p0.png", "labels": ["Why 12:44? · Dhuhr الظهر", "CALCULATED FROM", 
{"ev": "screen", "depth": 1, "path": ["Why this time?"], "key": "03ec023472", "pos": 1, "shot": "tablet-landscape-times-Gallery-afternoon-1630__475__d1__p1.png", "labels": ["Why 12:44? · Dhuhr الظهر", "Source", "Calculat
{"ev": "screen", "depth": 1, "path": ["Why this time?"], "key": "b3b331cdb2", "pos": 0, "shot": "tablet-landscape-times-Gallery-afternoon-1630__476__d1__p0.png", "labels": ["Why 4:17? · Asr العصر", "CALCULATED FROM", "So
{"ev": "screen", "depth": 1, "path": ["Why this time?"], "key": "69e6dd5546", "pos": 1, "shot": "tablet-landscape-times-Gallery-afternoon-1630__477__d1__p1.png", "labels": ["Why 4:17? · Asr العصر", "Adhan library · Meeus
{"ev": "screen", "depth": 1, "path": ["Why this time?"], "key": "1eb7faa623", "pos": 0, "shot": "tablet-landscape-times-Gallery-afternoon-1630__478__d1__p0.png", "labels": ["Why 7:02? · Maghrib المغرب", "CALCULATED FROM"
{"ev": "screen", "depth": 1, "path": ["Why this time?"], "key": "d81e33b663", "pos": 1, "shot": "tablet-landscape-times-Gallery-afternoon-1630__479__d1__p1.png", "labels": ["Why 7:02? · Maghrib المغرب", "Source", "Calcul
{"ev": "screen", "depth": 1, "path": ["Why this time?"], "key": "5082421feb", "pos": 0, "shot": "tablet-landscape-times-Gallery-afternoon-1630__480__d1__p0.png", "labels": ["Why 8:22? · Isha العشاء", "CALCULATED FROM", "
{"ev": "screen", "depth": 1, "path": ["Why this time?"], "key": "406cda5f10", "pos": 1, "shot": "tablet-landscape-times-Gallery-afternoon-1630__481__d1__p1.png", "labels": ["Why 8:22? · Isha العشاء", "Adhan library · Mee
{"ev": "screen", "depth": 1, "path": ["Fajr"], "key": "964d3255c9", "pos": 0, "shot": "tablet-landscape-times-Gallery-afternoon-1630__482__d1__p0.png", "labels": ["Miqaat", "Location: ⁨Sydney, NSW⁩. Opens location settin
{"ev": "back-mismatch", "label": "Fajr", "path": [], "t": 5515.0}
{"ev": "no-change", "label": "Maghrib", "shot": "tablet-landscape-times-Gallery-afternoon-1630__483__same__Maghrib.png", "path": [], "t": 5528.2}
{"ev": "screen", "depth": 1, "path": ["Qibla ⁨277° W⁩"], "key": "35f4f1cb86", "pos": 0, "shot": "tablet-landscape-times-Gallery-afternoon-1630__484__d1__p0.png", "labels": ["Back", "Qibla", "القبلة", "277°  W", "from tru
{"ev": "screen", "depth": 1, "path": ["Evening adhkār"], "key": "da917ac395", "pos": 0, "shot": "tablet-landscape-times-Gallery-afternoon-1630__485__d1__p0.png", "labels": ["Back", "Evening adhkār", "أذكار المساء", "0 of
{"ev": "set-time", "sc": "maghrib-1915", "out": "Wed Oct  7 08:15:00 UTC 2026", "t": 5568.2}
{"ev": "screen", "depth": 0, "path": [], "key": "a2254d4dd1", "pos": 0, "shot": "tablet-landscape-times-Gallery-maghrib-1915__486__d0__p0.png", "labels": ["Miqaat", "Location: ⁨Sydney, NSW⁩. Opens location settings", "Sy
{"ev": "screen", "depth": 1, "path": ["Why this time?"], "key": "16ff3f4be1", "pos": 0, "shot": "tablet-landscape-times-Gallery-maghrib-1915__487__d1__p0.png", "labels": ["Why 5:00? · Fajr الفجر", "CALCULATED FROM", "Sou
{"ev": "screen", "depth": 1, "path": ["Why this time?"], "key": "7847cbb208", "pos": 1, "shot": "tablet-landscape-times-Gallery-maghrib-1915__488__d1__p1.png", "labels": ["Why 5:00? · Fajr الفجر", "Source", "Calculated o
{"ev": "screen", "depth": 1, "path": ["Why this time?"], "key": "7336de8c88", "pos": 0, "shot": "tablet-landscape-times-Gallery-maghrib-1915__489__d1__p0.png", "labels": ["Why 6:25? · Sunrise الشروق", "CALCULATED FROM", 
{"ev": "screen", "depth": 1, "path": ["Why this time?"], "key": "0dd348cc73", "pos": 0, "shot": "tablet-landscape-times-Gallery-maghrib-1915__490__d1__p0.png", "labels": ["Why 12:44? · Dhuhr الظهر", "CALCULATED FROM", "S
{"ev": "screen", "depth": 1, "path": ["Why this time?"], "key": "03ec023472", "pos": 1, "shot": "tablet-landscape-times-Gallery-maghrib-1915__491__d1__p1.png", "labels": ["Why 12:44? · Dhuhr الظهر", "Source", "Calculated
{"ev": "screen", "depth": 1, "path": ["Why this time?"], "key": "b3b331cdb2", "pos": 0, "shot": "tablet-landscape-times-Gallery-maghrib-1915__492__d1__p0.png", "labels": ["Why 4:17? · Asr العصر", "CALCULATED FROM", "Sour
{"ev": "screen", "depth": 1, "path": ["Why this time?"], "key": "69e6dd5546", "pos": 1, "shot": "tablet-landscape-times-Gallery-maghrib-1915__493__d1__p1.png", "labels": ["Why 4:17? · Asr العصر", "Adhan library · Meeus a
{"ev": "screen", "depth": 1, "path": ["Why this time?"], "key": "1eb7faa623", "pos": 0, "shot": "tablet-landscape-times-Gallery-maghrib-1915__494__d1__p0.png", "labels": ["Why 7:02? · Maghrib المغرب", "CALCULATED FROM", 
{"ev": "screen", "depth": 1, "path": ["Why this time?"], "key": "d81e33b663", "pos": 1, "shot": "tablet-landscape-times-Gallery-maghrib-1915__495__d1__p1.png", "labels": ["Why 7:02? · Maghrib المغرب", "Source", "Calculat
{"ev": "screen", "depth": 1, "path": ["Why this time?"], "key": "5082421feb", "pos": 0, "shot": "tablet-landscape-times-Gallery-maghrib-1915__496__d1__p0.png", "labels": ["Why 8:22? · Isha العشاء", "CALCULATED FROM", "So
{"ev": "screen", "depth": 1, "path": ["Why this time?"], "key": "406cda5f10", "pos": 1, "shot": "tablet-landscape-times-Gallery-maghrib-1915__497__d1__p1.png", "labels": ["Why 8:22? · Isha العشاء", "Adhan library · Meeus
{"ev": "no-change", "label": "Maghrib", "shot": "tablet-landscape-times-Gallery-maghrib-1915__498__same__Maghrib.png", "path": [], "t": 5709.3}
{"ev": "screen", "depth": 1, "path": ["Fajr"], "key": "55b94dcc21", "pos": 0, "shot": "tablet-landscape-times-Gallery-maghrib-1915__499__d1__p0.png", "labels": ["Miqaat", "Location: ⁨Sydney, NSW⁩. Opens location settings
{"ev": "back-mismatch", "label": "Fajr", "path": [], "t": 5724.9}
{"ev": "screen", "depth": 1, "path": ["Maghrib"], "key": "e90a7fdbe3", "pos": 0, "shot": "tablet-landscape-times-Gallery-maghrib-1915__500__d1__p0.png", "labels": ["Miqaat", "Location: ⁨Sydney, NSW⁩. Opens location setti
{"ev": "back-mismatch", "label": "Maghrib", "path": [], "t": 5746.4}
{"ev": "screen", "depth": 1, "path": ["Qibla ⁨277° W⁩"], "key": "35f4f1cb86", "pos": 0, "shot": "tablet-landscape-times-Gallery-maghrib-1915__501__d1__p0.png", "labels": ["Back", "Qibla", "القبلة", "277°  W", "from true 
{"ev": "back-mismatch", "label": "Qibla ⁨277° W⁩", "path": [], "t": 5773.1}
{"ev": "screen", "depth": 1, "path": ["Evening adhkār"], "key": "da917ac395", "pos": 0, "shot": "tablet-landscape-times-Gallery-maghrib-1915__502__d1__p0.png", "labels": ["Back", "Evening adhkār", "أذكار المساء", "0 of 1
{"ev": "set-time", "sc": "night-2230", "out": "Wed Oct  7 11:30:00 UTC 2026", "t": 5796.2}
{"ev": "screen", "depth": 0, "path": [], "key": "8c327b3322", "pos": 0, "shot": "tablet-landscape-times-Gallery-night-2230__503__d0__p0.png", "labels": ["Miqaat", "Location: ⁨Sydney, NSW⁩. Opens location settings", "Sydn
{"ev": "screen", "depth": 1, "path": ["Why this time?"], "key": "16ff3f4be1", "pos": 0, "shot": "tablet-landscape-times-Gallery-night-2230__504__d1__p0.png", "labels": ["Why 5:00? · Fajr الفجر", "CALCULATED FROM", "Sourc
{"ev": "screen", "depth": 1, "path": ["Why this time?"], "key": "7847cbb208", "pos": 1, "shot": "tablet-landscape-times-Gallery-night-2230__505__d1__p1.png", "labels": ["Why 5:00? · Fajr الفجر", "Source", "Calculated on 
{"ev": "screen", "depth": 1, "path": ["Why this time?"], "key": "7336de8c88", "pos": 0, "shot": "tablet-landscape-times-Gallery-night-2230__506__d1__p0.png", "labels": ["Why 6:25? · Sunrise الشروق", "CALCULATED FROM", "S
{"ev": "screen", "depth": 1, "path": ["Why this time?"], "key": "0dd348cc73", "pos": 0, "shot": "tablet-landscape-times-Gallery-night-2230__507__d1__p0.png", "labels": ["Why 12:44? · Dhuhr الظهر", "CALCULATED FROM", "Sou
{"ev": "screen", "depth": 1, "path": ["Why this time?"], "key": "03ec023472", "pos": 1, "shot": "tablet-landscape-times-Gallery-night-2230__508__d1__p1.png", "labels": ["Why 12:44? · Dhuhr الظهر", "Source", "Calculated o
{"ev": "screen", "depth": 1, "path": ["Why this time?"], "key": "b3b331cdb2", "pos": 0, "shot": "tablet-landscape-times-Gallery-night-2230__509__d1__p0.png", "labels": ["Why 4:17? · Asr العصر", "CALCULATED FROM", "Source
{"ev": "screen", "depth": 1, "path": ["Why this time?"], "key": "69e6dd5546", "pos": 1, "shot": "tablet-landscape-times-Gallery-night-2230__510__d1__p1.png", "labels": ["Why 4:17? · Asr العصر", "Adhan library · Meeus ast
{"ev": "screen", "depth": 1, "path": ["Why this time?"], "key": "1eb7faa623", "pos": 0, "shot": "tablet-landscape-times-Gallery-night-2230__511__d1__p0.png", "labels": ["Why 7:02? · Maghrib المغرب", "CALCULATED FROM", "S
{"ev": "screen", "depth": 1, "path": ["Why this time?"], "key": "d81e33b663", "pos": 1, "shot": "tablet-landscape-times-Gallery-night-2230__512__d1__p1.png", "labels": ["Why 7:02? · Maghrib المغرب", "Source", "Calculated
{"ev": "screen", "depth": 1, "path": ["Why this time?"], "key": "5082421feb", "pos": 0, "shot": "tablet-landscape-times-Gallery-night-2230__513__d1__p0.png", "labels": ["Why 8:22? · Isha العشاء", "CALCULATED FROM", "Sour
{"ev": "screen", "depth": 1, "path": ["Why this time?"], "key": "406cda5f10", "pos": 1, "shot": "tablet-landscape-times-Gallery-night-2230__514__d1__p1.png", "labels": ["Why 8:22? · Isha العشاء", "Adhan library · Meeus a
{"ev": "no-change", "label": "Fajr", "shot": "tablet-landscape-times-Gallery-night-2230__515__same__Fajr.png", "path": [], "t": 5936.3}
{"ev": "screen", "depth": 1, "path": ["Fajr"], "key": "e559578f17", "pos": 0, "shot": "tablet-landscape-times-Gallery-night-2230__516__d1__p0.png", "labels": ["Miqaat", "Location: ⁨Sydney, NSW⁩. Opens location settings",
{"ev": "back-mismatch", "label": "Fajr", "path": [], "t": 5952.0}
{"ev": "no-change", "label": "Maghrib", "shot": "tablet-landscape-times-Gallery-night-2230__517__same__Maghrib.png", "path": [], "t": 5965.1}
{"ev": "screen", "depth": 1, "path": ["Qibla ⁨277° W⁩"], "key": "35f4f1cb86", "pos": 0, "shot": "tablet-landscape-times-Gallery-night-2230__518__d1__p0.png", "labels": ["Back", "Qibla", "القبلة", "277°  W", "from true no
{"ev": "crash-buffer", "bytes": 0, "head": "", "t": 5991.0}
{"ev": "gfx", "lines": ["Total frames rendered: 142", "Janky frames: 142 (100.00%)", "Janky frames (legacy): 142 (100.00%)", "50th percentile: 250ms", "90th percentile: 300ms", "95th percentile: 350ms", "99th percentile:
{"ev": "mem", "lines": ["  Native Heap    38359    38264        0        0    41532    39556    32926     2429", "        TOTAL    58362    47172     3284        0   177952    51180    38738     8241", "           Java H
